solid OpenSCAD_Model
  facet normal -0.07576827408347114 -0.06218141555799787 0.995184726672197
    outer loop
      vertex 27.70206803135182 13.613890560093761 0.01912219546999383
      vertex 27.53985635694109 13.505504184431391 0
      vertex 27.975126265847084 12.975126265847083 0
    endloop
  endfacet
  facet normal -0.08644340032725437 -0.046204960104370155 0.9951847266721972
    outer loop
      vertex 27.39666159171223 14.185265820772528 0.01912219546999383
      vertex 27.53985635694109 13.505504184431391 0
      vertex 27.70206803135182 13.613890560093761 0.01912219546999383
    endloop
  endfacet
  facet normal -0.0864434003272553 -0.04620496010437035 0.995184726672197
    outer loop
      vertex 27.39666159171223 14.185265820772528 0.01912219546999383
      vertex 27.216421636210494 14.110607986722185 0
      vertex 27.53985635694109 13.505504184431391 0
    endloop
  endfacet
  facet normal -0.2560082295852067 -0.13683924960834104 0.9569403357322097
    outer loop
      vertex 27.39666159171223 14.185265820772528 0.01912219546999383
      vertex 27.70206803135182 13.613890560093761 0.01912219546999383
      vertex 27.56997502680377 14.257054596128912 0.07575392663191494
    endloop
  endfacet
  facet normal -0.09379655517447984 -0.02845287394597167 0.995184726672197
    outer loop
      vertex 27.39666159171223 14.185265820772528 0.01912219546999383
      vertex 27.208593234771236 14.805244106687907 0.01912219546999383
      vertex 27.216421636210494 14.110607986722185 0
    endloop
  endfacet
  facet normal -0.09379655517448113 -0.028452873945971673 0.9951847266721967
    outer loop
      vertex 27.208593234771236 14.805244106687907 0.01912219546999383
      vertex 27.017251518588694 14.76718387294355 0
      vertex 27.216421636210494 14.110607986722185 0
    endloop
  endfacet
  facet normal -0.09754516100806462 -0.009607359798384592 0.995184726672197
    outer loop
      vertex 27.208593234771236 14.805244106687907 0.01912219546999383
      vertex 27.145090322016127 15.45 0.01912219546999383
      vertex 27.017251518588694 14.76718387294355 0
    endloop
  endfacet
  facet normal -0.2777851165097988 -0.08426519384872698 0.9569403357322096
    outer loop
      vertex 27.39666159171223 14.185265820772528 0.01912219546999383
      vertex 27.39258179610656 14.841841706993893 0.07575392663191494
      vertex 27.208593234771236 14.805244106687907 0.01912219546999383
    endloop
  endfacet
  facet normal -0.09754516100806337 -0.009607359798384826 0.995184726672197
    outer loop
      vertex 27.145090322016127 15.45 0.01912219546999383
      vertex 26.95 15.45 0
      vertex 27.017251518588694 14.76718387294355 0
    endloop
  endfacet
  facet normal -0.2888868771906071 -0.028452873945970975 0.9569403357322094
    outer loop
      vertex 27.208593234771236 14.805244106687907 0.01912219546999383
      vertex 27.33268343236509 15.45 0.07575392663191494
      vertex 27.145090322016127 15.45 0.01912219546999383
    endloop
  endfacet
  facet normal -0.09754516100806337 0.009607359798384495 0.995184726672197
    outer loop
      vertex 27.145090322016127 15.45 0.01912219546999383
      vertex 27.208593234771236 16.09475589331209 0.01912219546999383
      vertex 26.95 15.45 0
    endloop
  endfacet
  facet normal -0.09754516100806455 0.009607359798384969 0.9951847266721969
    outer loop
      vertex 27.208593234771236 16.09475589331209 0.01912219546999383
      vertex 27.017251518588694 16.132816127056447 0
      vertex 26.95 15.45 0
    endloop
  endfacet
  facet normal -0.2888868771906071 0.028452873945971048 0.9569403357322094
    outer loop
      vertex 27.145090322016127 15.45 0.01912219546999383
      vertex 27.39258179610656 16.058158293006105 0.07575392663191494
      vertex 27.208593234771236 16.09475589331209 0.01912219546999383
    endloop
  endfacet
  facet normal -0.0937965551744811 0.028452873945971967 0.995184726672197
    outer loop
      vertex 27.208593234771236 16.09475589331209 0.01912219546999383
      vertex 27.39666159171223 16.71473417922747 0.01912219546999383
      vertex 27.017251518588694 16.132816127056447 0
    endloop
  endfacet
  facet normal -0.09379655517448023 0.028452873945971402 0.995184726672197
    outer loop
      vertex 27.39666159171223 16.71473417922747 0.01912219546999383
      vertex 27.216421636210494 16.789392013277812 0
      vertex 27.017251518588694 16.132816127056447 0
    endloop
  endfacet
  facet normal -0.27778511650979865 0.08426519384872667 0.9569403357322097
    outer loop
      vertex 27.208593234771236 16.09475589331209 0.01912219546999383
      vertex 27.56997502680377 16.64294540387109 0.07575392663191494
      vertex 27.39666159171223 16.71473417922747 0.01912219546999383
    endloop
  endfacet
  facet normal -0.08644340032725556 0.04620496010437079 0.9951847266721968
    outer loop
      vertex 27.39666159171223 16.71473417922747 0.01912219546999383
      vertex 27.70206803135182 17.286109439906237 0.01912219546999383
      vertex 27.216421636210494 16.789392013277812 0
    endloop
  endfacet
  facet normal -0.2560082295852096 0.13683924960834257 0.9569403357322087
    outer loop
      vertex 27.39666159171223 16.71473417922747 0.01912219546999383
      vertex 27.8580460020843 17.181888291876792 0.07575392663191494
      vertex 27.70206803135182 17.286109439906237 0.01912219546999383
    endloop
  endfacet
  facet normal -0.08644340032725457 0.04620496010436982 0.995184726672197
    outer loop
      vertex 27.70206803135182 17.286109439906237 0.01912219546999383
      vertex 27.53985635694109 17.394495815568607 0
      vertex 27.216421636210494 16.789392013277812 0
    endloop
  endfacet
  facet normal -0.07576827408347135 0.06218141555799753 0.995184726672197
    outer loop
      vertex 27.70206803135182 17.286109439906237 0.01912219546999383
      vertex 28.113075955488554 17.786924044511444 0.01912219546999383
      vertex 27.53985635694109 17.394495815568607 0
    endloop
  endfacet
  facet normal -0.04620496010437001 -0.08644340032725539 0.995184726672197
    outer loop
      vertex 28.61389056009376 12.70206803135182 0.01912219546999383
      vertex 28.50550418443139 12.53985635694109 0
      vertex 29.110607986722187 12.216421636210496 0
    endloop
  endfacet
  facet normal -0.046204960104370356 -0.08644340032725575 0.995184726672197
    outer loop
      vertex 28.61389056009376 12.70206803135182 0.01912219546999383
      vertex 29.110607986722187 12.216421636210496 0
      vertex 29.18526582077253 12.396661591712233 0.01912219546999383
    endloop
  endfacet
  facet normal -0.13683924960834035 -0.25600822958520836 0.9569403357322094
    outer loop
      vertex 28.61389056009376 12.70206803135182 0.01912219546999383
      vertex 29.18526582077253 12.396661591712233 0.01912219546999383
      vertex 28.718111708123207 12.8580460020843 0.07575392663191494
    endloop
  endfacet
  facet normal -0.028452873945971627 -0.09379655517448013 0.995184726672197
    outer loop
      vertex 29.18526582077253 12.396661591712233 0.01912219546999383
      vertex 29.110607986722187 12.216421636210496 0
      vertex 29.76718387294355 12.017251518588694 0
    endloop
  endfacet
  facet normal -0.08426519384872809 -0.27778511650980325 0.9569403357322083
    outer loop
      vertex 29.18526582077253 12.396661591712233 0.01912219546999383
      vertex 29.80524410668791 12.208593234771238 0.01912219546999383
      vertex 29.25705459612891 12.56997502680377 0.07575392663191494
    endloop
  endfacet
  facet normal -0.028452873945971718 -0.09379655517448028 0.995184726672197
    outer loop
      vertex 29.18526582077253 12.396661591712233 0.01912219546999383
      vertex 29.76718387294355 12.017251518588694 0
      vertex 29.80524410668791 12.208593234771238 0.01912219546999383
    endloop
  endfacet
  facet normal -0.009607359798384878 -0.09754516100806367 0.995184726672197
    outer loop
      vertex 29.80524410668791 12.208593234771238 0.01912219546999383
      vertex 29.76718387294355 12.017251518588694 0
      vertex 30.45 11.95 0
    endloop
  endfacet
  facet normal -0.028452873945972075 -0.28888687719060946 0.9569403357322086
    outer loop
      vertex 29.80524410668791 12.208593234771238 0.01912219546999383
      vertex 30.45 12.145090322016127 0.01912219546999383
      vertex 29.841841706993893 12.392581796106558 0.07575392663191494
    endloop
  endfacet
  facet normal -0.009607359798384764 -0.09754516100806337 0.995184726672197
    outer loop
      vertex 29.80524410668791 12.208593234771238 0.01912219546999383
      vertex 30.45 11.95 0
      vertex 30.45 12.145090322016127 0.01912219546999383
    endloop
  endfacet
  facet normal 0.009607359798384852 -0.09754516100806337 0.995184726672197
    outer loop
      vertex 30.45 12.145090322016127 0.01912219546999383
      vertex 30.45 11.95 0
      vertex 31.132816127056447 12.017251518588694 0
    endloop
  endfacet
  facet normal 0.028452873945972096 -0.2888868771906096 0.9569403357322086
    outer loop
      vertex 30.45 12.145090322016127 0.01912219546999383
      vertex 31.09475589331209 12.208593234771238 0.01912219546999383
      vertex 30.45 12.332683432365089 0.07575392663191494
    endloop
  endfacet
  facet normal 0.009607359798384795 -0.0975451610080637 0.995184726672197
    outer loop
      vertex 30.45 12.145090322016127 0.01912219546999383
      vertex 31.132816127056447 12.017251518588694 0
      vertex 31.09475589331209 12.208593234771238 0.01912219546999383
    endloop
  endfacet
  facet normal 0.08426519384872766 -0.27778511650980187 0.9569403357322086
    outer loop
      vertex 31.09475589331209 12.208593234771238 0.01912219546999383
      vertex 31.71473417922747 12.396661591712233 0.01912219546999383
      vertex 31.058158293006105 12.392581796106558 0.07575392663191494
    endloop
  endfacet
  facet normal 0.02845287394597167 -0.09379655517448027 0.995184726672197
    outer loop
      vertex 31.09475589331209 12.208593234771238 0.01912219546999383
      vertex 31.132816127056447 12.017251518588694 0
      vertex 31.789392013277812 12.216421636210496 0
    endloop
  endfacet
  facet normal 0.028452873945971676 -0.09379655517448013 0.995184726672197
    outer loop
      vertex 31.09475589331209 12.208593234771238 0.01912219546999383
      vertex 31.789392013277812 12.216421636210496 0
      vertex 31.71473417922747 12.396661591712233 0.01912219546999383
    endloop
  endfacet
  facet normal 0.13683924960834307 -0.2560082295852119 0.9569403357322079
    outer loop
      vertex 31.71473417922747 12.396661591712233 0.01912219546999383
      vertex 32.286109439906234 12.70206803135182 0.01912219546999383
      vertex 31.64294540387109 12.56997502680377 0.07575392663191494
    endloop
  endfacet
  facet normal 0.04620496010437044 -0.0864434003272557 0.9951847266721968
    outer loop
      vertex 31.71473417922747 12.396661591712233 0.01912219546999383
      vertex 31.789392013277812 12.216421636210496 0
      vertex 32.394495815568604 12.53985635694109 0
    endloop
  endfacet
  facet normal 0.046204960104370335 -0.08644340032725518 0.995184726672197
    outer loop
      vertex 31.71473417922747 12.396661591712233 0.01912219546999383
      vertex 32.394495815568604 12.53985635694109 0
      vertex 32.286109439906234 12.70206803135182 0.01912219546999383
    endloop
  endfacet
  facet normal -0.062181415557998145 -0.07576827408347178 0.995184726672197
    outer loop
      vertex 28.61389056009376 12.70206803135182 0.01912219546999383
      vertex 28.113075955488554 13.113075955488554 0.01912219546999383
      vertex 28.50550418443139 12.53985635694109 0
    endloop
  endfacet
  facet normal -0.06218141555799861 -0.0757682740834721 0.995184726672197
    outer loop
      vertex 28.113075955488554 13.113075955488554 0.01912219546999383
      vertex 27.975126265847084 12.975126265847083 0
      vertex 28.50550418443139 12.53985635694109 0
    endloop
  endfacet
  facet normal -0.07576827408347246 -0.06218141555799844 0.995184726672197
    outer loop
      vertex 28.113075955488554 13.113075955488554 0.01912219546999383
      vertex 27.70206803135182 13.613890560093761 0.01912219546999383
      vertex 27.975126265847084 12.975126265847083 0
    endloop
  endfacet
  facet normal -0.18415464974584236 -0.22439308996872784 0.9569403357322088
    outer loop
      vertex 28.61389056009376 12.70206803135182 0.01912219546999383
      vertex 28.24572431592018 13.245724315920182 0.07575392663191494
      vertex 28.113075955488554 13.113075955488554 0.01912219546999383
    endloop
  endfacet
  facet normal -0.22439308996872825 -0.1841546497458419 0.9569403357322087
    outer loop
      vertex 28.113075955488554 13.113075955488554 0.01912219546999383
      vertex 27.8580460020843 13.718111708123207 0.07575392663191494
      vertex 27.70206803135182 13.613890560093761 0.01912219546999383
    endloop
  endfacet
  facet normal 0.18415464974584442 -0.22439308996873195 0.9569403357322074
    outer loop
      vertex 32.286109439906234 12.70206803135182 0.01912219546999383
      vertex 32.786924044511444 13.113075955488554 0.01912219546999383
      vertex 32.181888291876795 12.8580460020843 0.07575392663191494
    endloop
  endfacet
  facet normal 0.06218141555799775 -0.07576827408347205 0.995184726672197
    outer loop
      vertex 32.286109439906234 12.70206803135182 0.01912219546999383
      vertex 32.394495815568604 12.53985635694109 0
      vertex 32.92487373415292 12.975126265847083 0
    endloop
  endfacet
  facet normal 0.06218141555799754 -0.07576827408347159 0.9951847266721972
    outer loop
      vertex 32.286109439906234 12.70206803135182 0.01912219546999383
      vertex 32.92487373415292 12.975126265847083 0
      vertex 32.786924044511444 13.113075955488554 0.01912219546999383
    endloop
  endfacet
  facet normal 0.07576827408347166 -0.06218141555799728 0.995184726672197
    outer loop
      vertex 32.786924044511444 13.113075955488554 0.01912219546999383
      vertex 32.92487373415292 12.975126265847083 0
      vertex 33.360143643058905 13.505504184431391 0
    endloop
  endfacet
  facet normal 0.22439308996873134 -0.18415464974584442 0.9569403357322077
    outer loop
      vertex 32.786924044511444 13.113075955488554 0.01912219546999383
      vertex 33.19793196864818 13.613890560093761 0.01912219546999383
      vertex 32.65427568407982 13.245724315920182 0.07575392663191494
    endloop
  endfacet
  facet normal 0.07576827408347243 -0.062181415557998415 0.995184726672197
    outer loop
      vertex 32.786924044511444 13.113075955488554 0.01912219546999383
      vertex 33.360143643058905 13.505504184431391 0
      vertex 33.19793196864818 13.613890560093761 0.01912219546999383
    endloop
  endfacet
  facet normal 0.2560082295852096 -0.13683924960834257 0.9569403357322087
    outer loop
      vertex 33.19793196864818 13.613890560093761 0.01912219546999383
      vertex 33.50333840828777 14.185265820772528 0.01912219546999383
      vertex 33.0419539979157 13.718111708123207 0.07575392663191494
    endloop
  endfacet
  facet normal 0.08644340032725589 -0.04620496010437067 0.995184726672197
    outer loop
      vertex 33.19793196864818 13.613890560093761 0.01912219546999383
      vertex 33.360143643058905 13.505504184431391 0
      vertex 33.6835783637895 14.110607986722185 0
    endloop
  endfacet
  facet normal 0.08644340032725657 -0.04620496010437133 0.9951847266721968
    outer loop
      vertex 33.19793196864818 13.613890560093761 0.01912219546999383
      vertex 33.6835783637895 14.110607986722185 0
      vertex 33.50333840828777 14.185265820772528 0.01912219546999383
    endloop
  endfacet
  facet normal 0.2777851165098024 -0.08426519384872806 0.9569403357322084
    outer loop
      vertex 33.50333840828777 14.185265820772528 0.01912219546999383
      vertex 33.69140676522876 14.805244106687907 0.01912219546999383
      vertex 33.33002497319623 14.257054596128912 0.07575392663191494
    endloop
  endfacet
  facet normal 0.09379655517448143 -0.02845287394597227 0.9951847266721967
    outer loop
      vertex 33.50333840828777 14.185265820772528 0.01912219546999383
      vertex 33.6835783637895 14.110607986722185 0
      vertex 33.882748481411305 14.76718387294355 0
    endloop
  endfacet
  facet normal 0.09379655517448107 -0.028452873945972044 0.9951847266721969
    outer loop
      vertex 33.50333840828777 14.185265820772528 0.01912219546999383
      vertex 33.882748481411305 14.76718387294355 0
      vertex 33.69140676522876 14.805244106687907 0.01912219546999383
    endloop
  endfacet
  facet normal 0.09754516100806447 -0.009607359798385442 0.9951847266721969
    outer loop
      vertex 33.69140676522876 14.805244106687907 0.01912219546999383
      vertex 33.882748481411305 14.76718387294355 0
      vertex 33.95 15.45 0
    endloop
  endfacet
  facet normal 0.2888868771906021 -0.02845287394596889 0.9569403357322109
    outer loop
      vertex 33.69140676522876 14.805244106687907 0.01912219546999383
      vertex 33.75490967798387 15.45 0.01912219546999383
      vertex 33.50741820389344 14.841841706993893 0.07575392663191494
    endloop
  endfacet
  facet normal -0.0757682740834725 0.06218141555799919 0.9951847266721969
    outer loop
      vertex 28.113075955488554 17.786924044511444 0.01912219546999383
      vertex 27.975126265847084 17.924873734152914 0
      vertex 27.53985635694109 17.394495815568607 0
    endloop
  endfacet
  facet normal -0.22439308996872828 0.18415464974584192 0.9569403357322087
    outer loop
      vertex 27.70206803135182 17.286109439906237 0.01912219546999383
      vertex 28.24572431592018 17.654275684079817 0.07575392663191494
      vertex 28.113075955488554 17.786924044511444 0.01912219546999383
    endloop
  endfacet
  facet normal -0.0621814155579988 0.07576827408347289 0.995184726672197
    outer loop
      vertex 28.113075955488554 17.786924044511444 0.01912219546999383
      vertex 28.61389056009376 18.197931968648177 0.01912219546999383
      vertex 27.975126265847084 17.924873734152914 0
    endloop
  endfacet
  facet normal -0.062181415557998006 0.07576827408347103 0.995184726672197
    outer loop
      vertex 28.61389056009376 18.197931968648177 0.01912219546999383
      vertex 28.50550418443139 18.36014364305891 0
      vertex 27.975126265847084 17.924873734152914 0
    endloop
  endfacet
  facet normal -0.18415464974584192 0.22439308996872828 0.9569403357322088
    outer loop
      vertex 28.113075955488554 17.786924044511444 0.01912219546999383
      vertex 28.718111708123207 18.041953997915698 0.07575392663191494
      vertex 28.61389056009376 18.197931968648177 0.01912219546999383
    endloop
  endfacet
  facet normal -0.046204960104370155 0.08644340032725437 0.9951847266721972
    outer loop
      vertex 28.61389056009376 18.197931968648177 0.01912219546999383
      vertex 29.18526582077253 18.503338408287767 0.01912219546999383
      vertex 28.50550418443139 18.36014364305891 0
    endloop
  endfacet
  facet normal -0.04620496010437044 0.08644340032725571 0.995184726672197
    outer loop
      vertex 29.18526582077253 18.503338408287767 0.01912219546999383
      vertex 29.110607986722187 18.683578363789504 0
      vertex 28.50550418443139 18.36014364305891 0
    endloop
  endfacet
  facet normal -0.1368392496083416 0.25600822958520775 0.9569403357322095
    outer loop
      vertex 28.61389056009376 18.197931968648177 0.01912219546999383
      vertex 29.25705459612891 18.330024973196227 0.07575392663191494
      vertex 29.18526582077253 18.503338408287767 0.01912219546999383
    endloop
  endfacet
  facet normal -0.028452873945971676 0.09379655517448013 0.995184726672197
    outer loop
      vertex 29.18526582077253 18.503338408287767 0.01912219546999383
      vertex 29.80524410668791 18.691406765228763 0.01912219546999383
      vertex 29.110607986722187 18.683578363789504 0
    endloop
  endfacet
  facet normal -0.028452873945971676 0.09379655517448113 0.9951847266721967
    outer loop
      vertex 29.80524410668791 18.691406765228763 0.01912219546999383
      vertex 29.76718387294355 18.882748481411305 0
      vertex 29.110607986722187 18.683578363789504 0
    endloop
  endfacet
  facet normal -0.08426519384872695 0.27778511650979953 0.9569403357322093
    outer loop
      vertex 29.18526582077253 18.503338408287767 0.01912219546999383
      vertex 29.841841706993893 18.50741820389344 0.07575392663191494
      vertex 29.80524410668791 18.691406765228763 0.01912219546999383
    endloop
  endfacet
  facet normal -0.009607359798384618 0.09754516100806461 0.9951847266721969
    outer loop
      vertex 29.80524410668791 18.691406765228763 0.01912219546999383
      vertex 30.45 18.75490967798387 0.01912219546999383
      vertex 29.76718387294355 18.882748481411305 0
    endloop
  endfacet
  facet normal -0.028452873945971055 0.2888868771906072 0.9569403357322094
    outer loop
      vertex 29.80524410668791 18.691406765228763 0.01912219546999383
      vertex 30.45 18.567316567634908 0.07575392663191494
      vertex 30.45 18.75490967798387 0.01912219546999383
    endloop
  endfacet
  facet normal -0.009607359798384852 0.09754516100806337 0.995184726672197
    outer loop
      vertex 30.45 18.75490967798387 0.01912219546999383
      vertex 30.45 18.95 0
      vertex 29.76718387294355 18.882748481411305 0
    endloop
  endfacet
  facet normal 0.009607359798384495 0.09754516100806337 0.995184726672197
    outer loop
      vertex 30.45 18.75490967798387 0.01912219546999383
      vertex 31.09475589331209 18.691406765228763 0.01912219546999383
      vertex 30.45 18.95 0
    endloop
  endfacet
  facet normal 0.028452873945971048 0.2888868771906071 0.9569403357322095
    outer loop
      vertex 30.45 18.75490967798387 0.01912219546999383
      vertex 31.058158293006105 18.50741820389344 0.07575392663191494
      vertex 31.09475589331209 18.691406765228763 0.01912219546999383
    endloop
  endfacet
  facet normal 0.009607359798384965 0.09754516100806455 0.9951847266721969
    outer loop
      vertex 31.09475589331209 18.691406765228763 0.01912219546999383
      vertex 31.132816127056447 18.882748481411305 0
      vertex 30.45 18.95 0
    endloop
  endfacet
  facet normal 0.028452873945971967 0.0937965551744811 0.995184726672197
    outer loop
      vertex 31.09475589331209 18.691406765228763 0.01912219546999383
      vertex 31.71473417922747 18.503338408287767 0.01912219546999383
      vertex 31.132816127056447 18.882748481411305 0
    endloop
  endfacet
  facet normal 0.13683924960834545 0.25600822958521335 0.9569403357322074
    outer loop
      vertex 31.71473417922747 18.503338408287767 0.01912219546999383
      vertex 32.181888291876795 18.041953997915698 0.07575392663191494
      vertex 32.286109439906234 18.197931968648177 0.01912219546999383
    endloop
  endfacet
  facet normal 0.08426519384872666 0.27778511650979865 0.9569403357322097
    outer loop
      vertex 31.64294540387109 18.330024973196227 0.07575392663191494
      vertex 31.71473417922747 18.503338408287767 0.01912219546999383
      vertex 31.09475589331209 18.691406765228763 0.01912219546999383
    endloop
  endfacet
  facet normal 0.028452873945971405 0.09379655517448023 0.995184726672197
    outer loop
      vertex 31.71473417922747 18.503338408287767 0.01912219546999383
      vertex 31.789392013277812 18.683578363789504 0
      vertex 31.132816127056447 18.882748481411305 0
    endloop
  endfacet
  facet normal 0.04620496010437103 0.08644340032725546 0.995184726672197
    outer loop
      vertex 31.71473417922747 18.503338408287767 0.01912219546999383
      vertex 32.286109439906234 18.197931968648177 0.01912219546999383
      vertex 31.789392013277812 18.683578363789504 0
    endloop
  endfacet
  facet normal 0.046204960104370016 0.08644340032725444 0.995184726672197
    outer loop
      vertex 32.286109439906234 18.197931968648177 0.01912219546999383
      vertex 32.394495815568604 18.36014364305891 0
      vertex 31.789392013277812 18.683578363789504 0
    endloop
  endfacet
  facet normal 0.2777851165097949 0.08426519384872555 0.9569403357322108
    outer loop
      vertex 33.69140676522876 16.09475589331209 0.01912219546999383
      vertex 33.50333840828777 16.71473417922747 0.01912219546999383
      vertex 33.50741820389344 16.058158293006105 0.07575392663191494
    endloop
  endfacet
  facet normal 0.09754516100805988 -0.009607359798383586 0.9951847266721975
    outer loop
      vertex 33.69140676522876 14.805244106687907 0.01912219546999383
      vertex 33.95 15.45 0
      vertex 33.75490967798387 15.45 0.01912219546999383
    endloop
  endfacet
  facet normal 0.09754516100805984 0.00960735979838501 0.9951847266721972
    outer loop
      vertex 33.75490967798387 15.45 0.01912219546999383
      vertex 33.95 15.45 0
      vertex 33.882748481411305 16.132816127056447 0
    endloop
  endfacet
  facet normal 0.28888687719061723 0.02845287394597046 0.9569403357322066
    outer loop
      vertex 33.75490967798387 15.45 0.01912219546999383
      vertex 33.69140676522876 16.09475589331209 0.01912219546999383
      vertex 33.56731656763491 15.45 0.07575392663191494
    endloop
  endfacet
  facet normal 0.09754516100806472 0.00960735979838409 0.9951847266721969
    outer loop
      vertex 33.75490967798387 15.45 0.01912219546999383
      vertex 33.882748481411305 16.132816127056447 0
      vertex 33.69140676522876 16.09475589331209 0.01912219546999383
    endloop
  endfacet
  facet normal 0.09379655517448104 0.02845287394597216 0.9951847266721969
    outer loop
      vertex 33.69140676522876 16.09475589331209 0.01912219546999383
      vertex 33.882748481411305 16.132816127056447 0
      vertex 33.6835783637895 16.789392013277812 0
    endloop
  endfacet
  facet normal 0.09379655517448174 0.028452873945972162 0.9951847266721967
    outer loop
      vertex 33.69140676522876 16.09475589331209 0.01912219546999383
      vertex 33.6835783637895 16.789392013277812 0
      vertex 33.50333840828777 16.71473417922747 0.01912219546999383
    endloop
  endfacet
  facet normal 0.25600822958521163 0.13683924960834368 0.9569403357322079
    outer loop
      vertex 33.33002497319623 16.64294540387109 0.07575392663191494
      vertex 33.50333840828777 16.71473417922747 0.01912219546999383
      vertex 33.19793196864818 17.286109439906237 0.01912219546999383
    endloop
  endfacet
  facet normal 0.0864434003272571 0.046204960104371175 0.9951847266721969
    outer loop
      vertex 33.50333840828777 16.71473417922747 0.01912219546999383
      vertex 33.6835783637895 16.789392013277812 0
      vertex 33.360143643058905 17.394495815568607 0
    endloop
  endfacet
  facet normal 0.22439308996872828 0.18415464974584192 0.9569403357322088
    outer loop
      vertex 33.19793196864818 17.286109439906237 0.01912219546999383
      vertex 32.786924044511444 17.786924044511444 0.01912219546999383
      vertex 33.0419539979157 17.181888291876792 0.07575392663191494
    endloop
  endfacet
  facet normal 0.07576827408347184 0.06218141555799792 0.995184726672197
    outer loop
      vertex 33.19793196864818 17.286109439906237 0.01912219546999383
      vertex 32.92487373415292 17.924873734152914 0
      vertex 32.786924044511444 17.786924044511444 0.01912219546999383
    endloop
  endfacet
  facet normal 0.08644340032725574 0.04620496010437088 0.9951847266721968
    outer loop
      vertex 33.50333840828777 16.71473417922747 0.01912219546999383
      vertex 33.360143643058905 17.394495815568607 0
      vertex 33.19793196864818 17.286109439906237 0.01912219546999383
    endloop
  endfacet
  facet normal 0.07576827408347254 0.06218141555799822 0.9951847266721969
    outer loop
      vertex 33.19793196864818 17.286109439906237 0.01912219546999383
      vertex 33.360143643058905 17.394495815568607 0
      vertex 32.92487373415292 17.924873734152914 0
    endloop
  endfacet
  facet normal 0.06218141555799802 0.07576827408347209 0.995184726672197
    outer loop
      vertex 32.786924044511444 17.786924044511444 0.01912219546999383
      vertex 32.92487373415292 17.924873734152914 0
      vertex 32.394495815568604 18.36014364305891 0
    endloop
  endfacet
  facet normal 0.18415464974584328 0.2243930899687315 0.9569403357322078
    outer loop
      vertex 32.65427568407982 17.654275684079817 0.07575392663191494
      vertex 32.786924044511444 17.786924044511444 0.01912219546999383
      vertex 32.286109439906234 18.197931968648177 0.01912219546999383
    endloop
  endfacet
  facet normal 0.062181415557997256 0.07576827408347155 0.9951847266721972
    outer loop
      vertex 32.286109439906234 18.197931968648177 0.01912219546999383
      vertex 32.786924044511444 17.786924044511444 0.01912219546999383
      vertex 32.394495815568604 18.36014364305891 0
    endloop
  endfacet
  facet normal -0.25600822958521013 -0.13683924960834165 0.9569403357322087
    outer loop
      vertex 27.70206803135182 13.613890560093761 0.01912219546999383
      vertex 27.8580460020843 13.718111708123207 0.07575392663191494
      vertex 27.56997502680377 14.257054596128912 0.07575392663191494
    endloop
  endfacet
  facet normal -0.41573480615127567 -0.22221488349020038 0.8819212643483532
    outer loop
      vertex 27.8580460020843 13.718111708123207 0.07575392663191494
      vertex 27.729701603369833 14.323215510413998 0.1677188678166508
      vertex 27.56997502680377 14.257054596128912 0.07575392663191494
    endloop
  endfacet
  facet normal -0.27778511650979765 -0.08426519384872701 0.9569403357322099
    outer loop
      vertex 27.39666159171223 14.185265820772528 0.01912219546999383
      vertex 27.56997502680377 14.257054596128912 0.07575392663191494
      vertex 27.39258179610656 14.841841706993893 0.07575392663191494
    endloop
  endfacet
  facet normal -0.45109855160134116 -0.13683924960834173 0.8819212643483533
    outer loop
      vertex 27.56997502680377 14.257054596128912 0.07575392663191494
      vertex 27.729701603369833 14.323215510413998 0.1677188678166508
      vertex 27.562146625364512 14.87557024860592 0.1677188678166508
    endloop
  endfacet
  facet normal -0.6070765223338196 -0.18415464974583992 0.7730104533627359
    outer loop
      vertex 27.729701603369833 14.323215510413998 0.1677188678166508
      vertex 27.869703118648683 14.381206036795284 0.2914828579090054
      vertex 27.71077144124977 14.905133562585021 0.2914828579090054
    endloop
  endfacet
  facet normal -0.4510985516013364 -0.13683924960834207 0.8819212643483557
    outer loop
      vertex 27.56997502680377 14.257054596128912 0.07575392663191494
      vertex 27.562146625364512 14.87557024860592 0.1677188678166508
      vertex 27.39258179610656 14.841841706993893 0.07575392663191494
    endloop
  endfacet
  facet normal -0.28888687719060685 -0.028452873945971038 0.9569403357322096
    outer loop
      vertex 27.208593234771236 14.805244106687907 0.01912219546999383
      vertex 27.39258179610656 14.841841706993893 0.07575392663191494
      vertex 27.33268343236509 15.45 0.07575392663191494
    endloop
  endfacet
  facet normal -0.46912683269234395 -0.04620496010437217 0.881921264348356
    outer loop
      vertex 27.39258179610656 14.841841706993893 0.07575392663191494
      vertex 27.562146625364512 14.87557024860592 0.1677188678166508
      vertex 27.5055702330196 15.45 0.1677188678166508
    endloop
  endfacet
  facet normal -0.6070765223338149 -0.18415464974584053 0.7730104533627394
    outer loop
      vertex 27.562146625364512 14.87557024860592 0.1677188678166508
      vertex 27.729701603369833 14.323215510413998 0.1677188678166508
      vertex 27.71077144124977 14.905133562585021 0.2914828579090054
    endloop
  endfacet
  facet normal -0.6313385071030718 -0.06218141555799844 0.7730104533627394
    outer loop
      vertex 27.562146625364512 14.87557024860592 0.1677188678166508
      vertex 27.71077144124977 14.905133562585021 0.2914828579090054
      vertex 27.65710678118655 15.45 0.2914828579090054
    endloop
  endfacet
  facet normal -0.7397248827654501 -0.2243930899687258 0.6343932841636397
    outer loop
      vertex 27.869703118648683 14.381206036795284 0.2914828579090054
      vertex 27.83274467543761 14.929395547354279 0.4422897161773749
      vertex 27.71077144124977 14.905133562585021 0.2914828579090054
    endloop
  endfacet
  facet normal -0.7692881967445514 -0.07576827408347346 0.6343932841636393
    outer loop
      vertex 27.71077144124977 14.905133562585021 0.2914828579090054
      vertex 27.83274467543761 14.929395547354279 0.4422897161773749
      vertex 27.781469612302544 15.45 0.4422897161773749
    endloop
  endfacet
  facet normal -0.46912683269235106 -0.04620496010437029 0.8819212643483524
    outer loop
      vertex 27.39258179610656 14.841841706993893 0.07575392663191494
      vertex 27.5055702330196 15.45 0.1677188678166508
      vertex 27.33268343236509 15.45 0.07575392663191494
    endloop
  endfacet
  facet normal -0.2888868771906072 0.028452873945971062 0.9569403357322094
    outer loop
      vertex 27.145090322016127 15.45 0.01912219546999383
      vertex 27.33268343236509 15.45 0.07575392663191494
      vertex 27.39258179610656 16.058158293006105 0.07575392663191494
    endloop
  endfacet
  facet normal -0.469126832692351 0.046204960104373 0.8819212643483522
    outer loop
      vertex 27.33268343236509 15.45 0.07575392663191494
      vertex 27.5055702330196 15.45 0.1677188678166508
      vertex 27.562146625364512 16.024429751394077 0.1677188678166508
    endloop
  endfacet
  facet normal -0.6313385071030666 -0.0621814155580002 0.7730104533627435
    outer loop
      vertex 27.562146625364512 14.87557024860592 0.1677188678166508
      vertex 27.65710678118655 15.45 0.2914828579090054
      vertex 27.5055702330196 15.45 0.1677188678166508
    endloop
  endfacet
  facet normal -0.6313385071030666 0.06218141555799792 0.7730104533627437
    outer loop
      vertex 27.5055702330196 15.45 0.1677188678166508
      vertex 27.65710678118655 15.45 0.2914828579090054
      vertex 27.71077144124977 15.994866437414977 0.2914828579090054
    endloop
  endfacet
  facet normal -0.46912683269234406 0.0462049601043696 0.8819212643483562
    outer loop
      vertex 27.33268343236509 15.45 0.07575392663191494
      vertex 27.562146625364512 16.024429751394077 0.1677188678166508
      vertex 27.39258179610656 16.058158293006105 0.07575392663191494
    endloop
  endfacet
  facet normal -0.2777851165097995 0.08426519384872729 0.9569403357322093
    outer loop
      vertex 27.208593234771236 16.09475589331209 0.01912219546999383
      vertex 27.39258179610656 16.058158293006105 0.07575392663191494
      vertex 27.56997502680377 16.64294540387109 0.07575392663191494
    endloop
  endfacet
  facet normal -0.4510985516013357 0.13683924960833965 0.8819212643483565
    outer loop
      vertex 27.39258179610656 16.058158293006105 0.07575392663191494
      vertex 27.562146625364512 16.024429751394077 0.1677188678166508
      vertex 27.729701603369833 16.576784489586 0.1677188678166508
    endloop
  endfacet
  facet normal -0.45109855160133966 0.13683924960834265 0.8819212643483539
    outer loop
      vertex 27.39258179610656 16.058158293006105 0.07575392663191494
      vertex 27.729701603369833 16.576784489586 0.1677188678166508
      vertex 27.56997502680377 16.64294540387109 0.07575392663191494
    endloop
  endfacet
  facet normal -0.6313385071030719 0.06218141555800091 0.7730104533627392
    outer loop
      vertex 27.5055702330196 15.45 0.1677188678166508
      vertex 27.71077144124977 15.994866437414977 0.2914828579090054
      vertex 27.562146625364512 16.024429751394077 0.1677188678166508
    endloop
  endfacet
  facet normal -0.6070765223338166 0.184154649745839 0.7730104533627384
    outer loop
      vertex 27.562146625364512 16.024429751394077 0.1677188678166508
      vertex 27.71077144124977 15.994866437414977 0.2914828579090054
      vertex 27.869703118648683 16.518793963204715 0.2914828579090054
    endloop
  endfacet
  facet normal -0.6070765223338191 0.1841546497458412 0.7730104533627359
    outer loop
      vertex 27.562146625364512 16.024429751394077 0.1677188678166508
      vertex 27.869703118648683 16.518793963204715 0.2914828579090054
      vertex 27.729701603369833 16.576784489586 0.1677188678166508
    endloop
  endfacet
  facet normal -0.7692881967445523 -0.07576827408347309 0.6343932841636383
    outer loop
      vertex 27.71077144124977 14.905133562585021 0.2914828579090054
      vertex 27.781469612302544 15.45 0.4422897161773749
      vertex 27.65710678118655 15.45 0.2914828579090054
    endloop
  endfacet
  facet normal -0.7692881967445514 0.075768274083473 0.6343932841636393
    outer loop
      vertex 27.65710678118655 15.45 0.2914828579090054
      vertex 27.83274467543761 15.97060445264572 0.4422897161773749
      vertex 27.71077144124977 15.994866437414977 0.2914828579090054
    endloop
  endfacet
  facet normal -0.7692881967445522 0.0757682740834735 0.6343932841636383
    outer loop
      vertex 27.65710678118655 15.45 0.2914828579090054
      vertex 27.781469612302544 15.45 0.4422897161773749
      vertex 27.83274467543761 15.97060445264572 0.4422897161773749
    endloop
  endfacet
  facet normal -0.7397248827654495 0.22439308996872828 0.6343932841636396
    outer loop
      vertex 27.71077144124977 15.994866437414977 0.2914828579090054
      vertex 27.83274467543761 15.97060445264572 0.4422897161773749
      vertex 27.98459939292191 16.471202368134605 0.4422897161773749
    endloop
  endfacet
  facet normal -0.41573480615127445 0.2222148834901987 0.8819212643483543
    outer loop
      vertex 27.729701603369833 16.576784489586 0.1677188678166508
      vertex 28.001796123196733 17.085837531751153 0.1677188678166508
      vertex 27.56997502680377 16.64294540387109 0.07575392663191494
    endloop
  endfacet
  facet normal -0.25600822958520797 0.13683924960834093 0.9569403357322094
    outer loop
      vertex 27.39666159171223 16.71473417922747 0.01912219546999383
      vertex 27.56997502680377 16.64294540387109 0.07575392663191494
      vertex 27.8580460020843 17.181888291876792 0.07575392663191494
    endloop
  endfacet
  facet normal -0.41573480615127734 0.22221488349020202 0.8819212643483519
    outer loop
      vertex 27.56997502680377 16.64294540387109 0.07575392663191494
      vertex 28.001796123196733 17.085837531751153 0.1677188678166508
      vertex 27.8580460020843 17.181888291876792 0.07575392663191494
    endloop
  endfacet
  facet normal -0.877674572406917 -0.08644340032725667 0.4713967368259957
    outer loop
      vertex 27.83274467543761 14.929395547354279 0.4422897161773749
      vertex 27.873879532511285 15.45 0.6143440196319667
      vertex 27.781469612302544 15.45 0.4422897161773749
    endloop
  endfacet
  facet normal -0.13683924960834373 -0.25600822958521163 0.956940335732208
    outer loop
      vertex 29.18526582077253 12.396661591712233 0.01912219546999383
      vertex 29.25705459612891 12.56997502680377 0.07575392663191494
      vertex 28.718111708123207 12.8580460020843 0.07575392663191494
    endloop
  endfacet
  facet normal -0.13683924960834035 -0.45109855160133666 0.8819212643483558
    outer loop
      vertex 29.25705459612891 12.56997502680377 0.07575392663191494
      vertex 29.841841706993893 12.392581796106558 0.07575392663191494
      vertex 29.323215510414 12.729701603369833 0.1677188678166508
    endloop
  endfacet
  facet normal -0.0842651938487272 -0.277785116509802 0.9569403357322086
    outer loop
      vertex 29.25705459612891 12.56997502680377 0.07575392663191494
      vertex 29.80524410668791 12.208593234771238 0.01912219546999383
      vertex 29.841841706993893 12.392581796106558 0.07575392663191494
    endloop
  endfacet
  facet normal -0.13683924960833965 -0.4510985516013357 0.8819212643483565
    outer loop
      vertex 29.323215510414 12.729701603369833 0.1677188678166508
      vertex 29.841841706993893 12.392581796106558 0.07575392663191494
      vertex 29.87557024860592 12.562146625364512 0.1677188678166508
    endloop
  endfacet
  facet normal -0.046204960104370946 -0.46912683269234384 0.8819212643483562
    outer loop
      vertex 29.841841706993893 12.392581796106558 0.07575392663191494
      vertex 30.45 12.332683432365089 0.07575392663191494
      vertex 29.87557024860592 12.562146625364512 0.1677188678166508
    endloop
  endfacet
  facet normal -0.06218141555799943 -0.6313385071030767 0.7730104533627354
    outer loop
      vertex 29.87557024860592 12.562146625364512 0.1677188678166508
      vertex 30.45 12.505570233019602 0.1677188678166508
      vertex 29.90513356258502 12.710771441249767 0.2914828579090054
    endloop
  endfacet
  facet normal -0.028452873945972162 -0.2888868771906097 0.9569403357322087
    outer loop
      vertex 29.841841706993893 12.392581796106558 0.07575392663191494
      vertex 30.45 12.145090322016127 0.01912219546999383
      vertex 30.45 12.332683432365089 0.07575392663191494
    endloop
  endfacet
  facet normal -0.0462049601043708 -0.46912683269234356 0.8819212643483564
    outer loop
      vertex 30.45 12.332683432365089 0.07575392663191494
      vertex 30.45 12.505570233019602 0.1677188678166508
      vertex 29.87557024860592 12.562146625364512 0.1677188678166508
    endloop
  endfacet
  facet normal 0.04620496010437092 -0.46912683269234356 0.8819212643483564
    outer loop
      vertex 30.45 12.332683432365089 0.07575392663191494
      vertex 31.058158293006105 12.392581796106558 0.07575392663191494
      vertex 30.45 12.505570233019602 0.1677188678166508
    endloop
  endfacet
  facet normal 0.02845287394597214 -0.2888868771906095 0.9569403357322087
    outer loop
      vertex 30.45 12.332683432365089 0.07575392663191494
      vertex 31.09475589331209 12.208593234771238 0.01912219546999383
      vertex 31.058158293006105 12.392581796106558 0.07575392663191494
    endloop
  endfacet
  facet normal 0.04620496010437085 -0.46912683269234384 0.8819212643483562
    outer loop
      vertex 31.058158293006105 12.392581796106558 0.07575392663191494
      vertex 31.024429751394077 12.562146625364512 0.1677188678166508
      vertex 30.45 12.505570233019602 0.1677188678166508
    endloop
  endfacet
  facet normal 0.13683924960834004 -0.4510985516013356 0.8819212643483564
    outer loop
      vertex 31.058158293006105 12.392581796106558 0.07575392663191494
      vertex 31.64294540387109 12.56997502680377 0.07575392663191494
      vertex 31.024429751394077 12.562146625364512 0.1677188678166508
    endloop
  endfacet
  facet normal -0.06218141555799881 -0.6313385071030756 0.7730104533627363
    outer loop
      vertex 30.45 12.505570233019602 0.1677188678166508
      vertex 30.45 12.657106781186547 0.2914828579090054
      vertex 29.90513356258502 12.710771441249767 0.2914828579090054
    endloop
  endfacet
  facet normal 0.06218141555799932 -0.6313385071030755 0.7730104533627363
    outer loop
      vertex 30.45 12.505570233019602 0.1677188678166508
      vertex 31.024429751394077 12.562146625364512 0.1677188678166508
      vertex 30.45 12.657106781186547 0.2914828579090054
    endloop
  endfacet
  facet normal 0.06218141555799892 -0.6313385071030768 0.7730104533627354
    outer loop
      vertex 30.45 12.657106781186547 0.2914828579090054
      vertex 31.024429751394077 12.562146625364512 0.1677188678166508
      vertex 30.994866437414977 12.710771441249767 0.2914828579090054
    endloop
  endfacet
  facet normal 0.08426519384872763 -0.27778511650980336 0.9569403357322082
    outer loop
      vertex 31.058158293006105 12.392581796106558 0.07575392663191494
      vertex 31.71473417922747 12.396661591712233 0.01912219546999383
      vertex 31.64294540387109 12.56997502680377 0.07575392663191494
    endloop
  endfacet
  facet normal 0.13683924960833999 -0.45109855160133683 0.8819212643483558
    outer loop
      vertex 31.64294540387109 12.56997502680377 0.07575392663191494
      vertex 31.576784489586 12.729701603369833 0.1677188678166508
      vertex 31.024429751394077 12.562146625364512 0.1677188678166508
    endloop
  endfacet
  facet normal -0.1841546497458407 -0.22439308996872678 0.9569403357322094
    outer loop
      vertex 28.61389056009376 12.70206803135182 0.01912219546999383
      vertex 28.718111708123207 12.8580460020843 0.07575392663191494
      vertex 28.24572431592018 13.245724315920182 0.07575392663191494
    endloop
  endfacet
  facet normal -0.2222148834902015 -0.4157348061512738 0.8819212643483537
    outer loop
      vertex 28.718111708123207 12.8580460020843 0.07575392663191494
      vertex 29.25705459612891 12.56997502680377 0.07575392663191494
      vertex 28.814162468248846 13.001796123196735 0.1677188678166508
    endloop
  endfacet
  facet normal -0.29905092401907213 -0.3643946052475817 0.8819212643483534
    outer loop
      vertex 28.718111708123207 12.8580460020843 0.07575392663191494
      vertex 28.814162468248846 13.001796123196735 0.1677188678166508
      vertex 28.367973745040633 13.367973745040635 0.1677188678166508
    endloop
  endfacet
  facet normal -0.29905092401907013 -0.36439460524758055 0.8819212643483546
    outer loop
      vertex 28.718111708123207 12.8580460020843 0.07575392663191494
      vertex 28.367973745040633 13.367973745040635 0.1677188678166508
      vertex 28.24572431592018 13.245724315920182 0.07575392663191494
    endloop
  endfacet
  facet normal -0.40245483899193407 -0.49039264020161344 0.773010453362739
    outer loop
      vertex 28.814162468248846 13.001796123196735 0.1677188678166508
      vertex 28.475126265847084 13.475126265847083 0.2914828579090054
      vertex 28.367973745040633 13.367973745040635 0.1677188678166508
    endloop
  endfacet
  facet normal -0.4024548389919345 -0.4903926402016137 0.7730104533627387
    outer loop
      vertex 28.814162468248846 13.001796123196735 0.1677188678166508
      vertex 28.898351663624943 13.12779415815077 0.2914828579090054
      vertex 28.475126265847084 13.475126265847083 0.2914828579090054
    endloop
  endfacet
  facet normal -0.2243930899687283 -0.18415464974584192 0.9569403357322088
    outer loop
      vertex 28.113075955488554 13.113075955488554 0.01912219546999383
      vertex 28.24572431592018 13.245724315920182 0.07575392663191494
      vertex 27.8580460020843 13.718111708123207 0.07575392663191494
    endloop
  endfacet
  facet normal -0.36439460524758266 -0.29905092401907185 0.8819212643483532
    outer loop
      vertex 28.24572431592018 13.245724315920182 0.07575392663191494
      vertex 28.001796123196733 13.814162468248847 0.1677188678166508
      vertex 27.8580460020843 13.718111708123207 0.07575392663191494
    endloop
  endfacet
  facet normal -0.36439460524758044 -0.299050924019071 0.8819212643483543
    outer loop
      vertex 28.24572431592018 13.245724315920182 0.07575392663191494
      vertex 28.367973745040633 13.367973745040635 0.1677188678166508
      vertex 28.001796123196733 13.814162468248847 0.1677188678166508
    endloop
  endfacet
  facet normal -0.4903926402016123 -0.4024548389919337 0.77301045336274
    outer loop
      vertex 28.367973745040633 13.367973745040635 0.1677188678166508
      vertex 28.475126265847084 13.475126265847083 0.2914828579090054
      vertex 28.12779415815077 13.898351663624943 0.2914828579090054
    endloop
  endfacet
  facet normal -0.49039264020161333 -0.40245483899193396 0.7730104533627391
    outer loop
      vertex 28.367973745040633 13.367973745040635 0.1677188678166508
      vertex 28.12779415815077 13.898351663624943 0.2914828579090054
      vertex 28.001796123196733 13.814162468248847 0.1677188678166508
    endloop
  endfacet
  facet normal -0.2222148834901983 -0.415734806151271 0.8819212643483559
    outer loop
      vertex 29.25705459612891 12.56997502680377 0.07575392663191494
      vertex 29.323215510414 12.729701603369833 0.1677188678166508
      vertex 28.814162468248846 13.001796123196735 0.1677188678166508
    endloop
  endfacet
  facet normal -0.2990509240190702 -0.5594849272637065 0.7730104533627379
    outer loop
      vertex 28.814162468248846 13.001796123196735 0.1677188678166508
      vertex 29.323215510414 12.729701603369833 0.1677188678166508
      vertex 28.898351663624943 13.12779415815077 0.2914828579090054
    endloop
  endfacet
  facet normal -0.2990509240190716 -0.5594849272637075 0.7730104533627364
    outer loop
      vertex 29.323215510414 12.729701603369833 0.1677188678166508
      vertex 29.381206036795284 12.869703118648683 0.2914828579090054
      vertex 28.898351663624943 13.12779415815077 0.2914828579090054
    endloop
  endfacet
  facet normal -0.1841546497458412 -0.6070765223338191 0.7730104533627359
    outer loop
      vertex 29.323215510414 12.729701603369833 0.1677188678166508
      vertex 29.87557024860592 12.562146625364512 0.1677188678166508
      vertex 29.381206036795284 12.869703118648683 0.2914828579090054
    endloop
  endfacet
  facet normal -0.18415464974584217 -0.6070765223338203 0.7730104533627348
    outer loop
      vertex 29.381206036795284 12.869703118648683 0.2914828579090054
      vertex 29.87557024860592 12.562146625364512 0.1677188678166508
      vertex 29.90513356258502 12.710771441249767 0.2914828579090054
    endloop
  endfacet
  facet normal -0.5975451610080653 -0.49039264020161655 0.6343932841636435
    outer loop
      vertex 28.475126265847084 13.475126265847083 0.2914828579090054
      vertex 28.231198073123636 13.967443950687034 0.4422897161773749
      vertex 28.12779415815077 13.898351663624943 0.2914828579090054
    endloop
  endfacet
  facet normal -0.49039264020161694 -0.5975451610080664 0.6343932841636422
    outer loop
      vertex 28.475126265847084 13.475126265847083 0.2914828579090054
      vertex 28.898351663624943 13.12779415815077 0.2914828579090054
      vertex 28.56306406705676 13.563064067056763 0.4422897161773749
    endloop
  endfacet
  facet normal -0.597545161008068 -0.49039264020161694 0.6343932841636406
    outer loop
      vertex 28.475126265847084 13.475126265847083 0.2914828579090054
      vertex 28.56306406705676 13.563064067056763 0.4422897161773749
      vertex 28.231198073123636 13.967443950687034 0.4422897161773749
    endloop
  endfacet
  facet normal -0.49039264020161566 -0.5975451610080659 0.6343932841636435
    outer loop
      vertex 28.898351663624943 13.12779415815077 0.2914828579090054
      vertex 28.967443950687034 13.231198073123636 0.4422897161773749
      vertex 28.56306406705676 13.563064067056763 0.4422897161773749
    endloop
  endfacet
  facet normal -0.22439308996872678 -0.739724882765445 0.6343932841636452
    outer loop
      vertex 29.381206036795284 12.869703118648683 0.2914828579090054
      vertex 29.90513356258502 12.710771441249767 0.2914828579090054
      vertex 29.428797631865393 12.984599392921911 0.4422897161773749
    endloop
  endfacet
  facet normal -0.3643946052475809 -0.6817343563841605 0.6343932841636443
    outer loop
      vertex 29.381206036795284 12.869703118648683 0.2914828579090054
      vertex 28.967443950687034 13.231198073123636 0.4422897161773749
      vertex 28.898351663624943 13.12779415815077 0.2914828579090054
    endloop
  endfacet
  facet normal -0.07576827408347257 -0.7692881967445471 0.6343932841636447
    outer loop
      vertex 29.90513356258502 12.710771441249767 0.2914828579090054
      vertex 30.45 12.657106781186547 0.2914828579090054
      vertex 29.92939554735428 12.83274467543761 0.4422897161773749
    endloop
  endfacet
  facet normal -0.36439460524758044 -0.6817343563841601 0.6343932841636449
    outer loop
      vertex 29.381206036795284 12.869703118648683 0.2914828579090054
      vertex 29.428797631865393 12.984599392921911 0.4422897161773749
      vertex 28.967443950687034 13.231198073123636 0.4422897161773749
    endloop
  endfacet
  facet normal -0.22439308996872706 -0.7397248827654453 0.6343932841636447
    outer loop
      vertex 29.428797631865393 12.984599392921911 0.4422897161773749
      vertex 29.90513356258502 12.710771441249767 0.2914828579090054
      vertex 29.92939554735428 12.83274467543761 0.4422897161773749
    endloop
  endfacet
  facet normal -0.41573480615127634 -0.22221488349020047 0.8819212643483528
    outer loop
      vertex 27.8580460020843 13.718111708123207 0.07575392663191494
      vertex 28.001796123196733 13.814162468248847 0.1677188678166508
      vertex 27.729701603369833 14.323215510413998 0.1677188678166508
    endloop
  endfacet
  facet normal -0.5594849272637044 -0.2990509240190699 0.7730104533627394
    outer loop
      vertex 28.001796123196733 13.814162468248847 0.1677188678166508
      vertex 28.12779415815077 13.898351663624943 0.2914828579090054
      vertex 27.869703118648683 14.381206036795284 0.2914828579090054
    endloop
  endfacet
  facet normal -0.559484927263708 -0.29905092401907013 0.7730104533627365
    outer loop
      vertex 28.001796123196733 13.814162468248847 0.1677188678166508
      vertex 27.869703118648683 14.381206036795284 0.2914828579090054
      vertex 27.729701603369833 14.323215510413998 0.1677188678166508
    endloop
  endfacet
  facet normal -0.68173435638416 -0.36439460524758066 0.6343932841636448
    outer loop
      vertex 28.12779415815077 13.898351663624943 0.2914828579090054
      vertex 27.98459939292191 14.428797631865393 0.4422897161773749
      vertex 27.869703118648683 14.381206036795284 0.2914828579090054
    endloop
  endfacet
  facet normal -0.6817343563841607 -0.3643946052475807 0.6343932841636443
    outer loop
      vertex 28.12779415815077 13.898351663624943 0.2914828579090054
      vertex 28.231198073123636 13.967443950687034 0.4422897161773749
      vertex 27.98459939292191 14.428797631865393 0.4422897161773749
    endloop
  endfacet
  facet normal -0.7397248827654451 -0.22439308996872698 0.6343932841636452
    outer loop
      vertex 27.869703118648683 14.381206036795284 0.2914828579090054
      vertex 27.98459939292191 14.428797631865393 0.4422897161773749
      vertex 27.83274467543761 14.929395547354279 0.4422897161773749
    endloop
  endfacet
  facet normal 0.18415464974584161 -0.6070765223338205 0.7730104533627349
    outer loop
      vertex 31.024429751394077 12.562146625364512 0.1677188678166508
      vertex 31.576784489586 12.729701603369833 0.1677188678166508
      vertex 30.994866437414977 12.710771441249767 0.2914828579090054
    endloop
  endfacet
  facet normal 0.2222148834901985 -0.4157348061512709 0.8819212643483559
    outer loop
      vertex 31.64294540387109 12.56997502680377 0.07575392663191494
      vertex 32.181888291876795 12.8580460020843 0.07575392663191494
      vertex 31.576784489586 12.729701603369833 0.1677188678166508
    endloop
  endfacet
  facet normal 0.13683924960834315 -0.2560082295852122 0.9569403357322079
    outer loop
      vertex 31.64294540387109 12.56997502680377 0.07575392663191494
      vertex 32.286109439906234 12.70206803135182 0.01912219546999383
      vertex 32.181888291876795 12.8580460020843 0.07575392663191494
    endloop
  endfacet
  facet normal 0.22221488349019855 -0.4157348061512715 0.8819212643483556
    outer loop
      vertex 31.576784489586 12.729701603369833 0.1677188678166508
      vertex 32.181888291876795 12.8580460020843 0.07575392663191494
      vertex 32.08583753175115 13.001796123196735 0.1677188678166508
    endloop
  endfacet
  facet normal 0.29905092401906846 -0.3643946052475785 0.881921264348356
    outer loop
      vertex 32.181888291876795 12.8580460020843 0.07575392663191494
      vertex 32.65427568407982 13.245724315920182 0.07575392663191494
      vertex 32.08583753175115 13.001796123196735 0.1677188678166508
    endloop
  endfacet
  facet normal 0.29905092401906597 -0.36439460524757133 0.8819212643483598
    outer loop
      vertex 32.08583753175115 13.001796123196735 0.1677188678166508
      vertex 32.65427568407982 13.245724315920182 0.07575392663191494
      vertex 32.53202625495936 13.367973745040635 0.1677188678166508
    endloop
  endfacet
  facet normal 0.18415464974584178 -0.6070765223338189 0.773010453362736
    outer loop
      vertex 31.576784489586 12.729701603369833 0.1677188678166508
      vertex 31.518793963204715 12.869703118648683 0.2914828579090054
      vertex 30.994866437414977 12.710771441249767 0.2914828579090054
    endloop
  endfacet
  facet normal 0.29905092401907085 -0.5594849272637077 0.7730104533627365
    outer loop
      vertex 31.576784489586 12.729701603369833 0.1677188678166508
      vertex 32.08583753175115 13.001796123196735 0.1677188678166508
      vertex 31.518793963204715 12.869703118648683 0.2914828579090054
    endloop
  endfacet
  facet normal 0.2990509240190708 -0.559484927263706 0.773010453362738
    outer loop
      vertex 31.518793963204715 12.869703118648683 0.2914828579090054
      vertex 32.08583753175115 13.001796123196735 0.1677188678166508
      vertex 32.001648336375055 13.12779415815077 0.2914828579090054
    endloop
  endfacet
  facet normal 0.4024548389919364 -0.4903926402016124 0.7730104533627385
    outer loop
      vertex 32.08583753175115 13.001796123196735 0.1677188678166508
      vertex 32.53202625495936 13.367973745040635 0.1677188678166508
      vertex 32.001648336375055 13.12779415815077 0.2914828579090054
    endloop
  endfacet
  facet normal 0.40245483899193946 -0.4903926402016239 0.7730104533627296
    outer loop
      vertex 32.53202625495936 13.367973745040635 0.1677188678166508
      vertex 32.42487373415292 13.475126265847083 0.2914828579090054
      vertex 32.001648336375055 13.12779415815077 0.2914828579090054
    endloop
  endfacet
  facet normal 0.07576827408347266 -0.7692881967445478 0.6343932841636438
    outer loop
      vertex 30.45 12.657106781186547 0.2914828579090054
      vertex 30.994866437414977 12.710771441249767 0.2914828579090054
      vertex 30.45 12.781469612302544 0.4422897161773749
    endloop
  endfacet
  facet normal 0.2243930899687269 -0.7397248827654453 0.6343932841636448
    outer loop
      vertex 30.994866437414977 12.710771441249767 0.2914828579090054
      vertex 31.518793963204715 12.869703118648683 0.2914828579090054
      vertex 30.97060445264572 12.83274467543761 0.4422897161773749
    endloop
  endfacet
  facet normal -0.07576827408347309 -0.7692881967445477 0.6343932841636437
    outer loop
      vertex 30.45 12.657106781186547 0.2914828579090054
      vertex 30.45 12.781469612302544 0.4422897161773749
      vertex 29.92939554735428 12.83274467543761 0.4422897161773749
    endloop
  endfacet
  facet normal 0.075768274083473 -0.769288196744547 0.6343932841636447
    outer loop
      vertex 30.994866437414977 12.710771441249767 0.2914828579090054
      vertex 30.97060445264572 12.83274467543761 0.4422897161773749
      vertex 30.45 12.781469612302544 0.4422897161773749
    endloop
  endfacet
  facet normal 0.22439308996872695 -0.739724882765445 0.6343932841636453
    outer loop
      vertex 31.518793963204715 12.869703118648683 0.2914828579090054
      vertex 31.471202368134605 12.984599392921911 0.4422897161773749
      vertex 30.97060445264572 12.83274467543761 0.4422897161773749
    endloop
  endfacet
  facet normal 0.36439460524758066 -0.68173435638416 0.6343932841636448
    outer loop
      vertex 31.518793963204715 12.869703118648683 0.2914828579090054
      vertex 32.001648336375055 13.12779415815077 0.2914828579090054
      vertex 31.471202368134605 12.984599392921911 0.4422897161773749
    endloop
  endfacet
  facet normal 0.4903926402016136 -0.5975451610080673 0.6343932841636436
    outer loop
      vertex 32.001648336375055 13.12779415815077 0.2914828579090054
      vertex 32.42487373415292 13.475126265847083 0.2914828579090054
      vertex 31.932556049312964 13.231198073123636 0.4422897161773749
    endloop
  endfacet
  facet normal 0.3643946052475807 -0.6817343563841606 0.6343932841636443
    outer loop
      vertex 32.001648336375055 13.12779415815077 0.2914828579090054
      vertex 31.932556049312964 13.231198073123636 0.4422897161773749
      vertex 31.471202368134605 12.984599392921911 0.4422897161773749
    endloop
  endfacet
  facet normal 0.4903926402016117 -0.5975451610080558 0.6343932841636561
    outer loop
      vertex 32.42487373415292 13.475126265847083 0.2914828579090054
      vertex 32.336935932943234 13.563064067056763 0.4422897161773749
      vertex 31.932556049312964 13.231198073123636 0.4422897161773749
    endloop
  endfacet
  facet normal -0.6817343563841617 -0.5594849272637071 0.4713967368259959
    outer loop
      vertex 28.56306406705676 13.563064067056763 0.4422897161773749
      vertex 28.308034113652507 14.018784151590728 0.6143440196319667
      vertex 28.231198073123636 13.967443950687034 0.4422897161773749
    endloop
  endfacet
  facet normal -0.5594849272637075 -0.6817343563841615 0.47139673682599553
    outer loop
      vertex 28.56306406705676 13.563064067056763 0.4422897161773749
      vertex 28.967443950687034 13.231198073123636 0.4422897161773749
      vertex 28.62840774828527 13.628407748285271 0.6143440196319667
    endloop
  endfacet
  facet normal -0.5594849272637042 -0.6817343563841608 0.4713967368260006
    outer loop
      vertex 28.967443950687034 13.231198073123636 0.4422897161773749
      vertex 29.01878415159073 13.308034113652507 0.6143440196319667
      vertex 28.62840774828527 13.628407748285271 0.6143440196319667
    endloop
  endfacet
  facet normal -0.6817343563841618 -0.5594849272637071 0.4713967368259956
    outer loop
      vertex 28.56306406705676 13.563064067056763 0.4422897161773749
      vertex 28.62840774828527 13.628407748285271 0.6143440196319667
      vertex 28.308034113652507 14.018784151590728 0.6143440196319667
    endloop
  endfacet
  facet normal -0.4157348061512733 -0.7777851165097999 0.4713967368259991
    outer loop
      vertex 29.428797631865393 12.984599392921911 0.4422897161773749
      vertex 29.01878415159073 13.308034113652507 0.6143440196319667
      vertex 28.967443950687034 13.231198073123636 0.4422897161773749
    endloop
  endfacet
  facet normal -0.41573480615127184 -0.7777851165097992 0.4713967368260015
    outer loop
      vertex 29.428797631865393 12.984599392921911 0.4422897161773749
      vertex 29.46416137731546 13.06997502680377 0.6143440196319667
      vertex 29.01878415159073 13.308034113652507 0.6143440196319667
    endloop
  endfacet
  facet normal -0.2560082295852082 -0.8439460307948877 0.47139673682600086
    outer loop
      vertex 29.428797631865393 12.984599392921911 0.4422897161773749
      vertex 29.92939554735428 12.83274467543761 0.4422897161773749
      vertex 29.46416137731546 13.06997502680377 0.6143440196319667
    endloop
  endfacet
  facet normal -0.08644340032725657 -0.877674572406916 0.4713967368259975
    outer loop
      vertex 29.92939554735428 12.83274467543761 0.4422897161773749
      vertex 30.45 12.781469612302544 0.4422897161773749
      vertex 29.947423828445288 12.92337896494158 0.6143440196319667
    endloop
  endfacet
  facet normal -0.2560082295852096 -0.8439460307948886 0.4713967368259985
    outer loop
      vertex 29.46416137731546 13.06997502680377 0.6143440196319667
      vertex 29.92939554735428 12.83274467543761 0.4422897161773749
      vertex 29.947423828445288 12.92337896494158 0.6143440196319667
    endloop
  endfacet
  facet normal -0.6070765223338154 -0.739724882765447 0.2902846772544603
    outer loop
      vertex 28.62840774828527 13.628407748285271 0.6143440196319667
      vertex 29.01878415159073 13.308034113652507 0.6143440196319667
      vertex 28.668646188508156 13.668646188508156 0.8010338178801852
    endloop
  endfacet
  facet normal -0.6070765223338158 -0.739724882765447 0.29028467725445967
    outer loop
      vertex 29.01878415159073 13.308034113652507 0.6143440196319667
      vertex 29.05039929120721 13.355349513790008 0.8010338178801852
      vertex 28.668646188508156 13.668646188508156 0.8010338178801852
    endloop
  endfacet
  facet normal -0.7397248827654435 -0.6070765223338147 0.2902846772544713
    outer loop
      vertex 28.62840774828527 13.628407748285271 0.6143440196319667
      vertex 28.35534951379001 14.05039929120721 0.8010338178801852
      vertex 28.308034113652507 14.018784151590728 0.6143440196319667
    endloop
  endfacet
  facet normal -0.7397248827654483 -0.6070765223338134 0.2902846772544614
    outer loop
      vertex 28.62840774828527 13.628407748285271 0.6143440196319667
      vertex 28.668646188508156 13.668646188508156 0.8010338178801852
      vertex 28.35534951379001 14.05039929120721 0.8010338178801852
    endloop
  endfacet
  facet normal -0.631338507103072 -0.7692881967445477 0.09801714032956783
    outer loop
      vertex 29.05039929120721 13.355349513790008 0.8010338178801852
      vertex 28.68223304703363 13.68223304703363 0.9951847266721967
      vertex 28.668646188508156 13.668646188508156 0.8010338178801852
    endloop
  endfacet
  facet normal -0.4510985516013383 -0.8439460307948894 0.2902846772544608
    outer loop
      vertex 29.01878415159073 13.308034113652507 0.6143440196319667
      vertex 29.46416137731546 13.06997502680377 0.6143440196319667
      vertex 29.05039929120721 13.355349513790008 0.8010338178801852
    endloop
  endfacet
  facet normal -0.45109855160133816 -0.8439460307948894 0.29028467725446105
    outer loop
      vertex 29.46416137731546 13.06997502680377 0.6143440196319667
      vertex 29.48593826424005 13.122549082563383 0.8010338178801852
      vertex 29.05039929120721 13.355349513790008 0.8010338178801852
    endloop
  endfacet
  facet normal -0.09379655517448189 -0.9523324064572578 0.2902846772544647
    outer loop
      vertex 29.947423828445288 12.92337896494158 0.6143440196319667
      vertex 30.45 12.873879532511285 0.6143440196319667
      vertex 29.958525589126094 12.979191284844337 0.8010338178801852
    endloop
  endfacet
  facet normal -0.2777851165098013 -0.915734806151273 0.29028467725446083
    outer loop
      vertex 29.46416137731546 13.06997502680377 0.6143440196319667
      vertex 29.947423828445288 12.92337896494158 0.6143440196319667
      vertex 29.48593826424005 13.122549082563383 0.8010338178801852
    endloop
  endfacet
  facet normal -0.27778511650980053 -0.9157348061512728 0.2902846772544623
    outer loop
      vertex 29.947423828445288 12.92337896494158 0.6143440196319667
      vertex 29.958525589126094 12.979191284844337 0.8010338178801852
      vertex 29.48593826424005 13.122549082563383 0.8010338178801852
    endloop
  endfacet
  facet normal -0.4691268326923464 -0.8776745724069166 0.09801714032955332
    outer loop
      vertex 29.05039929120721 13.355349513790008 0.8010338178801852
      vertex 29.48593826424005 13.122549082563383 0.8010338178801852
      vertex 29.061074417450993 13.371325969243635 0.9951847266721967
    endloop
  endfacet
  facet normal -0.09754516100806511 -0.9903926402016157 0.0980171403295545
    outer loop
      vertex 29.958525589126094 12.979191284844337 0.8010338178801852
      vertex 30.45 12.93078528040323 0.8010338178801852
      vertex 29.96227419495968 12.998036798991922 0.9951847266721967
    endloop
  endfacet
  facet normal -0.28888687719060846 -0.9523324064572588 0.0980171403295605
    outer loop
      vertex 29.48593826424005 13.122549082563383 0.8010338178801852
      vertex 29.958525589126094 12.979191284844337 0.8010338178801852
      vertex 29.493291419087274 13.140301168721782 0.9951847266721967
    endloop
  endfacet
  facet normal -0.7777851165098013 -0.4157348061512744 0.4713967368259958
    outer loop
      vertex 28.231198073123636 13.967443950687034 0.4422897161773749
      vertex 28.308034113652507 14.018784151590728 0.6143440196319667
      vertex 28.069975026803768 14.46416137731546 0.6143440196319667
    endloop
  endfacet
  facet normal -0.7777851165098016 -0.4157348061512743 0.47139673682599526
    outer loop
      vertex 28.231198073123636 13.967443950687034 0.4422897161773749
      vertex 28.069975026803768 14.46416137731546 0.6143440196319667
      vertex 27.98459939292191 14.428797631865393 0.4422897161773749
    endloop
  endfacet
  facet normal -0.8439460307948888 -0.2560082295852085 0.47139673682599836
    outer loop
      vertex 27.98459939292191 14.428797631865393 0.4422897161773749
      vertex 27.92337896494158 14.947423828445288 0.6143440196319667
      vertex 27.83274467543761 14.929395547354279 0.4422897161773749
    endloop
  endfacet
  facet normal -0.8439460307948917 -0.25600822958520736 0.471396736825994
    outer loop
      vertex 27.98459939292191 14.428797631865393 0.4422897161773749
      vertex 28.069975026803768 14.46416137731546 0.6143440196319667
      vertex 27.92337896494158 14.947423828445288 0.6143440196319667
    endloop
  endfacet
  facet normal -0.8776745724069159 -0.08644340032725735 0.4713967368259975
    outer loop
      vertex 27.83274467543761 14.929395547354279 0.4422897161773749
      vertex 27.92337896494158 14.947423828445288 0.6143440196319667
      vertex 27.873879532511285 15.45 0.6143440196319667
    endloop
  endfacet
  facet normal -0.8439460307948864 -0.45109855160133655 0.290284677254472
    outer loop
      vertex 28.308034113652507 14.018784151590728 0.6143440196319667
      vertex 28.35534951379001 14.05039929120721 0.8010338178801852
      vertex 28.122549082563385 14.485938264240051 0.8010338178801852
    endloop
  endfacet
  facet normal -0.8439460307948847 -0.4510985516013375 0.2902846772544757
    outer loop
      vertex 28.308034113652507 14.018784151590728 0.6143440196319667
      vertex 28.122549082563385 14.485938264240051 0.8010338178801852
      vertex 28.069975026803768 14.46416137731546 0.6143440196319667
    endloop
  endfacet
  facet normal -0.8776745724069162 -0.4691268326923461 0.09801714032955917
    outer loop
      vertex 28.35534951379001 14.05039929120721 0.8010338178801852
      vertex 28.140301168721784 14.493291419087274 0.9951847266721967
      vertex 28.122549082563385 14.485938264240051 0.8010338178801852
    endloop
  endfacet
  facet normal -0.7692881967445507 -0.6313385071030709 0.09801714032955186
    outer loop
      vertex 28.35534951379001 14.05039929120721 0.8010338178801852
      vertex 28.668646188508156 13.668646188508156 0.8010338178801852
      vertex 28.371325969243635 14.061074417450994 0.9951847266721967
    endloop
  endfacet
  facet normal -0.9157348061512729 -0.2777851165097979 0.2902846772544649
    outer loop
      vertex 28.069975026803768 14.46416137731546 0.6143440196319667
      vertex 27.979191284844337 14.958525589126095 0.8010338178801852
      vertex 27.92337896494158 14.947423828445288 0.6143440196319667
    endloop
  endfacet
  facet normal -0.9157348061512679 -0.27778511650980153 0.2902846772544769
    outer loop
      vertex 28.069975026803768 14.46416137731546 0.6143440196319667
      vertex 28.122549082563385 14.485938264240051 0.8010338178801852
      vertex 27.979191284844337 14.958525589126095 0.8010338178801852
    endloop
  endfacet
  facet normal -0.9523324064572573 -0.0937965551744853 0.29028467725446566
    outer loop
      vertex 27.92337896494158 14.947423828445288 0.6143440196319667
      vertex 27.979191284844337 14.958525589126095 0.8010338178801852
      vertex 27.930785280403228 15.45 0.8010338178801852
    endloop
  endfacet
  facet normal -0.9523324064572587 -0.2888868771906109 0.09801714032955447
    outer loop
      vertex 28.122549082563385 14.485938264240051 0.8010338178801852
      vertex 27.998036798991922 14.96227419495968 0.9951847266721967
      vertex 27.979191284844337 14.958525589126095 0.8010338178801852
    endloop
  endfacet
  facet normal 0.08644340032725667 -0.877674572406917 0.4713967368259957
    outer loop
      vertex 30.45 12.781469612302544 0.4422897161773749
      vertex 30.97060445264572 12.83274467543761 0.4422897161773749
      vertex 30.45 12.873879532511285 0.6143440196319667
    endloop
  endfacet
  facet normal -0.08644340032725743 -0.8776745724069169 0.47139673682599564
    outer loop
      vertex 30.45 12.781469612302544 0.4422897161773749
      vertex 30.45 12.873879532511285 0.6143440196319667
      vertex 29.947423828445288 12.92337896494158 0.6143440196319667
    endloop
  endfacet
  facet normal 0.2560082295852085 -0.8439460307948888 0.47139673682599836
    outer loop
      vertex 30.97060445264572 12.83274467543761 0.4422897161773749
      vertex 31.471202368134605 12.984599392921911 0.4422897161773749
      vertex 30.95257617155471 12.92337896494158 0.6143440196319667
    endloop
  endfacet
  facet normal 0.08644340032725735 -0.877674572406916 0.4713967368259975
    outer loop
      vertex 30.97060445264572 12.83274467543761 0.4422897161773749
      vertex 30.95257617155471 12.92337896494158 0.6143440196319667
      vertex 30.45 12.873879532511285 0.6143440196319667
    endloop
  endfacet
  facet normal 0.2560082295852092 -0.8439460307948873 0.471396736826001
    outer loop
      vertex 31.471202368134605 12.984599392921911 0.4422897161773749
      vertex 31.43583862268454 13.06997502680377 0.6143440196319667
      vertex 30.95257617155471 12.92337896494158 0.6143440196319667
    endloop
  endfacet
  facet normal 0.4157348061512727 -0.7777851165097986 0.4713967368260014
    outer loop
      vertex 31.471202368134605 12.984599392921911 0.4422897161773749
      vertex 31.932556049312964 13.231198073123636 0.4422897161773749
      vertex 31.43583862268454 13.06997502680377 0.6143440196319667
    endloop
  endfacet
  facet normal 0.4157348061512724 -0.7777851165098002 0.4713967368259991
    outer loop
      vertex 31.43583862268454 13.06997502680377 0.6143440196319667
      vertex 31.932556049312964 13.231198073123636 0.4422897161773749
      vertex 31.88121584840927 13.308034113652507 0.6143440196319667
    endloop
  endfacet
  facet normal 0.5594849272637089 -0.6817343563841572 0.4713967368260003
    outer loop
      vertex 31.932556049312964 13.231198073123636 0.4422897161773749
      vertex 32.336935932943234 13.563064067056763 0.4422897161773749
      vertex 31.88121584840927 13.308034113652507 0.6143440196319667
    endloop
  endfacet
  facet normal 0.559484927263709 -0.6817343563841666 0.4713967368259865
    outer loop
      vertex 32.336935932943234 13.563064067056763 0.4422897161773749
      vertex 32.27159225171473 13.628407748285271 0.6143440196319667
      vertex 31.88121584840927 13.308034113652507 0.6143440196319667
    endloop
  endfacet
  facet normal 0.6817343563841634 -0.5594849272637145 0.4713967368259849
    outer loop
      vertex 32.336935932943234 13.563064067056763 0.4422897161773749
      vertex 32.66880192687636 13.967443950687034 0.4422897161773749
      vertex 32.27159225171473 13.628407748285271 0.6143440196319667
    endloop
  endfacet
  facet normal 0.09379655517448188 -0.9523324064572575 0.29028467725446544
    outer loop
      vertex 30.45 12.873879532511285 0.6143440196319667
      vertex 30.95257617155471 12.92337896494158 0.6143440196319667
      vertex 30.45 12.93078528040323 0.8010338178801852
    endloop
  endfacet
  facet normal -0.09379655517448153 -0.9523324064572575 0.29028467725446544
    outer loop
      vertex 30.45 12.873879532511285 0.6143440196319667
      vertex 30.45 12.93078528040323 0.8010338178801852
      vertex 29.958525589126094 12.979191284844337 0.8010338178801852
    endloop
  endfacet
  facet normal 0.09379655517448156 -0.9523324064572578 0.29028467725446466
    outer loop
      vertex 30.95257617155471 12.92337896494158 0.6143440196319667
      vertex 30.941474410873905 12.979191284844337 0.8010338178801852
      vertex 30.45 12.93078528040323 0.8010338178801852
    endloop
  endfacet
  facet normal 0.2777851165098012 -0.9157348061512726 0.29028467725446233
    outer loop
      vertex 30.95257617155471 12.92337896494158 0.6143440196319667
      vertex 31.43583862268454 13.06997502680377 0.6143440196319667
      vertex 30.941474410873905 12.979191284844337 0.8010338178801852
    endloop
  endfacet
  facet normal 0.2777851165098007 -0.9157348061512731 0.29028467725446083
    outer loop
      vertex 31.43583862268454 13.06997502680377 0.6143440196319667
      vertex 31.414061735759947 13.122549082563383 0.8010338178801852
      vertex 30.941474410873905 12.979191284844337 0.8010338178801852
    endloop
  endfacet
  facet normal 0.09754516100806505 -0.9903926402016151 0.0980171403295607
    outer loop
      vertex 30.45 12.93078528040323 0.8010338178801852
      vertex 30.941474410873905 12.979191284844337 0.8010338178801852
      vertex 30.45 12.95 0.9951847266721967
    endloop
  endfacet
  facet normal 0.28888687719060857 -0.952332406457259 0.09801714032955715
    outer loop
      vertex 30.941474410873905 12.979191284844337 0.8010338178801852
      vertex 31.414061735759947 13.122549082563383 0.8010338178801852
      vertex 30.93772580504032 12.998036798991922 0.9951847266721967
    endloop
  endfacet
  facet normal 0.45109855160133827 -0.8439460307948892 0.29028467725446105
    outer loop
      vertex 31.43583862268454 13.06997502680377 0.6143440196319667
      vertex 31.88121584840927 13.308034113652507 0.6143440196319667
      vertex 31.414061735759947 13.122549082563383 0.8010338178801852
    endloop
  endfacet
  facet normal 0.45109855160133816 -0.8439460307948894 0.2902846772544608
    outer loop
      vertex 31.88121584840927 13.308034113652507 0.6143440196319667
      vertex 31.84960070879279 13.355349513790008 0.8010338178801852
      vertex 31.414061735759947 13.122549082563383 0.8010338178801852
    endloop
  endfacet
  facet normal 0.4691268326923461 -0.8776745724069162 0.09801714032955917
    outer loop
      vertex 31.414061735759947 13.122549082563383 0.8010338178801852
      vertex 31.84960070879279 13.355349513790008 0.8010338178801852
      vertex 31.406708580912724 13.140301168721782 0.9951847266721967
    endloop
  endfacet
  facet normal 0.6070765223338156 -0.7397248827654472 0.29028467725445967
    outer loop
      vertex 31.88121584840927 13.308034113652507 0.6143440196319667
      vertex 32.27159225171473 13.628407748285271 0.6143440196319667
      vertex 31.84960070879279 13.355349513790008 0.8010338178801852
    endloop
  endfacet
  facet normal 0.6070765223338156 -0.7397248827654468 0.29028467725446033
    outer loop
      vertex 32.27159225171473 13.628407748285271 0.6143440196319667
      vertex 32.23135381149184 13.668646188508156 0.8010338178801852
      vertex 31.84960070879279 13.355349513790008 0.8010338178801852
    endloop
  endfacet
  facet normal 0.7397248827654423 -0.6070765223338205 0.2902846772544616
    outer loop
      vertex 32.27159225171473 13.628407748285271 0.6143440196319667
      vertex 32.591965886347495 14.018784151590728 0.6143440196319667
      vertex 32.23135381149184 13.668646188508156 0.8010338178801852
    endloop
  endfacet
  facet normal 0.7397248827654429 -0.6070765223338089 0.2902846772544843
    outer loop
      vertex 32.591965886347495 14.018784151590728 0.6143440196319667
      vertex 32.54465048620999 14.05039929120721 0.8010338178801852
      vertex 32.23135381149184 13.668646188508156 0.8010338178801852
    endloop
  endfacet
  facet normal 0.631338507103073 -0.7692881967445488 0.09801714032955307
    outer loop
      vertex 31.84960070879279 13.355349513790008 0.8010338178801852
      vertex 32.23135381149184 13.668646188508156 0.8010338178801852
      vertex 31.838925582549006 13.371325969243635 0.9951847266721967
    endloop
  endfacet
  facet normal 0.7692881967445506 -0.6313385071030708 0.09801714032955389
    outer loop
      vertex 32.23135381149184 13.668646188508156 0.8010338178801852
      vertex 32.54465048620999 14.05039929120721 0.8010338178801852
      vertex 32.21776695296637 13.68223304703363 0.9951847266721967
    endloop
  endfacet
  facet normal 0.18415464974584397 -0.22439308996873078 0.9569403357322078
    outer loop
      vertex 32.181888291876795 12.8580460020843 0.07575392663191494
      vertex 32.786924044511444 13.113075955488554 0.01912219546999383
      vertex 32.65427568407982 13.245724315920182 0.07575392663191494
    endloop
  endfacet
  facet normal 0.22439308996872898 -0.1841546497458408 0.9569403357322088
    outer loop
      vertex 32.65427568407982 13.245724315920182 0.07575392663191494
      vertex 33.19793196864818 13.613890560093761 0.01912219546999383
      vertex 33.0419539979157 13.718111708123207 0.07575392663191494
    endloop
  endfacet
  facet normal 0.36439460524757333 -0.29905092401906147 0.8819212643483604
    outer loop
      vertex 32.65427568407982 13.245724315920182 0.07575392663191494
      vertex 33.0419539979157 13.718111708123207 0.07575392663191494
      vertex 32.53202625495936 13.367973745040635 0.1677188678166508
    endloop
  endfacet
  facet normal 0.3643946052475808 -0.29905092401907435 0.881921264348353
    outer loop
      vertex 33.0419539979157 13.718111708123207 0.07575392663191494
      vertex 32.898203876803265 13.814162468248847 0.1677188678166508
      vertex 32.53202625495936 13.367973745040635 0.1677188678166508
    endloop
  endfacet
  facet normal 0.49039264020162115 -0.4024548389919443 0.7730104533627289
    outer loop
      vertex 32.53202625495936 13.367973745040635 0.1677188678166508
      vertex 32.898203876803265 13.814162468248847 0.1677188678166508
      vertex 32.42487373415292 13.475126265847083 0.2914828579090054
    endloop
  endfacet
  facet normal 0.49039264020161494 -0.40245483899193174 0.7730104533627393
    outer loop
      vertex 32.42487373415292 13.475126265847083 0.2914828579090054
      vertex 32.898203876803265 13.814162468248847 0.1677188678166508
      vertex 32.77220584184923 13.898351663624943 0.2914828579090054
    endloop
  endfacet
  facet normal 0.597545161008059 -0.4903926402016062 0.6343932841636574
    outer loop
      vertex 32.42487373415292 13.475126265847083 0.2914828579090054
      vertex 32.77220584184923 13.898351663624943 0.2914828579090054
      vertex 32.336935932943234 13.563064067056763 0.4422897161773749
    endloop
  endfacet
  facet normal 0.5975451610080637 -0.49039264020161866 0.6343932841636433
    outer loop
      vertex 32.77220584184923 13.898351663624943 0.2914828579090054
      vertex 32.66880192687636 13.967443950687034 0.4422897161773749
      vertex 32.336935932943234 13.563064067056763 0.4422897161773749
    endloop
  endfacet
  facet normal 0.25600822958521047 -0.1368392496083435 0.9569403357322084
    outer loop
      vertex 33.0419539979157 13.718111708123207 0.07575392663191494
      vertex 33.50333840828777 14.185265820772528 0.01912219546999383
      vertex 33.33002497319623 14.257054596128912 0.07575392663191494
    endloop
  endfacet
  facet normal 0.41573480615127484 -0.22221488349020269 0.8819212643483529
    outer loop
      vertex 33.0419539979157 13.718111708123207 0.07575392663191494
      vertex 33.33002497319623 14.257054596128912 0.07575392663191494
      vertex 32.898203876803265 13.814162468248847 0.1677188678166508
    endloop
  endfacet
  facet normal 0.41573480615126984 -0.22221488349019702 0.8819212643483568
    outer loop
      vertex 32.898203876803265 13.814162468248847 0.1677188678166508
      vertex 33.33002497319623 14.257054596128912 0.07575392663191494
      vertex 33.170298396630166 14.323215510413998 0.1677188678166508
    endloop
  endfacet
  facet normal 0.45109855160133555 -0.13683924960833632 0.8819212643483572
    outer loop
      vertex 33.33002497319623 14.257054596128912 0.07575392663191494
      vertex 33.50741820389344 14.841841706993893 0.07575392663191494
      vertex 33.170298396630166 14.323215510413998 0.1677188678166508
    endloop
  endfacet
  facet normal 0.5594849272637051 -0.2990509240190686 0.7730104533627393
    outer loop
      vertex 32.77220584184923 13.898351663624943 0.2914828579090054
      vertex 32.898203876803265 13.814162468248847 0.1677188678166508
      vertex 33.170298396630166 14.323215510413998 0.1677188678166508
    endloop
  endfacet
  facet normal 0.559484927263702 -0.2990509240190646 0.7730104533627431
    outer loop
      vertex 32.77220584184923 13.898351663624943 0.2914828579090054
      vertex 33.170298396630166 14.323215510413998 0.1677188678166508
      vertex 33.03029688135131 14.381206036795284 0.2914828579090054
    endloop
  endfacet
  facet normal 0.6070765223338107 -0.18415464974583926 0.7730104533627431
    outer loop
      vertex 33.170298396630166 14.323215510413998 0.1677188678166508
      vertex 33.337853374635486 14.87557024860592 0.1677188678166508
      vertex 33.03029688135131 14.381206036795284 0.2914828579090054
    endloop
  endfacet
  facet normal 0.2777851165097947 -0.08426519384872273 0.956940335732211
    outer loop
      vertex 33.33002497319623 14.257054596128912 0.07575392663191494
      vertex 33.69140676522876 14.805244106687907 0.01912219546999383
      vertex 33.50741820389344 14.841841706993893 0.07575392663191494
    endloop
  endfacet
  facet normal 0.4510985516013436 -0.13683924960834246 0.8819212643483519
    outer loop
      vertex 33.50741820389344 14.841841706993893 0.07575392663191494
      vertex 33.337853374635486 14.87557024860592 0.1677188678166508
      vertex 33.170298396630166 14.323215510413998 0.1677188678166508
    endloop
  endfacet
  facet normal 0.46912683269235095 -0.04620496010437576 0.881921264348352
    outer loop
      vertex 33.50741820389344 14.841841706993893 0.07575392663191494
      vertex 33.56731656763491 15.45 0.07575392663191494
      vertex 33.337853374635486 14.87557024860592 0.1677188678166508
    endloop
  endfacet
  facet normal 0.6070765223338145 -0.1841546497458425 0.7730104533627392
    outer loop
      vertex 33.03029688135131 14.381206036795284 0.2914828579090054
      vertex 33.337853374635486 14.87557024860592 0.1677188678166508
      vertex 33.18922855875023 14.905133562585021 0.2914828579090054
    endloop
  endfacet
  facet normal 0.6313385071030722 -0.06218141555799684 0.7730104533627393
    outer loop
      vertex 33.337853374635486 14.87557024860592 0.1677188678166508
      vertex 33.394429766980394 15.45 0.1677188678166508
      vertex 33.18922855875023 14.905133562585021 0.2914828579090054
    endloop
  endfacet
  facet normal 0.6817343563841626 -0.36439460524757705 0.634393284163644
    outer loop
      vertex 32.77220584184923 13.898351663624943 0.2914828579090054
      vertex 33.03029688135131 14.381206036795284 0.2914828579090054
      vertex 32.66880192687636 13.967443950687034 0.4422897161773749
    endloop
  endfacet
  facet normal 0.6817343563841621 -0.36439460524757633 0.634393284163645
    outer loop
      vertex 32.66880192687636 13.967443950687034 0.4422897161773749
      vertex 33.03029688135131 14.381206036795284 0.2914828579090054
      vertex 32.915400607078084 14.428797631865393 0.4422897161773749
    endloop
  endfacet
  facet normal 0.7397248827654442 -0.22439308996872906 0.6343932841636453
    outer loop
      vertex 33.03029688135131 14.381206036795284 0.2914828579090054
      vertex 33.18922855875023 14.905133562585021 0.2914828579090054
      vertex 32.915400607078084 14.428797631865393 0.4422897161773749
    endloop
  endfacet
  facet normal 0.7692881967445514 -0.075768274083473 0.6343932841636393
    outer loop
      vertex 33.18922855875023 14.905133562585021 0.2914828579090054
      vertex 33.24289321881345 15.45 0.2914828579090054
      vertex 33.06725532456239 14.929395547354279 0.4422897161773749
    endloop
  endfacet
  facet normal 0.7397248827654481 -0.22439308996873314 0.6343932841636394
    outer loop
      vertex 33.18922855875023 14.905133562585021 0.2914828579090054
      vertex 33.06725532456239 14.929395547354279 0.4422897161773749
      vertex 32.915400607078084 14.428797631865393 0.4422897161773749
    endloop
  endfacet
  facet normal 0.6817343563841632 -0.5594849272637145 0.4713967368259849
    outer loop
      vertex 32.66880192687636 13.967443950687034 0.4422897161773749
      vertex 32.591965886347495 14.018784151590728 0.6143440196319667
      vertex 32.27159225171473 13.628407748285271 0.6143440196319667
    endloop
  endfacet
  facet normal 0.7777851165098099 -0.4157348061512727 0.4713967368259831
    outer loop
      vertex 32.66880192687636 13.967443950687034 0.4422897161773749
      vertex 32.915400607078084 14.428797631865393 0.4422897161773749
      vertex 32.591965886347495 14.018784151590728 0.6143440196319667
    endloop
  endfacet
  facet normal 0.77778511650981 -0.41573480615127284 0.471396736825983
    outer loop
      vertex 32.591965886347495 14.018784151590728 0.6143440196319667
      vertex 32.915400607078084 14.428797631865393 0.4422897161773749
      vertex 32.83002497319623 14.46416137731546 0.6143440196319667
    endloop
  endfacet
  facet normal 0.8439460307948963 -0.25600822958521674 0.4713967368259808
    outer loop
      vertex 32.915400607078084 14.428797631865393 0.4422897161773749
      vertex 33.06725532456239 14.929395547354279 0.4422897161773749
      vertex 32.83002497319623 14.46416137731546 0.6143440196319667
    endloop
  endfacet
  facet normal 0.8439460307948841 -0.25600822958519887 0.4713967368260123
    outer loop
      vertex 33.06725532456239 14.929395547354279 0.4422897161773749
      vertex 32.976621035058415 14.947423828445288 0.6143440196319667
      vertex 32.83002497319623 14.46416137731546 0.6143440196319667
    endloop
  endfacet
  facet normal 0.8776745724069085 -0.08644340032725582 0.4713967368260116
    outer loop
      vertex 33.06725532456239 14.929395547354279 0.4422897161773749
      vertex 33.118530387697454 15.45 0.4422897161773749
      vertex 32.976621035058415 14.947423828445288 0.6143440196319667
    endloop
  endfacet
  facet normal 0.8439460307948846 -0.45109855160133067 0.29028467725448664
    outer loop
      vertex 32.591965886347495 14.018784151590728 0.6143440196319667
      vertex 32.83002497319623 14.46416137731546 0.6143440196319667
      vertex 32.54465048620999 14.05039929120721 0.8010338178801852
    endloop
  endfacet
  facet normal 0.8439460307948864 -0.45109855160134354 0.2902846772544609
    outer loop
      vertex 32.54465048620999 14.05039929120721 0.8010338178801852
      vertex 32.83002497319623 14.46416137731546 0.6143440196319667
      vertex 32.77745091743662 14.485938264240051 0.8010338178801852
    endloop
  endfacet
  facet normal 0.8776745724069138 -0.4691268326923521 0.09801714032954965
    outer loop
      vertex 32.54465048620999 14.05039929120721 0.8010338178801852
      vertex 32.77745091743662 14.485938264240051 0.8010338178801852
      vertex 32.52867403075636 14.061074417450994 0.9951847266721967
    endloop
  endfacet
  facet normal 0.915734806151276 -0.2777851165097921 0.2902846772544606
    outer loop
      vertex 32.83002497319623 14.46416137731546 0.6143440196319667
      vertex 32.976621035058415 14.947423828445288 0.6143440196319667
      vertex 32.77745091743662 14.485938264240051 0.8010338178801852
    endloop
  endfacet
  facet normal 0.9157348061512807 -0.27778511650980536 0.29028467725443274
    outer loop
      vertex 32.976621035058415 14.947423828445288 0.6143440196319667
      vertex 32.920808715155665 14.958525589126095 0.8010338178801852
      vertex 32.77745091743662 14.485938264240051 0.8010338178801852
    endloop
  endfacet
  facet normal 0.9523324064572676 -0.09379655517448286 0.2902846772544323
    outer loop
      vertex 32.976621035058415 14.947423828445288 0.6143440196319667
      vertex 33.02612046748871 15.45 0.6143440196319667
      vertex 32.920808715155665 14.958525589126095 0.8010338178801852
    endloop
  endfacet
  facet normal 0.9523324064572564 -0.28888687719061024 0.09801714032957778
    outer loop
      vertex 32.77745091743662 14.485938264240051 0.8010338178801852
      vertex 32.920808715155665 14.958525589126095 0.8010338178801852
      vertex 32.759698831278214 14.493291419087274 0.9951847266721967
    endloop
  endfacet
  facet normal 0.9903926402016127 -0.09754516100806158 0.09801714032958948
    outer loop
      vertex 32.920808715155665 14.958525589126095 0.8010338178801852
      vertex 32.96921471959677 15.45 0.8010338178801852
      vertex 32.90196320100807 14.96227419495968 0.9951847266721967
    endloop
  endfacet
  facet normal -0.6313385071030775 -0.7692881967445451 0.098017140329553
    outer loop
      vertex 29.05039929120721 13.355349513790008 0.8010338178801852
      vertex 29.061074417450993 13.371325969243635 0.9951847266721967
      vertex 28.68223304703363 13.68223304703363 0.9951847266721967
    endloop
  endfacet
  facet normal -0.7692881967445455 -0.6313385071030748 0.09801714032956789
    outer loop
      vertex 28.668646188508156 13.668646188508156 0.8010338178801852
      vertex 28.68223304703363 13.68223304703363 0.9951847266721967
      vertex 28.371325969243635 14.061074417450994 0.9951847266721967
    endloop
  endfacet
  facet normal -0.4691268326923441 -0.8776745724069172 0.09801714032955919
    outer loop
      vertex 29.48593826424005 13.122549082563383 0.8010338178801852
      vertex 29.493291419087274 13.140301168721782 0.9951847266721967
      vertex 29.061074417450993 13.371325969243635 0.9951847266721967
    endloop
  endfacet
  facet normal -0.28888687719060985 -0.9523324064572587 0.09801714032955718
    outer loop
      vertex 29.493291419087274 13.140301168721782 0.9951847266721967
      vertex 29.958525589126094 12.979191284844337 0.8010338178801852
      vertex 29.96227419495968 12.998036798991922 0.9951847266721967
    endloop
  endfacet
  facet normal -0.8776745724069187 -0.4691268326923433 0.09801714032954957
    outer loop
      vertex 28.35534951379001 14.05039929120721 0.8010338178801852
      vertex 28.371325969243635 14.061074417450994 0.9951847266721967
      vertex 28.140301168721784 14.493291419087274 0.9951847266721967
    endloop
  endfacet
  facet normal -0.9523324064572575 -0.28888687719061307 0.09801714032956056
    outer loop
      vertex 28.122549082563385 14.485938264240051 0.8010338178801852
      vertex 28.140301168721784 14.493291419087274 0.9951847266721967
      vertex 27.998036798991922 14.96227419495968 0.9951847266721967
    endloop
  endfacet
  facet normal -0.990392640201616 -0.09754516100806265 0.0980171403295536
    outer loop
      vertex 27.979191284844337 14.958525589126095 0.8010338178801852
      vertex 27.998036798991922 14.96227419495968 0.9951847266721967
      vertex 27.95 15.45 0.9951847266721967
    endloop
  endfacet
  facet normal -0.09754516100806258 -0.9903926402016153 0.09801714032956073
    outer loop
      vertex 30.45 12.93078528040323 0.8010338178801852
      vertex 30.45 12.95 0.9951847266721967
      vertex 29.96227419495968 12.998036798991922 0.9951847266721967
    endloop
  endfacet
  facet normal 0.09754516100806264 -0.9903926402016159 0.09801714032955447
    outer loop
      vertex 30.941474410873905 12.979191284844337 0.8010338178801852
      vertex 30.93772580504032 12.998036798991922 0.9951847266721967
      vertex 30.45 12.95 0.9951847266721967
    endloop
  endfacet
  facet normal 0.2888868771906098 -0.9523324064572585 0.09801714032956053
    outer loop
      vertex 31.414061735759947 13.122549082563383 0.8010338178801852
      vertex 31.406708580912724 13.140301168721782 0.9951847266721967
      vertex 30.93772580504032 12.998036798991922 0.9951847266721967
    endloop
  endfacet
  facet normal 0.4691268326923443 -0.8776745724069176 0.09801714032955328
    outer loop
      vertex 31.84960070879279 13.355349513790008 0.8010338178801852
      vertex 31.838925582549006 13.371325969243635 0.9951847266721967
      vertex 31.406708580912724 13.140301168721782 0.9951847266721967
    endloop
  endfacet
  facet normal 0.6313385071030738 -0.769288196744548 0.09801714032955643
    outer loop
      vertex 32.23135381149184 13.668646188508156 0.8010338178801852
      vertex 32.21776695296637 13.68223304703363 0.9951847266721967
      vertex 31.838925582549006 13.371325969243635 0.9951847266721967
    endloop
  endfacet
  facet normal 0.7692881967445502 -0.6313385071030715 0.09801714032955183
    outer loop
      vertex 32.54465048620999 14.05039929120721 0.8010338178801852
      vertex 32.52867403075636 14.061074417450994 0.9951847266721967
      vertex 32.21776695296637 13.68223304703363 0.9951847266721967
    endloop
  endfacet
  facet normal 0.8776745724069164 -0.46912683269234207 0.0980171403295751
    outer loop
      vertex 32.52867403075636 14.061074417450994 0.9951847266721967
      vertex 32.77745091743662 14.485938264240051 0.8010338178801852
      vertex 32.759698831278214 14.493291419087274 0.9951847266721967
    endloop
  endfacet
  facet normal 0.9523324064572567 -0.28888687719060563 0.09801714032958907
    outer loop
      vertex 32.920808715155665 14.958525589126095 0.8010338178801852
      vertex 32.90196320100807 14.96227419495968 0.9951847266721967
      vertex 32.759698831278214 14.493291419087274 0.9951847266721967
    endloop
  endfacet
  facet normal -0.7397248827654459 0.22439308996872454 0.634393284163645
    outer loop
      vertex 27.71077144124977 15.994866437414977 0.2914828579090054
      vertex 27.98459939292191 16.471202368134605 0.4422897161773749
      vertex 27.869703118648683 16.518793963204715 0.2914828579090054
    endloop
  endfacet
  facet normal -0.5594849272637075 0.2990509240190716 0.7730104533627364
    outer loop
      vertex 27.729701603369833 16.576784489586 0.1677188678166508
      vertex 27.869703118648683 16.518793963204715 0.2914828579090054
      vertex 28.12779415815077 17.001648336375055 0.2914828579090054
    endloop
  endfacet
  facet normal -0.5594849272637037 0.29905092401906674 0.773010453362741
    outer loop
      vertex 27.729701603369833 16.576784489586 0.1677188678166508
      vertex 28.12779415815077 17.001648336375055 0.2914828579090054
      vertex 28.001796123196733 17.085837531751153 0.1677188678166508
    endloop
  endfacet
  facet normal -0.22439308996872828 0.18415464974584192 0.9569403357322088
    outer loop
      vertex 27.70206803135182 17.286109439906237 0.01912219546999383
      vertex 27.8580460020843 17.181888291876792 0.07575392663191494
      vertex 28.24572431592018 17.654275684079817 0.07575392663191494
    endloop
  endfacet
  facet normal -0.364394605247584 0.2990509240190739 0.8819212643483518
    outer loop
      vertex 27.8580460020843 17.181888291876792 0.07575392663191494
      vertex 28.001796123196733 17.085837531751153 0.1677188678166508
      vertex 28.367973745040633 17.532026254959366 0.1677188678166508
    endloop
  endfacet
  facet normal -0.3643946052475828 0.29905092401907196 0.881921264348353
    outer loop
      vertex 27.8580460020843 17.181888291876792 0.07575392663191494
      vertex 28.367973745040633 17.532026254959366 0.1677188678166508
      vertex 28.24572431592018 17.654275684079817 0.07575392663191494
    endloop
  endfacet
  facet normal -0.2990509240190726 0.36439460524758227 0.881921264348353
    outer loop
      vertex 28.24572431592018 17.654275684079817 0.07575392663191494
      vertex 28.367973745040633 17.532026254959366 0.1677188678166508
      vertex 28.814162468248846 17.898203876803265 0.1677188678166508
    endloop
  endfacet
  facet normal -0.49039264020161005 0.40245483899193363 0.7730104533627413
    outer loop
      vertex 28.001796123196733 17.085837531751153 0.1677188678166508
      vertex 28.12779415815077 17.001648336375055 0.2914828579090054
      vertex 28.475126265847084 17.424873734152914 0.2914828579090054
    endloop
  endfacet
  facet normal -0.4903926402016081 0.4024548389919297 0.7730104533627447
    outer loop
      vertex 28.001796123196733 17.085837531751153 0.1677188678166508
      vertex 28.475126265847084 17.424873734152914 0.2914828579090054
      vertex 28.367973745040633 17.532026254959366 0.1677188678166508
    endloop
  endfacet
  facet normal -0.4024548389919311 0.490392640201607 0.7730104533627448
    outer loop
      vertex 28.367973745040633 17.532026254959366 0.1677188678166508
      vertex 28.475126265847084 17.424873734152914 0.2914828579090054
      vertex 28.898351663624943 17.772205841849228 0.2914828579090054
    endloop
  endfacet
  facet normal -0.6817343563841605 0.3643946052475809 0.6343932841636443
    outer loop
      vertex 27.869703118648683 16.518793963204715 0.2914828579090054
      vertex 28.231198073123636 16.932556049312964 0.4422897161773749
      vertex 28.12779415815077 17.001648336375055 0.2914828579090054
    endloop
  endfacet
  facet normal -0.6817343563841601 0.36439460524758044 0.6343932841636448
    outer loop
      vertex 27.869703118648683 16.518793963204715 0.2914828579090054
      vertex 27.98459939292191 16.471202368134605 0.4422897161773749
      vertex 28.231198073123636 16.932556049312964 0.4422897161773749
    endloop
  endfacet
  facet normal -0.5975451610080703 0.49039264020162265 0.6343932841636338
    outer loop
      vertex 28.12779415815077 17.001648336375055 0.2914828579090054
      vertex 28.56306406705676 17.336935932943238 0.4422897161773749
      vertex 28.475126265847084 17.424873734152914 0.2914828579090054
    endloop
  endfacet
  facet normal -0.4903926402016177 0.5975451610080643 0.6343932841636434
    outer loop
      vertex 28.475126265847084 17.424873734152914 0.2914828579090054
      vertex 28.967443950687034 17.668801926876363 0.4422897161773749
      vertex 28.898351663624943 17.772205841849228 0.2914828579090054
    endloop
  endfacet
  facet normal -0.5975451610080671 0.4903926402016141 0.6343932841636436
    outer loop
      vertex 28.12779415815077 17.001648336375055 0.2914828579090054
      vertex 28.231198073123636 16.932556049312964 0.4422897161773749
      vertex 28.56306406705676 17.336935932943238 0.4422897161773749
    endloop
  endfacet
  facet normal -0.4903926402016193 0.5975451610080735 0.6343932841636336
    outer loop
      vertex 28.475126265847084 17.424873734152914 0.2914828579090054
      vertex 28.56306406705676 17.336935932943238 0.4422897161773749
      vertex 28.967443950687034 17.668801926876363 0.4422897161773749
    endloop
  endfacet
  facet normal 0.4024548389919316 0.4903926402016117 0.7730104533627414
    outer loop
      vertex 32.42487373415292 17.424873734152914 0.2914828579090054
      vertex 32.08583753175115 17.898203876803265 0.1677188678166508
      vertex 32.001648336375055 17.772205841849228 0.2914828579090054
    endloop
  endfacet
  facet normal 0.40245483899193873 0.4903926402016152 0.7730104533627354
    outer loop
      vertex 32.53202625495936 17.532026254959366 0.1677188678166508
      vertex 32.08583753175115 17.898203876803265 0.1677188678166508
      vertex 32.42487373415292 17.424873734152914 0.2914828579090054
    endloop
  endfacet
  facet normal 0.49039264020161316 0.5975451610080637 0.6343932841636476
    outer loop
      vertex 32.42487373415292 17.424873734152914 0.2914828579090054
      vertex 32.001648336375055 17.772205841849228 0.2914828579090054
      vertex 32.336935932943234 17.336935932943238 0.4422897161773749
    endloop
  endfacet
  facet normal 0.59754516100806 0.4903926402016136 0.6343932841636507
    outer loop
      vertex 32.42487373415292 17.424873734152914 0.2914828579090054
      vertex 32.336935932943234 17.336935932943238 0.4422897161773749
      vertex 32.66880192687636 16.932556049312964 0.4422897161773749
    endloop
  endfacet
  facet normal 0.49039264020161666 0.597545161008065 0.6343932841636434
    outer loop
      vertex 32.001648336375055 17.772205841849228 0.2914828579090054
      vertex 31.932556049312964 17.668801926876363 0.4422897161773749
      vertex 32.336935932943234 17.336935932943238 0.4422897161773749
    endloop
  endfacet
  facet normal -0.877674572406916 0.08644340032725657 0.4713967368259975
    outer loop
      vertex 27.781469612302544 15.45 0.4422897161773749
      vertex 27.92337896494158 15.95257617155471 0.6143440196319667
      vertex 27.83274467543761 15.97060445264572 0.4422897161773749
    endloop
  endfacet
  facet normal -0.8776745724069169 0.08644340032725745 0.47139673682599564
    outer loop
      vertex 27.781469612302544 15.45 0.4422897161773749
      vertex 27.873879532511285 15.45 0.6143440196319667
      vertex 27.92337896494158 15.95257617155471 0.6143440196319667
    endloop
  endfacet
  facet normal -0.8439460307948895 0.25600822958520675 0.4713967368259984
    outer loop
      vertex 27.83274467543761 15.97060445264572 0.4422897161773749
      vertex 27.92337896494158 15.95257617155471 0.6143440196319667
      vertex 28.069975026803768 16.43583862268454 0.6143440196319667
    endloop
  endfacet
  facet normal -0.8439460307948912 0.2560082295852092 0.4713967368259941
    outer loop
      vertex 27.83274467543761 15.97060445264572 0.4422897161773749
      vertex 28.069975026803768 16.43583862268454 0.6143440196319667
      vertex 27.98459939292191 16.471202368134605 0.4422897161773749
    endloop
  endfacet
  facet normal -0.95233240645726 -0.09379655517448213 0.29028467725445717
    outer loop
      vertex 27.92337896494158 14.947423828445288 0.6143440196319667
      vertex 27.930785280403228 15.45 0.8010338178801852
      vertex 27.873879532511285 15.45 0.6143440196319667
    endloop
  endfacet
  facet normal -0.9523324064572575 0.09379655517448188 0.2902846772544655
    outer loop
      vertex 27.873879532511285 15.45 0.6143440196319667
      vertex 27.979191284844337 15.941474410873903 0.8010338178801852
      vertex 27.92337896494158 15.95257617155471 0.6143440196319667
    endloop
  endfacet
  facet normal -0.9523324064572598 0.09379655517448554 0.29028467725445706
    outer loop
      vertex 27.873879532511285 15.45 0.6143440196319667
      vertex 27.930785280403228 15.45 0.8010338178801852
      vertex 27.979191284844337 15.941474410873903 0.8010338178801852
    endloop
  endfacet
  facet normal -0.9903926402016139 -0.09754516100806887 0.09801714032956962
    outer loop
      vertex 27.979191284844337 14.958525589126095 0.8010338178801852
      vertex 27.95 15.45 0.9951847266721967
      vertex 27.930785280403228 15.45 0.8010338178801852
    endloop
  endfacet
  facet normal -0.9903926402016155 0.09754516100806904 0.09801714032955366
    outer loop
      vertex 27.930785280403228 15.45 0.8010338178801852
      vertex 27.998036798991922 15.93772580504032 0.9951847266721967
      vertex 27.979191284844337 15.941474410873903 0.8010338178801852
    endloop
  endfacet
  facet normal -0.9157348061512713 0.27778511650980253 0.29028467725446466
    outer loop
      vertex 27.92337896494158 15.95257617155471 0.6143440196319667
      vertex 27.979191284844337 15.941474410873903 0.8010338178801852
      vertex 28.122549082563385 16.414061735759947 0.8010338178801852
    endloop
  endfacet
  facet normal -0.9157348061512692 0.2777851165097968 0.29028467725447665
    outer loop
      vertex 27.92337896494158 15.95257617155471 0.6143440196319667
      vertex 28.122549082563385 16.414061735759947 0.8010338178801852
      vertex 28.069975026803768 16.43583862268454 0.6143440196319667
    endloop
  endfacet
  facet normal -0.952332406457258 0.28888687719061074 0.09801714032956055
    outer loop
      vertex 27.979191284844337 15.941474410873903 0.8010338178801852
      vertex 28.140301168721784 16.406708580912724 0.9951847266721967
      vertex 28.122549082563385 16.414061735759947 0.8010338178801852
    endloop
  endfacet
  facet normal -0.7777851165097999 0.4157348061512733 0.4713967368259991
    outer loop
      vertex 27.98459939292191 16.471202368134605 0.4422897161773749
      vertex 28.308034113652507 16.88121584840927 0.6143440196319667
      vertex 28.231198073123636 16.932556049312964 0.4422897161773749
    endloop
  endfacet
  facet normal -0.7777851165098009 0.41573480615127584 0.47139673682599514
    outer loop
      vertex 27.98459939292191 16.471202368134605 0.4422897161773749
      vertex 28.069975026803768 16.43583862268454 0.6143440196319667
      vertex 28.308034113652507 16.88121584840927 0.6143440196319667
    endloop
  endfacet
  facet normal -0.6817343563841622 0.5594849272637024 0.47139673682600064
    outer loop
      vertex 28.231198073123636 16.932556049312964 0.4422897161773749
      vertex 28.308034113652507 16.88121584840927 0.6143440196319667
      vertex 28.62840774828527 17.27159225171473 0.6143440196319667
    endloop
  endfacet
  facet normal -0.681734356384163 0.5594849272637058 0.47139673682599553
    outer loop
      vertex 28.231198073123636 16.932556049312964 0.4422897161773749
      vertex 28.62840774828527 17.27159225171473 0.6143440196319667
      vertex 28.56306406705676 17.336935932943238 0.4422897161773749
    endloop
  endfacet
  facet normal -0.5594849272637041 0.6817343563841644 0.47139673682599537
    outer loop
      vertex 28.56306406705676 17.336935932943238 0.4422897161773749
      vertex 28.62840774828527 17.27159225171473 0.6143440196319667
      vertex 29.01878415159073 17.59196588634749 0.6143440196319667
    endloop
  endfacet
  facet normal -0.559484927263704 0.6817343563841609 0.47139673682600053
    outer loop
      vertex 28.56306406705676 17.336935932943238 0.4422897161773749
      vertex 29.01878415159073 17.59196588634749 0.6143440196319667
      vertex 28.967443950687034 17.668801926876363 0.4422897161773749
    endloop
  endfacet
  facet normal -0.4157348061512748 0.777785116509799 0.47139673682599914
    outer loop
      vertex 28.967443950687034 17.668801926876363 0.4422897161773749
      vertex 29.01878415159073 17.59196588634749 0.6143440196319667
      vertex 29.46416137731546 17.83002497319623 0.6143440196319667
    endloop
  endfacet
  facet normal -0.8439460307948858 0.4510985516013399 0.2902846772544681
    outer loop
      vertex 28.069975026803768 16.43583862268454 0.6143440196319667
      vertex 28.35534951379001 16.84960070879279 0.8010338178801852
      vertex 28.308034113652507 16.88121584840927 0.6143440196319667
    endloop
  endfacet
  facet normal -0.8439460307948854 0.45109855160133605 0.2902846772544757
    outer loop
      vertex 28.069975026803768 16.43583862268454 0.6143440196319667
      vertex 28.122549082563385 16.414061735759947 0.8010338178801852
      vertex 28.35534951379001 16.84960070879279 0.8010338178801852
    endloop
  endfacet
  facet normal -0.7397248827654472 0.6070765223338124 0.2902846772544661
    outer loop
      vertex 28.308034113652507 16.88121584840927 0.6143440196319667
      vertex 28.35534951379001 16.84960070879279 0.8010338178801852
      vertex 28.668646188508156 17.231353811491843 0.8010338178801852
    endloop
  endfacet
  facet normal -0.8776745724069173 0.46912683269234673 0.09801714032954534
    outer loop
      vertex 28.122549082563385 16.414061735759947 0.8010338178801852
      vertex 28.371325969243635 16.838925582549006 0.9951847266721967
      vertex 28.35534951379001 16.84960070879279 0.8010338178801852
    endloop
  endfacet
  facet normal -0.7397248827654472 0.6070765223338122 0.2902846772544667
    outer loop
      vertex 28.308034113652507 16.88121584840927 0.6143440196319667
      vertex 28.668646188508156 17.231353811491843 0.8010338178801852
      vertex 28.62840774828527 17.27159225171473 0.6143440196319667
    endloop
  endfacet
  facet normal -0.6070765223338125 0.739724882765447 0.29028467725446666
    outer loop
      vertex 28.62840774828527 17.27159225171473 0.6143440196319667
      vertex 28.668646188508156 17.231353811491843 0.8010338178801852
      vertex 29.05039929120721 17.54465048620999 0.8010338178801852
    endloop
  endfacet
  facet normal -0.6070765223338123 0.7397248827654472 0.2902846772544661
    outer loop
      vertex 28.62840774828527 17.27159225171473 0.6143440196319667
      vertex 29.05039929120721 17.54465048620999 0.8010338178801852
      vertex 29.01878415159073 17.59196588634749 0.6143440196319667
    endloop
  endfacet
  facet normal -0.7692881967445495 0.6313385071030699 0.09801714032956776
    outer loop
      vertex 28.35534951379001 16.84960070879279 0.8010338178801852
      vertex 28.68223304703363 17.217766952966368 0.9951847266721967
      vertex 28.668646188508156 17.231353811491843 0.8010338178801852
    endloop
  endfacet
  facet normal -0.6313385071030713 0.7692881967445512 0.09801714032954613
    outer loop
      vertex 28.668646188508156 17.231353811491843 0.8010338178801852
      vertex 29.061074417450993 17.528674030756363 0.9951847266721967
      vertex 29.05039929120721 17.54465048620999 0.8010338178801852
    endloop
  endfacet
  facet normal -0.4510985516013371 0.8439460307948874 0.2902846772544681
    outer loop
      vertex 29.01878415159073 17.59196588634749 0.6143440196319667
      vertex 29.05039929120721 17.54465048620999 0.8010338178801852
      vertex 29.48593826424005 17.777450917436614 0.8010338178801852
    endloop
  endfacet
  facet normal -0.4691268326923461 0.8776745724069162 0.09801714032955913
    outer loop
      vertex 29.05039929120721 17.54465048620999 0.8010338178801852
      vertex 29.493291419087274 17.759698831278214 0.9951847266721967
      vertex 29.48593826424005 17.777450917436614 0.8010338178801852
    endloop
  endfacet
  facet normal 0.6817343563841658 0.5594849272637115 0.4713967368259846
    outer loop
      vertex 32.336935932943234 17.336935932943238 0.4422897161773749
      vertex 32.27159225171473 17.27159225171473 0.6143440196319667
      vertex 32.591965886347495 16.88121584840927 0.6143440196319667
    endloop
  endfacet
  facet normal 0.5594849272637117 0.6817343563841642 0.47139673682598665
    outer loop
      vertex 32.336935932943234 17.336935932943238 0.4422897161773749
      vertex 31.932556049312964 17.668801926876363 0.4422897161773749
      vertex 32.27159225171473 17.27159225171473 0.6143440196319667
    endloop
  endfacet
  facet normal 0.5594849272637022 0.6817343563841622 0.4713967368260007
    outer loop
      vertex 31.932556049312964 17.668801926876363 0.4422897161773749
      vertex 31.88121584840927 17.59196588634749 0.6143440196319667
      vertex 32.27159225171473 17.27159225171473 0.6143440196319667
    endloop
  endfacet
  facet normal 0.7397248827654409 0.6070765223338138 0.2902846772544789
    outer loop
      vertex 32.591965886347495 16.88121584840927 0.6143440196319667
      vertex 32.27159225171473 17.27159225171473 0.6143440196319667
      vertex 32.54465048620999 16.84960070879279 0.8010338178801852
    endloop
  endfacet
  facet normal 0.7692881967445512 0.6313385071030713 0.09801714032954613
    outer loop
      vertex 32.54465048620999 16.84960070879279 0.8010338178801852
      vertex 32.23135381149184 17.231353811491843 0.8010338178801852
      vertex 32.52867403075636 16.838925582549006 0.9951847266721967
    endloop
  endfacet
  facet normal 0.4510985516013399 0.8439460307948858 0.29028467725446827
    outer loop
      vertex 31.43583862268454 17.83002497319623 0.6143440196319667
      vertex 31.84960070879279 17.54465048620999 0.8010338178801852
      vertex 31.88121584840927 17.59196588634749 0.6143440196319667
    endloop
  endfacet
  facet normal 0.4510985516013361 0.8439460307948854 0.29028467725447576
    outer loop
      vertex 31.43583862268454 17.83002497319623 0.6143440196319667
      vertex 31.414061735759947 17.777450917436614 0.8010338178801852
      vertex 31.84960070879279 17.54465048620999 0.8010338178801852
    endloop
  endfacet
  facet normal 0.6070765223338122 0.7397248827654472 0.29028467725446666
    outer loop
      vertex 32.27159225171473 17.27159225171473 0.6143440196319667
      vertex 31.88121584840927 17.59196588634749 0.6143440196319667
      vertex 32.23135381149184 17.231353811491843 0.8010338178801852
    endloop
  endfacet
  facet normal 0.7397248827654471 0.6070765223338123 0.29028467725446666
    outer loop
      vertex 32.27159225171473 17.27159225171473 0.6143440196319667
      vertex 32.23135381149184 17.231353811491843 0.8010338178801852
      vertex 32.54465048620999 16.84960070879279 0.8010338178801852
    endloop
  endfacet
  facet normal 0.6070765223338125 0.7397248827654471 0.29028467725446616
    outer loop
      vertex 31.88121584840927 17.59196588634749 0.6143440196319667
      vertex 31.84960070879279 17.54465048620999 0.8010338178801852
      vertex 32.23135381149184 17.231353811491843 0.8010338178801852
    endloop
  endfacet
  facet normal 0.46912683269234673 0.8776745724069173 0.09801714032954528
    outer loop
      vertex 31.414061735759947 17.777450917436614 0.8010338178801852
      vertex 31.838925582549006 17.528674030756363 0.9951847266721967
      vertex 31.84960070879279 17.54465048620999 0.8010338178801852
    endloop
  endfacet
  facet normal 0.6313385071030707 0.7692881967445504 0.09801714032955638
    outer loop
      vertex 32.23135381149184 17.231353811491843 0.8010338178801852
      vertex 31.84960070879279 17.54465048620999 0.8010338178801852
      vertex 32.21776695296637 17.217766952966368 0.9951847266721967
    endloop
  endfacet
  facet normal -0.18415464974584192 0.2243930899687283 0.9569403357322088
    outer loop
      vertex 28.24572431592018 17.654275684079817 0.07575392663191494
      vertex 28.718111708123207 18.041953997915698 0.07575392663191494
      vertex 28.113075955488554 17.786924044511444 0.01912219546999383
    endloop
  endfacet
  facet normal -0.29905092401907335 0.3643946052475845 0.8819212643483518
    outer loop
      vertex 28.24572431592018 17.654275684079817 0.07575392663191494
      vertex 28.814162468248846 17.898203876803265 0.1677188678166508
      vertex 28.718111708123207 18.041953997915698 0.07575392663191494
    endloop
  endfacet
  facet normal -0.13683924960834198 0.2560082295852099 0.9569403357322087
    outer loop
      vertex 28.61389056009376 18.197931968648177 0.01912219546999383
      vertex 28.718111708123207 18.041953997915698 0.07575392663191494
      vertex 29.25705459612891 18.330024973196227 0.07575392663191494
    endloop
  endfacet
  facet normal -0.22221488349020072 0.4157348061512782 0.8819212643483519
    outer loop
      vertex 28.718111708123207 18.041953997915698 0.07575392663191494
      vertex 28.814162468248846 17.898203876803265 0.1677188678166508
      vertex 29.323215510414 18.170298396630166 0.1677188678166508
    endloop
  endfacet
  facet normal -0.4024548389919322 0.4903926402016111 0.7730104533627415
    outer loop
      vertex 28.367973745040633 17.532026254959366 0.1677188678166508
      vertex 28.898351663624943 17.772205841849228 0.2914828579090054
      vertex 28.814162468248846 17.898203876803265 0.1677188678166508
    endloop
  endfacet
  facet normal -0.22221488349020013 0.4157348061512738 0.8819212643483542
    outer loop
      vertex 28.718111708123207 18.041953997915698 0.07575392663191494
      vertex 29.323215510414 18.170298396630166 0.1677188678166508
      vertex 29.25705459612891 18.330024973196227 0.07575392663191494
    endloop
  endfacet
  facet normal -0.13683924960834104 0.45109855160134027 0.8819212643483539
    outer loop
      vertex 29.25705459612891 18.330024973196227 0.07575392663191494
      vertex 29.323215510414 18.170298396630166 0.1677188678166508
      vertex 29.87557024860592 18.337853374635486 0.1677188678166508
    endloop
  endfacet
  facet normal -0.2990509240190693 0.5594849272637085 0.7730104533627367
    outer loop
      vertex 28.814162468248846 17.898203876803265 0.1677188678166508
      vertex 29.381206036795284 18.030296881351315 0.2914828579090054
      vertex 29.323215510414 18.170298396630166 0.1677188678166508
    endloop
  endfacet
  facet normal -0.2990509240190689 0.5594849272637025 0.7730104533627412
    outer loop
      vertex 28.814162468248846 17.898203876803265 0.1677188678166508
      vertex 28.898351663624943 17.772205841849228 0.2914828579090054
      vertex 29.381206036795284 18.030296881351315 0.2914828579090054
    endloop
  endfacet
  facet normal -0.18415464974583992 0.6070765223338196 0.7730104533627359
    outer loop
      vertex 29.323215510414 18.170298396630166 0.1677188678166508
      vertex 29.381206036795284 18.030296881351315 0.2914828579090054
      vertex 29.90513356258502 18.18922855875023 0.2914828579090054
    endloop
  endfacet
  facet normal -0.18415464974584034 0.6070765223338163 0.7730104533627383
    outer loop
      vertex 29.323215510414 18.170298396630166 0.1677188678166508
      vertex 29.90513356258502 18.18922855875023 0.2914828579090054
      vertex 29.87557024860592 18.337853374635486 0.1677188678166508
    endloop
  endfacet
  facet normal -0.06218141555799848 0.6313385071030724 0.7730104533627391
    outer loop
      vertex 29.87557024860592 18.337853374635486 0.1677188678166508
      vertex 29.90513356258502 18.18922855875023 0.2914828579090054
      vertex 30.45 18.24289321881345 0.2914828579090054
    endloop
  endfacet
  facet normal -0.08426519384872697 0.2777851165097984 0.9569403357322096
    outer loop
      vertex 29.25705459612891 18.330024973196227 0.07575392663191494
      vertex 29.841841706993893 18.50741820389344 0.07575392663191494
      vertex 29.18526582077253 18.503338408287767 0.01912219546999383
    endloop
  endfacet
  facet normal -0.028452873945971065 0.2888868771906071 0.9569403357322094
    outer loop
      vertex 29.841841706993893 18.50741820389344 0.07575392663191494
      vertex 30.45 18.567316567634908 0.07575392663191494
      vertex 29.80524410668791 18.691406765228763 0.01912219546999383
    endloop
  endfacet
  facet normal -0.13683924960834135 0.45109855160133533 0.8819212643483564
    outer loop
      vertex 29.25705459612891 18.330024973196227 0.07575392663191494
      vertex 29.87557024860592 18.337853374635486 0.1677188678166508
      vertex 29.841841706993893 18.50741820389344 0.07575392663191494
    endloop
  endfacet
  facet normal -0.046204960104372264 0.46912683269234356 0.8819212643483563
    outer loop
      vertex 29.841841706993893 18.50741820389344 0.07575392663191494
      vertex 29.87557024860592 18.337853374635486 0.1677188678166508
      vertex 30.45 18.394429766980398 0.1677188678166508
    endloop
  endfacet
  facet normal -0.36439460524758066 0.68173435638416 0.6343932841636448
    outer loop
      vertex 28.898351663624943 17.772205841849228 0.2914828579090054
      vertex 29.428797631865393 17.915400607078087 0.4422897161773749
      vertex 29.381206036795284 18.030296881351315 0.2914828579090054
    endloop
  endfacet
  facet normal -0.2243930899687258 0.7397248827654501 0.6343932841636397
    outer loop
      vertex 29.381206036795284 18.030296881351315 0.2914828579090054
      vertex 29.92939554735428 18.06725532456239 0.4422897161773749
      vertex 29.90513356258502 18.18922855875023 0.2914828579090054
    endloop
  endfacet
  facet normal -0.3643946052475807 0.6817343563841606 0.6343932841636443
    outer loop
      vertex 28.898351663624943 17.772205841849228 0.2914828579090054
      vertex 28.967443950687034 17.668801926876363 0.4422897161773749
      vertex 29.428797631865393 17.915400607078087 0.4422897161773749
    endloop
  endfacet
  facet normal -0.22439308996872695 0.739724882765445 0.6343932841636453
    outer loop
      vertex 29.381206036795284 18.030296881351315 0.2914828579090054
      vertex 29.428797631865393 17.915400607078087 0.4422897161773749
      vertex 29.92939554735428 18.06725532456239 0.4422897161773749
    endloop
  endfacet
  facet normal -0.07576827408347345 0.7692881967445514 0.6343932841636393
    outer loop
      vertex 29.90513356258502 18.18922855875023 0.2914828579090054
      vertex 29.92939554735428 18.06725532456239 0.4422897161773749
      vertex 30.45 18.118530387697454 0.4422897161773749
    endloop
  endfacet
  facet normal 0.13683924960833965 0.4510985516013357 0.8819212643483565
    outer loop
      vertex 31.058158293006105 18.50741820389344 0.07575392663191494
      vertex 31.024429751394077 18.337853374635486 0.1677188678166508
      vertex 31.576784489586 18.170298396630166 0.1677188678166508
    endloop
  endfacet
  facet normal -0.062181415558000386 0.6313385071030665 0.7730104533627435
    outer loop
      vertex 29.87557024860592 18.337853374635486 0.1677188678166508
      vertex 30.45 18.24289321881345 0.2914828579090054
      vertex 30.45 18.394429766980398 0.1677188678166508
    endloop
  endfacet
  facet normal 0.06218141555799792 0.6313385071030666 0.7730104533627437
    outer loop
      vertex 30.45 18.24289321881345 0.2914828579090054
      vertex 30.994866437414977 18.18922855875023 0.2914828579090054
      vertex 30.45 18.394429766980398 0.1677188678166508
    endloop
  endfacet
  facet normal 0.06218141555800091 0.6313385071030719 0.7730104533627391
    outer loop
      vertex 30.45 18.394429766980398 0.1677188678166508
      vertex 30.994866437414977 18.18922855875023 0.2914828579090054
      vertex 31.024429751394077 18.337853374635486 0.1677188678166508
    endloop
  endfacet
  facet normal 0.184154649745839 0.6070765223338166 0.7730104533627383
    outer loop
      vertex 31.024429751394077 18.337853374635486 0.1677188678166508
      vertex 30.994866437414977 18.18922855875023 0.2914828579090054
      vertex 31.518793963204715 18.030296881351315 0.2914828579090054
    endloop
  endfacet
  facet normal 0.02845287394597107 0.2888868771906072 0.9569403357322094
    outer loop
      vertex 30.45 18.567316567634908 0.07575392663191494
      vertex 31.058158293006105 18.50741820389344 0.07575392663191494
      vertex 30.45 18.75490967798387 0.01912219546999383
    endloop
  endfacet
  facet normal -0.04620496010437029 0.46912683269235106 0.8819212643483524
    outer loop
      vertex 29.841841706993893 18.50741820389344 0.07575392663191494
      vertex 30.45 18.394429766980398 0.1677188678166508
      vertex 30.45 18.567316567634908 0.07575392663191494
    endloop
  endfacet
  facet normal 0.046204960104372986 0.469126832692351 0.8819212643483522
    outer loop
      vertex 30.45 18.567316567634908 0.07575392663191494
      vertex 30.45 18.394429766980398 0.1677188678166508
      vertex 31.024429751394077 18.337853374635486 0.1677188678166508
    endloop
  endfacet
  facet normal 0.08426519384872729 0.2777851165097995 0.9569403357322093
    outer loop
      vertex 31.64294540387109 18.330024973196227 0.07575392663191494
      vertex 31.09475589331209 18.691406765228763 0.01912219546999383
      vertex 31.058158293006105 18.50741820389344 0.07575392663191494
    endloop
  endfacet
  facet normal 0.0462049601043696 0.46912683269234406 0.8819212643483562
    outer loop
      vertex 30.45 18.567316567634908 0.07575392663191494
      vertex 31.024429751394077 18.337853374635486 0.1677188678166508
      vertex 31.058158293006105 18.50741820389344 0.07575392663191494
    endloop
  endfacet
  facet normal 0.1368392496083402 0.2560082295852083 0.9569403357322094
    outer loop
      vertex 31.64294540387109 18.330024973196227 0.07575392663191494
      vertex 32.181888291876795 18.041953997915698 0.07575392663191494
      vertex 31.71473417922747 18.503338408287767 0.01912219546999383
    endloop
  endfacet
  facet normal 0.13683924960834265 0.45109855160133966 0.8819212643483539
    outer loop
      vertex 31.64294540387109 18.330024973196227 0.07575392663191494
      vertex 31.058158293006105 18.50741820389344 0.07575392663191494
      vertex 31.576784489586 18.170298396630166 0.1677188678166508
    endloop
  endfacet
  facet normal 0.22221488349019872 0.41573480615127445 0.8819212643483543
    outer loop
      vertex 31.64294540387109 18.330024973196227 0.07575392663191494
      vertex 31.576784489586 18.170298396630166 0.1677188678166508
      vertex 32.08583753175115 17.898203876803265 0.1677188678166508
    endloop
  endfacet
  facet normal 0.184154649745846 0.22439308996873328 0.9569403357322069
    outer loop
      vertex 32.65427568407982 17.654275684079817 0.07575392663191494
      vertex 32.286109439906234 18.197931968648177 0.01912219546999383
      vertex 32.181888291876795 18.041953997915698 0.07575392663191494
    endloop
  endfacet
  facet normal 0.2990509240190659 0.3643946052475754 0.881921264348358
    outer loop
      vertex 32.65427568407982 17.654275684079817 0.07575392663191494
      vertex 32.181888291876795 18.041953997915698 0.07575392663191494
      vertex 32.53202625495936 17.532026254959366 0.1677188678166508
    endloop
  endfacet
  facet normal 0.2990509240190725 0.3643946052475793 0.8819212643483544
    outer loop
      vertex 32.53202625495936 17.532026254959366 0.1677188678166508
      vertex 32.181888291876795 18.041953997915698 0.07575392663191494
      vertex 32.08583753175115 17.898203876803265 0.1677188678166508
    endloop
  endfacet
  facet normal 0.22221488349019927 0.41573480615127495 0.8819212643483538
    outer loop
      vertex 31.64294540387109 18.330024973196227 0.07575392663191494
      vertex 32.08583753175115 17.898203876803265 0.1677188678166508
      vertex 32.181888291876795 18.041953997915698 0.07575392663191494
    endloop
  endfacet
  facet normal 0.29905092401906674 0.5594849272637037 0.773010453362741
    outer loop
      vertex 31.576784489586 18.170298396630166 0.1677188678166508
      vertex 32.001648336375055 17.772205841849228 0.2914828579090054
      vertex 32.08583753175115 17.898203876803265 0.1677188678166508
    endloop
  endfacet
  facet normal 0.2990509240190716 0.5594849272637075 0.7730104533627364
    outer loop
      vertex 31.576784489586 18.170298396630166 0.1677188678166508
      vertex 31.518793963204715 18.030296881351315 0.2914828579090054
      vertex 32.001648336375055 17.772205841849228 0.2914828579090054
    endloop
  endfacet
  facet normal 0.1841546497458412 0.6070765223338191 0.7730104533627359
    outer loop
      vertex 31.024429751394077 18.337853374635486 0.1677188678166508
      vertex 31.518793963204715 18.030296881351315 0.2914828579090054
      vertex 31.576784489586 18.170298396630166 0.1677188678166508
    endloop
  endfacet
  facet normal -0.07576827408347309 0.7692881967445523 0.6343932841636383
    outer loop
      vertex 29.90513356258502 18.18922855875023 0.2914828579090054
      vertex 30.45 18.118530387697454 0.4422897161773749
      vertex 30.45 18.24289321881345 0.2914828579090054
    endloop
  endfacet
  facet normal 0.075768274083473 0.7692881967445514 0.6343932841636393
    outer loop
      vertex 30.45 18.24289321881345 0.2914828579090054
      vertex 30.97060445264572 18.06725532456239 0.4422897161773749
      vertex 30.994866437414977 18.18922855875023 0.2914828579090054
    endloop
  endfacet
  facet normal 0.07576827408347352 0.7692881967445522 0.6343932841636383
    outer loop
      vertex 30.45 18.24289321881345 0.2914828579090054
      vertex 30.45 18.118530387697454 0.4422897161773749
      vertex 30.97060445264572 18.06725532456239 0.4422897161773749
    endloop
  endfacet
  facet normal 0.2243930899687283 0.7397248827654495 0.6343932841636396
    outer loop
      vertex 30.994866437414977 18.18922855875023 0.2914828579090054
      vertex 30.97060445264572 18.06725532456239 0.4422897161773749
      vertex 31.471202368134605 17.915400607078087 0.4422897161773749
    endloop
  endfacet
  facet normal 0.3643946052475809 0.6817343563841605 0.6343932841636443
    outer loop
      vertex 31.518793963204715 18.030296881351315 0.2914828579090054
      vertex 31.932556049312964 17.668801926876363 0.4422897161773749
      vertex 32.001648336375055 17.772205841849228 0.2914828579090054
    endloop
  endfacet
  facet normal 0.22439308996872456 0.739724882765446 0.634393284163645
    outer loop
      vertex 30.994866437414977 18.18922855875023 0.2914828579090054
      vertex 31.471202368134605 17.915400607078087 0.4422897161773749
      vertex 31.518793963204715 18.030296881351315 0.2914828579090054
    endloop
  endfacet
  facet normal 0.36439460524758044 0.6817343563841601 0.6343932841636449
    outer loop
      vertex 31.518793963204715 18.030296881351315 0.2914828579090054
      vertex 31.471202368134605 17.915400607078087 0.4422897161773749
      vertex 31.932556049312964 17.668801926876363 0.4422897161773749
    endloop
  endfacet
  facet normal -0.41573480615127434 0.7777851165098018 0.4713967368259952
    outer loop
      vertex 28.967443950687034 17.668801926876363 0.4422897161773749
      vertex 29.46416137731546 17.83002497319623 0.6143440196319667
      vertex 29.428797631865393 17.915400607078087 0.4422897161773749
    endloop
  endfacet
  facet normal -0.2560082295852085 0.843946030794889 0.47139673682599836
    outer loop
      vertex 29.428797631865393 17.915400607078087 0.4422897161773749
      vertex 29.947423828445288 17.976621035058418 0.6143440196319667
      vertex 29.92939554735428 18.06725532456239 0.4422897161773749
    endloop
  endfacet
  facet normal -0.25600822958520747 0.8439460307948917 0.4713967368259941
    outer loop
      vertex 29.428797631865393 17.915400607078087 0.4422897161773749
      vertex 29.46416137731546 17.83002497319623 0.6143440196319667
      vertex 29.947423828445288 17.976621035058418 0.6143440196319667
    endloop
  endfacet
  facet normal -0.08644340032725735 0.877674572406916 0.4713967368259975
    outer loop
      vertex 29.92939554735428 18.06725532456239 0.4422897161773749
      vertex 29.947423828445288 17.976621035058418 0.6143440196319667
      vertex 30.45 18.026120467488713 0.6143440196319667
    endloop
  endfacet
  facet normal -0.4510985516013388 0.8439460307948838 0.29028467725447565
    outer loop
      vertex 29.01878415159073 17.59196588634749 0.6143440196319667
      vertex 29.48593826424005 17.777450917436614 0.8010338178801852
      vertex 29.46416137731546 17.83002497319623 0.6143440196319667
    endloop
  endfacet
  facet normal -0.2777851165097981 0.9157348061512736 0.2902846772544624
    outer loop
      vertex 29.46416137731546 17.83002497319623 0.6143440196319667
      vertex 29.958525589126094 17.920808715155662 0.8010338178801852
      vertex 29.947423828445288 17.976621035058418 0.6143440196319667
    endloop
  endfacet
  facet normal -0.2777851165098025 0.9157348061512677 0.2902846772544769
    outer loop
      vertex 29.46416137731546 17.83002497319623 0.6143440196319667
      vertex 29.48593826424005 17.777450917436614 0.8010338178801852
      vertex 29.958525589126094 17.920808715155662 0.8010338178801852
    endloop
  endfacet
  facet normal -0.09379655517448497 0.9523324064572575 0.2902846772544648
    outer loop
      vertex 29.947423828445288 17.976621035058418 0.6143440196319667
      vertex 29.958525589126094 17.920808715155662 0.8010338178801852
      vertex 30.45 17.96921471959677 0.8010338178801852
    endloop
  endfacet
  facet normal -0.28888687719061185 0.952332406457258 0.09801714032955713
    outer loop
      vertex 29.48593826424005 17.777450917436614 0.8010338178801852
      vertex 29.96227419495968 17.901963201008076 0.9951847266721967
      vertex 29.958525589126094 17.920808715155662 0.8010338178801852
    endloop
  endfacet
  facet normal -0.08644340032725667 0.877674572406917 0.4713967368259957
    outer loop
      vertex 29.92939554735428 18.06725532456239 0.4422897161773749
      vertex 30.45 18.026120467488713 0.6143440196319667
      vertex 30.45 18.118530387697454 0.4422897161773749
    endloop
  endfacet
  facet normal 0.08644340032725743 0.8776745724069169 0.47139673682599564
    outer loop
      vertex 30.45 18.118530387697454 0.4422897161773749
      vertex 30.45 18.026120467488713 0.6143440196319667
      vertex 30.95257617155471 17.976621035058418 0.6143440196319667
    endloop
  endfacet
  facet normal 0.2560082295852092 0.8439460307948912 0.4713967368259941
    outer loop
      vertex 30.97060445264572 18.06725532456239 0.4422897161773749
      vertex 31.43583862268454 17.83002497319623 0.6143440196319667
      vertex 31.471202368134605 17.915400607078087 0.4422897161773749
    endloop
  endfacet
  facet normal 0.25600822958520675 0.8439460307948894 0.4713967368259986
    outer loop
      vertex 30.97060445264572 18.06725532456239 0.4422897161773749
      vertex 30.95257617155471 17.976621035058418 0.6143440196319667
      vertex 31.43583862268454 17.83002497319623 0.6143440196319667
    endloop
  endfacet
  facet normal 0.08644340032725657 0.877674572406916 0.47139673682599753
    outer loop
      vertex 30.45 18.118530387697454 0.4422897161773749
      vertex 30.95257617155471 17.976621035058418 0.6143440196319667
      vertex 30.97060445264572 18.06725532456239 0.4422897161773749
    endloop
  endfacet
  facet normal 0.4157348061512733 0.7777851165097999 0.4713967368259991
    outer loop
      vertex 31.471202368134605 17.915400607078087 0.4422897161773749
      vertex 31.88121584840927 17.59196588634749 0.6143440196319667
      vertex 31.932556049312964 17.668801926876363 0.4422897161773749
    endloop
  endfacet
  facet normal 0.41573480615127584 0.7777851165098009 0.47139673682599514
    outer loop
      vertex 31.471202368134605 17.915400607078087 0.4422897161773749
      vertex 31.43583862268454 17.83002497319623 0.6143440196319667
      vertex 31.88121584840927 17.59196588634749 0.6143440196319667
    endloop
  endfacet
  facet normal -0.09379655517448213 0.95233240645726 0.29028467725445717
    outer loop
      vertex 29.947423828445288 17.976621035058418 0.6143440196319667
      vertex 30.45 17.96921471959677 0.8010338178801852
      vertex 30.45 18.026120467488713 0.6143440196319667
    endloop
  endfacet
  facet normal 0.0937965551744852 0.9523324064572597 0.290284677254457
    outer loop
      vertex 30.45 18.026120467488713 0.6143440196319667
      vertex 30.45 17.96921471959677 0.8010338178801852
      vertex 30.941474410873905 17.920808715155662 0.8010338178801852
    endloop
  endfacet
  facet normal 0.09379655517448189 0.9523324064572578 0.29028467725446466
    outer loop
      vertex 30.45 18.026120467488713 0.6143440196319667
      vertex 30.941474410873905 17.920808715155662 0.8010338178801852
      vertex 30.95257617155471 17.976621035058418 0.6143440196319667
    endloop
  endfacet
  facet normal 0.2777851165097968 0.9157348061512692 0.29028467725447665
    outer loop
      vertex 30.95257617155471 17.976621035058418 0.6143440196319667
      vertex 31.414061735759947 17.777450917436614 0.8010338178801852
      vertex 31.43583862268454 17.83002497319623 0.6143440196319667
    endloop
  endfacet
  facet normal 0.2777851165098037 0.9157348061512719 0.2902846772544622
    outer loop
      vertex 30.95257617155471 17.976621035058418 0.6143440196319667
      vertex 30.941474410873905 17.920808715155662 0.8010338178801852
      vertex 31.414061735759947 17.777450917436614 0.8010338178801852
    endloop
  endfacet
  facet normal -0.09754516100806852 0.990392640201614 0.09801714032956965
    outer loop
      vertex 29.958525589126094 17.920808715155662 0.8010338178801852
      vertex 30.45 17.95 0.9951847266721967
      vertex 30.45 17.96921471959677 0.8010338178801852
    endloop
  endfacet
  facet normal 0.09754516100806866 0.9903926402016154 0.09801714032955455
    outer loop
      vertex 30.45 17.96921471959677 0.8010338178801852
      vertex 30.93772580504032 17.901963201008076 0.9951847266721967
      vertex 30.941474410873905 17.920808715155662 0.8010338178801852
    endloop
  endfacet
  facet normal 0.28888687719061173 0.9523324064572578 0.09801714032956053
    outer loop
      vertex 30.941474410873905 17.920808715155662 0.8010338178801852
      vertex 31.406708580912724 17.759698831278214 0.9951847266721967
      vertex 31.414061735759947 17.777450917436614 0.8010338178801852
    endloop
  endfacet
  facet normal 0.2888868771906172 -0.028452873945975427 0.9569403357322063
    outer loop
      vertex 33.50741820389344 14.841841706993893 0.07575392663191494
      vertex 33.75490967798387 15.45 0.01912219546999383
      vertex 33.56731656763491 15.45 0.07575392663191494
    endloop
  endfacet
  facet normal 0.46912683269233607 -0.04620496010436848 0.8819212643483605
    outer loop
      vertex 33.337853374635486 14.87557024860592 0.1677188678166508
      vertex 33.56731656763491 15.45 0.07575392663191494
      vertex 33.394429766980394 15.45 0.1677188678166508
    endloop
  endfacet
  facet normal 0.4691268326923359 0.046204960104374276 0.8819212643483602
    outer loop
      vertex 33.56731656763491 15.45 0.07575392663191494
      vertex 33.50741820389344 16.058158293006105 0.07575392663191494
      vertex 33.394429766980394 15.45 0.1677188678166508
    endloop
  endfacet
  facet normal 0.6313385071030756 -0.062181415557998804 0.7730104533627363
    outer loop
      vertex 33.18922855875023 14.905133562585021 0.2914828579090054
      vertex 33.394429766980394 15.45 0.1677188678166508
      vertex 33.24289321881345 15.45 0.2914828579090054
    endloop
  endfacet
  facet normal 0.6313385071030756 0.06218141555799737 0.7730104533627364
    outer loop
      vertex 33.394429766980394 15.45 0.1677188678166508
      vertex 33.337853374635486 16.024429751394077 0.1677188678166508
      vertex 33.24289321881345 15.45 0.2914828579090054
    endloop
  endfacet
  facet normal 0.28888687719060147 0.028452873945973886 0.956940335732211
    outer loop
      vertex 33.56731656763491 15.45 0.07575392663191494
      vertex 33.69140676522876 16.09475589331209 0.01912219546999383
      vertex 33.50741820389344 16.058158293006105 0.07575392663191494
    endloop
  endfacet
  facet normal 0.46912683269235156 0.046204960104370155 0.881921264348352
    outer loop
      vertex 33.50741820389344 16.058158293006105 0.07575392663191494
      vertex 33.337853374635486 16.024429751394077 0.1677188678166508
      vertex 33.394429766980394 15.45 0.1677188678166508
    endloop
  endfacet
  facet normal 0.4510985516013334 0.13683924960833893 0.8819212643483578
    outer loop
      vertex 33.337853374635486 16.024429751394077 0.1677188678166508
      vertex 33.33002497319623 16.64294540387109 0.07575392663191494
      vertex 33.170298396630166 16.576784489586 0.1677188678166508
    endloop
  endfacet
  facet normal 0.45109855160134343 0.1368392496083383 0.8819212643483527
    outer loop
      vertex 33.50741820389344 16.058158293006105 0.07575392663191494
      vertex 33.33002497319623 16.64294540387109 0.07575392663191494
      vertex 33.337853374635486 16.024429751394077 0.1677188678166508
    endloop
  endfacet
  facet normal 0.6313385071030724 0.062181415557998485 0.7730104533627391
    outer loop
      vertex 33.24289321881345 15.45 0.2914828579090054
      vertex 33.337853374635486 16.024429751394077 0.1677188678166508
      vertex 33.18922855875023 15.994866437414977 0.2914828579090054
    endloop
  endfacet
  facet normal 0.6070765223338164 0.18415464974584037 0.7730104533627383
    outer loop
      vertex 33.337853374635486 16.024429751394077 0.1677188678166508
      vertex 33.170298396630166 16.576784489586 0.1677188678166508
      vertex 33.18922855875023 15.994866437414977 0.2914828579090054
    endloop
  endfacet
  facet normal 0.60707652233381 0.18415464974584114 0.7730104533627431
    outer loop
      vertex 33.170298396630166 16.576784489586 0.1677188678166508
      vertex 33.03029688135131 16.518793963204715 0.2914828579090054
      vertex 33.18922855875023 15.994866437414977 0.2914828579090054
    endloop
  endfacet
  facet normal 0.7692881967445523 0.07576827408347309 0.6343932841636383
    outer loop
      vertex 33.24289321881345 15.45 0.2914828579090054
      vertex 33.18922855875023 15.994866437414977 0.2914828579090054
      vertex 33.118530387697454 15.45 0.4422897161773749
    endloop
  endfacet
  facet normal 0.7692881967445522 -0.0757682740834735 0.6343932841636383
    outer loop
      vertex 33.24289321881345 15.45 0.2914828579090054
      vertex 33.118530387697454 15.45 0.4422897161773749
      vertex 33.06725532456239 14.929395547354279 0.4422897161773749
    endloop
  endfacet
  facet normal 0.7692881967445514 0.07576827408347346 0.6343932841636393
    outer loop
      vertex 33.18922855875023 15.994866437414977 0.2914828579090054
      vertex 33.06725532456239 15.97060445264572 0.4422897161773749
      vertex 33.118530387697454 15.45 0.4422897161773749
    endloop
  endfacet
  facet normal 0.7397248827654488 0.22439308996873047 0.6343932841636396
    outer loop
      vertex 33.18922855875023 15.994866437414977 0.2914828579090054
      vertex 33.03029688135131 16.518793963204715 0.2914828579090054
      vertex 33.06725532456239 15.97060445264572 0.4422897161773749
    endloop
  endfacet
  facet normal 0.7397248827654435 0.22439308996873172 0.6343932841636454
    outer loop
      vertex 33.03029688135131 16.518793963204715 0.2914828579090054
      vertex 32.915400607078084 16.471202368134605 0.4422897161773749
      vertex 33.06725532456239 15.97060445264572 0.4422897161773749
    endloop
  endfacet
  facet normal 0.4157348061512782 0.22221488349020072 0.8819212643483519
    outer loop
      vertex 33.170298396630166 16.576784489586 0.1677188678166508
      vertex 33.0419539979157 17.181888291876792 0.07575392663191494
      vertex 32.898203876803265 17.085837531751153 0.1677188678166508
    endloop
  endfacet
  facet normal 0.2777851165098043 0.08426519384872538 0.956940335732208
    outer loop
      vertex 33.50741820389344 16.058158293006105 0.07575392663191494
      vertex 33.50333840828777 16.71473417922747 0.01912219546999383
      vertex 33.33002497319623 16.64294540387109 0.07575392663191494
    endloop
  endfacet
  facet normal 0.2560082295852091 0.13683924960834323 0.9569403357322087
    outer loop
      vertex 33.33002497319623 16.64294540387109 0.07575392663191494
      vertex 33.19793196864818 17.286109439906237 0.01912219546999383
      vertex 33.0419539979157 17.181888291876792 0.07575392663191494
    endloop
  endfacet
  facet normal 0.415734806151267 0.22221488349019922 0.8819212643483577
    outer loop
      vertex 33.170298396630166 16.576784489586 0.1677188678166508
      vertex 33.33002497319623 16.64294540387109 0.07575392663191494
      vertex 33.0419539979157 17.181888291876792 0.07575392663191494
    endloop
  endfacet
  facet normal 0.5594849272637016 0.2990509240190656 0.7730104533627431
    outer loop
      vertex 33.170298396630166 16.576784489586 0.1677188678166508
      vertex 32.898203876803265 17.085837531751153 0.1677188678166508
      vertex 33.03029688135131 16.518793963204715 0.2914828579090054
    endloop
  endfacet
  facet normal 0.5594849272637044 0.29905092401906586 0.773010453362741
    outer loop
      vertex 33.03029688135131 16.518793963204715 0.2914828579090054
      vertex 32.898203876803265 17.085837531751153 0.1677188678166508
      vertex 32.77220584184923 17.001648336375055 0.2914828579090054
    endloop
  endfacet
  facet normal 0.3643946052475857 0.29905092401907163 0.8819212643483519
    outer loop
      vertex 32.65427568407982 17.654275684079817 0.07575392663191494
      vertex 32.898203876803265 17.085837531751153 0.1677188678166508
      vertex 33.0419539979157 17.181888291876792 0.07575392663191494
    endloop
  endfacet
  facet normal 0.22439308996873225 0.18415464974584347 0.9569403357322076
    outer loop
      vertex 32.65427568407982 17.654275684079817 0.07575392663191494
      vertex 33.0419539979157 17.181888291876792 0.07575392663191494
      vertex 32.786924044511444 17.786924044511444 0.01912219546999383
    endloop
  endfacet
  facet normal 0.36439460524757167 0.2990509240190668 0.8819212643483594
    outer loop
      vertex 32.65427568407982 17.654275684079817 0.07575392663191494
      vertex 32.53202625495936 17.532026254959366 0.1677188678166508
      vertex 32.898203876803265 17.085837531751153 0.1677188678166508
    endloop
  endfacet
  facet normal 0.4903926402016094 0.4024548389919346 0.7730104533627413
    outer loop
      vertex 32.77220584184923 17.001648336375055 0.2914828579090054
      vertex 32.898203876803265 17.085837531751153 0.1677188678166508
      vertex 32.53202625495936 17.532026254959366 0.1677188678166508
    endloop
  endfacet
  facet normal 0.4903926402016198 0.4024548389919374 0.7730104533627332
    outer loop
      vertex 32.77220584184923 17.001648336375055 0.2914828579090054
      vertex 32.53202625495936 17.532026254959366 0.1677188678166508
      vertex 32.42487373415292 17.424873734152914 0.2914828579090054
    endloop
  endfacet
  facet normal 0.6817343563841619 0.36439460524757666 0.6343932841636449
    outer loop
      vertex 33.03029688135131 16.518793963204715 0.2914828579090054
      vertex 32.77220584184923 17.001648336375055 0.2914828579090054
      vertex 32.915400607078084 16.471202368134605 0.4422897161773749
    endloop
  endfacet
  facet normal 0.6817343563841629 0.3643946052475767 0.6343932841636439
    outer loop
      vertex 32.915400607078084 16.471202368134605 0.4422897161773749
      vertex 32.77220584184923 17.001648336375055 0.2914828579090054
      vertex 32.66880192687636 16.932556049312964 0.4422897161773749
    endloop
  endfacet
  facet normal 0.5975451610080668 0.49039264020161466 0.6343932841636436
    outer loop
      vertex 32.77220584184923 17.001648336375055 0.2914828579090054
      vertex 32.42487373415292 17.424873734152914 0.2914828579090054
      vertex 32.66880192687636 16.932556049312964 0.4422897161773749
    endloop
  endfacet
  facet normal 0.8776745724069094 -0.08644340032725668 0.4713967368260097
    outer loop
      vertex 32.976621035058415 14.947423828445288 0.6143440196319667
      vertex 33.118530387697454 15.45 0.4422897161773749
      vertex 33.02612046748871 15.45 0.6143440196319667
    endloop
  endfacet
  facet normal 0.8776745724069084 0.0864434003272566 0.47139673682601163
    outer loop
      vertex 33.06725532456239 15.97060445264572 0.4422897161773749
      vertex 32.976621035058415 15.95257617155471 0.6143440196319667
      vertex 33.02612046748871 15.45 0.6143440196319667
    endloop
  endfacet
  facet normal 0.8776745724069096 0.08644340032725593 0.47139673682600985
    outer loop
      vertex 33.118530387697454 15.45 0.4422897161773749
      vertex 33.06725532456239 15.97060445264572 0.4422897161773749
      vertex 33.02612046748871 15.45 0.6143440196319667
    endloop
  endfacet
  facet normal 0.8439460307948804 0.25600822958521197 0.47139673682601174
    outer loop
      vertex 33.06725532456239 15.97060445264572 0.4422897161773749
      vertex 32.915400607078084 16.471202368134605 0.4422897161773749
      vertex 32.976621035058415 15.95257617155471 0.6143440196319667
    endloop
  endfacet
  facet normal 0.8439460307949005 0.25600822958520386 0.47139673682598016
    outer loop
      vertex 32.915400607078084 16.471202368134605 0.4422897161773749
      vertex 32.83002497319623 16.43583862268454 0.6143440196319667
      vertex 32.976621035058415 15.95257617155471 0.6143440196319667
    endloop
  endfacet
  facet normal 0.9523324064572655 -0.09379655517447921 0.2902846772544407
    outer loop
      vertex 33.02612046748871 15.45 0.6143440196319667
      vertex 32.96921471959677 15.45 0.8010338178801852
      vertex 32.920808715155665 14.958525589126095 0.8010338178801852
    endloop
  endfacet
  facet normal 0.952332406457265 0.09379655517448261 0.29028467725444057
    outer loop
      vertex 33.02612046748871 15.45 0.6143440196319667
      vertex 32.976621035058415 15.95257617155471 0.6143440196319667
      vertex 32.96921471959677 15.45 0.8010338178801852
    endloop
  endfacet
  facet normal 0.9523324064572679 0.09379655517447948 0.29028467725443224
    outer loop
      vertex 32.976621035058415 15.95257617155471 0.6143440196319667
      vertex 32.920808715155665 15.941474410873903 0.8010338178801852
      vertex 32.96921471959677 15.45 0.8010338178801852
    endloop
  endfacet
  facet normal 0.9903926402016163 0.09754516100806195 0.09801714032955176
    outer loop
      vertex 32.96921471959677 15.45 0.8010338178801852
      vertex 32.920808715155665 15.941474410873903 0.8010338178801852
      vertex 32.95 15.45 0.9951847266721967
    endloop
  endfacet
  facet normal 0.9157348061512838 0.2777851165097945 0.290284677254433
    outer loop
      vertex 32.83002497319623 16.43583862268454 0.6143440196319667
      vertex 32.920808715155665 15.941474410873903 0.8010338178801852
      vertex 32.976621035058415 15.95257617155471 0.6143440196319667
    endloop
  endfacet
  facet normal 0.9157348061512726 0.2777851165098029 0.2902846772544609
    outer loop
      vertex 32.83002497319623 16.43583862268454 0.6143440196319667
      vertex 32.77745091743662 16.414061735759947 0.8010338178801852
      vertex 32.920808715155665 15.941474410873903 0.8010338178801852
    endloop
  endfacet
  facet normal 0.9523324064572554 0.2888868771906099 0.09801714032958898
    outer loop
      vertex 32.77745091743662 16.414061735759947 0.8010338178801852
      vertex 32.90196320100807 15.93772580504032 0.9951847266721967
      vertex 32.920808715155665 15.941474410873903 0.8010338178801852
    endloop
  endfacet
  facet normal 0.7777851165098099 0.4157348061512727 0.47139673682598293
    outer loop
      vertex 32.915400607078084 16.471202368134605 0.4422897161773749
      vertex 32.66880192687636 16.932556049312964 0.4422897161773749
      vertex 32.83002497319623 16.43583862268454 0.6143440196319667
    endloop
  endfacet
  facet normal 0.7777851165098076 0.41573480615127323 0.4713967368259865
    outer loop
      vertex 32.83002497319623 16.43583862268454 0.6143440196319667
      vertex 32.66880192687636 16.932556049312964 0.4422897161773749
      vertex 32.591965886347495 16.88121584840927 0.6143440196319667
    endloop
  endfacet
  facet normal 0.6817343563841626 0.5594849272637115 0.4713967368259894
    outer loop
      vertex 32.66880192687636 16.932556049312964 0.4422897161773749
      vertex 32.336935932943234 17.336935932943238 0.4422897161773749
      vertex 32.591965886347495 16.88121584840927 0.6143440196319667
    endloop
  endfacet
  facet normal 0.8439460307948906 0.45109855160133566 0.2902846772544611
    outer loop
      vertex 32.83002497319623 16.43583862268454 0.6143440196319667
      vertex 32.591965886347495 16.88121584840927 0.6143440196319667
      vertex 32.77745091743662 16.414061735759947 0.8010338178801852
    endloop
  endfacet
  facet normal 0.8439460307948806 0.4510985516013404 0.290284677254483
    outer loop
      vertex 32.591965886347495 16.88121584840927 0.6143440196319667
      vertex 32.54465048620999 16.84960070879279 0.8010338178801852
      vertex 32.77745091743662 16.414061735759947 0.8010338178801852
    endloop
  endfacet
  facet normal 0.8776745724069117 0.469126832692351 0.09801714032957501
    outer loop
      vertex 32.77745091743662 16.414061735759947 0.8010338178801852
      vertex 32.54465048620999 16.84960070879279 0.8010338178801852
      vertex 32.759698831278214 16.406708580912724 0.9951847266721967
    endloop
  endfacet
  facet normal -0.9903926402016144 0.0975451610080625 0.0980171403295697
    outer loop
      vertex 27.930785280403228 15.45 0.8010338178801852
      vertex 27.95 15.45 0.9951847266721967
      vertex 27.998036798991922 15.93772580504032 0.9951847266721967
    endloop
  endfacet
  facet normal -0.9523324064572579 0.28888687719061323 0.0980171403295545
    outer loop
      vertex 27.979191284844337 15.941474410873903 0.8010338178801852
      vertex 27.998036798991922 15.93772580504032 0.9951847266721967
      vertex 28.140301168721784 16.406708580912724 0.9951847266721967
    endloop
  endfacet
  facet normal -0.8776745724069186 0.4691268326923413 0.0980171403295592
    outer loop
      vertex 28.122549082563385 16.414061735759947 0.8010338178801852
      vertex 28.140301168721784 16.406708580912724 0.9951847266721967
      vertex 28.371325969243635 16.838925582549006 0.9951847266721967
    endloop
  endfacet
  facet normal -0.7692881967445456 0.6313385071030779 0.09801714032954603
    outer loop
      vertex 28.35534951379001 16.84960070879279 0.8010338178801852
      vertex 28.371325969243635 16.838925582549006 0.9951847266721967
      vertex 28.68223304703363 17.217766952966368 0.9951847266721967
    endloop
  endfacet
  facet normal -0.6313385071030766 0.769288196744544 0.09801714032956789
    outer loop
      vertex 28.668646188508156 17.231353811491843 0.8010338178801852
      vertex 28.68223304703363 17.217766952966368 0.9951847266721967
      vertex 29.061074417450993 17.528674030756363 0.9951847266721967
    endloop
  endfacet
  facet normal -0.46912683269234196 0.8776745724069199 0.09801714032954531
    outer loop
      vertex 29.05039929120721 17.54465048620999 0.8010338178801852
      vertex 29.061074417450993 17.528674030756363 0.9951847266721967
      vertex 29.493291419087274 17.759698831278214 0.9951847266721967
    endloop
  endfacet
  facet normal 0.4691268326923413 0.8776745724069186 0.0980171403295592
    outer loop
      vertex 31.414061735759947 17.777450917436614 0.8010338178801852
      vertex 31.406708580912724 17.759698831278214 0.9951847266721967
      vertex 31.838925582549006 17.528674030756363 0.9951847266721967
    endloop
  endfacet
  facet normal 0.7692881967445486 0.6313385071030732 0.0980171403295539
    outer loop
      vertex 32.23135381149184 17.231353811491843 0.8010338178801852
      vertex 32.21776695296637 17.217766952966368 0.9951847266721967
      vertex 32.52867403075636 16.838925582549006 0.9951847266721967
    endloop
  endfacet
  facet normal 0.6313385071030744 0.7692881967445487 0.09801714032954609
    outer loop
      vertex 31.84960070879279 17.54465048620999 0.8010338178801852
      vertex 31.838925582549006 17.528674030756363 0.9951847266721967
      vertex 32.21776695296637 17.217766952966368 0.9951847266721967
    endloop
  endfacet
  facet normal -0.28888687719061307 0.9523324064572575 0.09801714032956056
    outer loop
      vertex 29.48593826424005 17.777450917436614 0.8010338178801852
      vertex 29.493291419087274 17.759698831278214 0.9951847266721967
      vertex 29.96227419495968 17.901963201008076 0.9951847266721967
    endloop
  endfacet
  facet normal -0.09754516100806264 0.9903926402016159 0.09801714032955447
    outer loop
      vertex 29.958525589126094 17.920808715155662 0.8010338178801852
      vertex 29.96227419495968 17.901963201008076 0.9951847266721967
      vertex 30.45 17.95 0.9951847266721967
    endloop
  endfacet
  facet normal 0.0975451610080625 0.9903926402016144 0.0980171403295697
    outer loop
      vertex 30.45 17.96921471959677 0.8010338178801852
      vertex 30.45 17.95 0.9951847266721967
      vertex 30.93772580504032 17.901963201008076 0.9951847266721967
    endloop
  endfacet
  facet normal 0.28888687719061307 0.9523324064572576 0.09801714032955709
    outer loop
      vertex 30.941474410873905 17.920808715155662 0.8010338178801852
      vertex 30.93772580504032 17.901963201008076 0.9951847266721967
      vertex 31.406708580912724 17.759698831278214 0.9951847266721967
    endloop
  endfacet
  facet normal 0.9903926402016148 -0.09754516100807696 0.0980171403295516
    outer loop
      vertex 32.96921471959677 15.45 0.8010338178801852
      vertex 32.95 15.45 0.9951847266721967
      vertex 32.90196320100807 14.96227419495968 0.9951847266721967
    endloop
  endfacet
  facet normal 0.9903926402016111 0.0975451610080766 0.09801714032958964
    outer loop
      vertex 32.920808715155665 15.941474410873903 0.8010338178801852
      vertex 32.90196320100807 15.93772580504032 0.9951847266721967
      vertex 32.95 15.45 0.9951847266721967
    endloop
  endfacet
  facet normal 0.9523324064572578 0.28888687719060596 0.09801714032957776
    outer loop
      vertex 32.77745091743662 16.414061735759947 0.8010338178801852
      vertex 32.759698831278214 16.406708580912724 0.9951847266721967
      vertex 32.90196320100807 15.93772580504032 0.9951847266721967
    endloop
  endfacet
  facet normal 0.8776745724069199 0.46912683269234196 0.09801714032954531
    outer loop
      vertex 32.759698831278214 16.406708580912724 0.9951847266721967
      vertex 32.54465048620999 16.84960070879279 0.8010338178801852
      vertex 32.52867403075636 16.838925582549006 0.9951847266721967
    endloop
  endfacet
  facet normal -0.6343932841636477 -0.7730104533627352 3.4263488539820117e-18
    outer loop
      vertex 29.061074417450993 13.371325969243635 0.9951847266721967
      vertex 28.68223304703363 13.68223304703363 5
      vertex 28.68223304703363 13.68223304703363 0.9951847266721967
    endloop
  endfacet
  facet normal -0.2902846772544631 -0.9569403357322086 0
    outer loop
      vertex 29.493291419087274 13.140301168721782 0.9951847266721967
      vertex 29.96227419495968 12.998036798991922 0.9951847266721967
      vertex 29.493291419087274 13.140301168721782 5
    endloop
  endfacet
  facet normal -0.09801714032955905 -0.995184726672197 0
    outer loop
      vertex 29.96227419495968 12.998036798991922 0.9951847266721967
      vertex 30.45 12.95 0.9951847266721967
      vertex 29.96227419495968 12.998036798991922 5
    endloop
  endfacet
  facet normal -0.4713967368259957 -0.8819212643483562 0
    outer loop
      vertex 29.061074417450993 13.371325969243635 0.9951847266721967
      vertex 29.493291419087274 13.140301168721782 0.9951847266721967
      vertex 29.061074417450993 13.371325969243635 5
    endloop
  endfacet
  facet normal -0.8819212643483568 -0.47139673682599437 -2.8139112422523263e-18
    outer loop
      vertex 28.371325969243635 14.061074417450994 0.9951847266721967
      vertex 28.140301168721784 14.493291419087274 5
      vertex 28.140301168721784 14.493291419087274 0.9951847266721967
    endloop
  endfacet
  facet normal -0.7730104533627365 -0.6343932841636459 0
    outer loop
      vertex 28.371325969243635 14.061074417450994 0.9951847266721967
      vertex 28.68223304703363 13.68223304703363 0.9951847266721967
      vertex 28.371325969243635 14.061074417450994 5
    endloop
  endfacet
  facet normal -0.9569403357322076 -0.29028467725446644 1.4997879252570566e-18
    outer loop
      vertex 28.140301168721784 14.493291419087274 0.9951847266721967
      vertex 27.998036798991922 14.96227419495968 5
      vertex 27.998036798991922 14.96227419495968 0.9951847266721967
    endloop
  endfacet
  facet normal 0.09801714032955905 -0.995184726672197 0
    outer loop
      vertex 30.45 12.95 0.9951847266721967
      vertex 30.93772580504032 12.998036798991922 0.9951847266721967
      vertex 30.45 12.95 5
    endloop
  endfacet
  facet normal 0.2902846772544631 -0.9569403357322086 0
    outer loop
      vertex 30.93772580504032 12.998036798991922 0.9951847266721967
      vertex 31.406708580912724 13.140301168721782 0.9951847266721967
      vertex 30.93772580504032 12.998036798991922 5
    endloop
  endfacet
  facet normal 0.4713967368259957 -0.8819212643483562 0
    outer loop
      vertex 31.406708580912724 13.140301168721782 0.9951847266721967
      vertex 31.838925582549006 13.371325969243635 0.9951847266721967
      vertex 31.406708580912724 13.140301168721782 5
    endloop
  endfacet
  facet normal 0.6343932841636442 -0.773010453362738 0
    outer loop
      vertex 31.838925582549006 13.371325969243635 0.9951847266721967
      vertex 32.21776695296637 13.68223304703363 0.9951847266721967
      vertex 31.838925582549006 13.371325969243635 5
    endloop
  endfacet
  facet normal 0.7730104533627401 -0.6343932841636416 0
    outer loop
      vertex 32.21776695296637 13.68223304703363 0.9951847266721967
      vertex 32.52867403075636 14.061074417450994 0.9951847266721967
      vertex 32.21776695296637 13.68223304703363 5
    endloop
  endfacet
  facet normal 0.8819212643483568 -0.47139673682599437 0
    outer loop
      vertex 32.52867403075636 14.061074417450994 0.9951847266721967
      vertex 32.759698831278214 14.493291419087274 0.9951847266721967
      vertex 32.52867403075636 14.061074417450994 5
    endloop
  endfacet
  facet normal 0.9569403357322096 -0.2902846772544598 0
    outer loop
      vertex 32.759698831278214 14.493291419087274 0.9951847266721967
      vertex 32.90196320100807 14.96227419495968 0.9951847266721967
      vertex 32.759698831278214 14.493291419087274 5
    endloop
  endfacet
  facet normal 0.9951847266721956 -0.0980171403295734 0
    outer loop
      vertex 32.90196320100807 14.96227419495968 0.9951847266721967
      vertex 32.95 15.45 0.9951847266721967
      vertex 32.90196320100807 14.96227419495968 5
    endloop
  endfacet
  facet normal -0.995184726672197 -0.09801714032955905 -4.6643517550284134e-20
    outer loop
      vertex 27.998036798991922 14.96227419495968 0.9951847266721967
      vertex 27.95 15.45 5
      vertex 27.95 15.45 0.9951847266721967
    endloop
  endfacet
  facet normal -0.995184726672197 0.09801714032955905 4.6643517550284134e-20
    outer loop
      vertex 27.95 15.45 0.9951847266721967
      vertex 27.998036798991922 15.93772580504032 5
      vertex 27.998036798991922 15.93772580504032 0.9951847266721967
    endloop
  endfacet
  facet normal -0.9569403357322076 0.29028467725446644 -1.4997879252570566e-18
    outer loop
      vertex 27.998036798991922 15.93772580504032 0.9951847266721967
      vertex 28.140301168721784 16.406708580912724 5
      vertex 28.140301168721784 16.406708580912724 0.9951847266721967
    endloop
  endfacet
  facet normal -0.8819212643483576 0.47139673682599287 -2.1820857225960318e-19
    outer loop
      vertex 28.140301168721784 16.406708580912724 0.9951847266721967
      vertex 28.371325969243635 16.838925582549006 5
      vertex 28.371325969243635 16.838925582549006 0.9951847266721967
    endloop
  endfacet
  facet normal -0.7730104533627352 0.6343932841636477 -3.4263488539820117e-18
    outer loop
      vertex 28.371325969243635 16.838925582549006 0.9951847266721967
      vertex 28.68223304703363 17.217766952966368 5
      vertex 28.68223304703363 17.217766952966368 0.9951847266721967
    endloop
  endfacet
  facet normal -0.6343932841636477 0.7730104533627352 -3.4263488539820117e-18
    outer loop
      vertex 28.68223304703363 17.217766952966368 0.9951847266721967
      vertex 29.061074417450993 17.528674030756363 5
      vertex 29.061074417450993 17.528674030756363 0.9951847266721967
    endloop
  endfacet
  facet normal -0.47139673682599287 0.8819212643483576 -2.1820857225960318e-19
    outer loop
      vertex 29.061074417450993 17.528674030756363 0.9951847266721967
      vertex 29.493291419087274 17.759698831278214 5
      vertex 29.493291419087274 17.759698831278214 0.9951847266721967
    endloop
  endfacet
  facet normal 0.7730104533627387 0.6343932841636434 0
    outer loop
      vertex 32.52867403075636 16.838925582549006 0.9951847266721967
      vertex 32.21776695296637 17.217766952966368 0.9951847266721967
      vertex 32.52867403075636 16.838925582549006 5
    endloop
  endfacet
  facet normal 0.47139673682599287 0.8819212643483576 2.1820857225960318e-19
    outer loop
      vertex 31.406708580912724 17.759698831278214 0.9951847266721967
      vertex 31.838925582549006 17.528674030756363 5
      vertex 31.838925582549006 17.528674030756363 0.9951847266721967
    endloop
  endfacet
  facet normal 0.6343932841636442 0.773010453362738 0
    outer loop
      vertex 32.21776695296637 17.217766952966368 0.9951847266721967
      vertex 31.838925582549006 17.528674030756363 0.9951847266721967
      vertex 32.21776695296637 17.217766952966368 5
    endloop
  endfacet
  facet normal -0.29028467725446644 0.9569403357322076 -1.4997879252570566e-18
    outer loop
      vertex 29.493291419087274 17.759698831278214 0.9951847266721967
      vertex 29.96227419495968 17.901963201008076 5
      vertex 29.96227419495968 17.901963201008076 0.9951847266721967
    endloop
  endfacet
  facet normal -0.09801714032955905 0.995184726672197 4.6643517550284134e-20
    outer loop
      vertex 29.96227419495968 17.901963201008076 0.9951847266721967
      vertex 30.45 17.95 5
      vertex 30.45 17.95 0.9951847266721967
    endloop
  endfacet
  facet normal 0.09801714032955905 0.995184726672197 -4.6643517550284134e-20
    outer loop
      vertex 30.45 17.95 0.9951847266721967
      vertex 30.93772580504032 17.901963201008076 5
      vertex 30.93772580504032 17.901963201008076 0.9951847266721967
    endloop
  endfacet
  facet normal 0.29028467725446644 0.9569403357322076 0
    outer loop
      vertex 31.406708580912724 17.759698831278214 0.9951847266721967
      vertex 30.93772580504032 17.901963201008076 0.9951847266721967
      vertex 31.406708580912724 17.759698831278214 5
    endloop
  endfacet
  facet normal 0.9951847266721956 0.0980171403295734 0
    outer loop
      vertex 32.95 15.45 0.9951847266721967
      vertex 32.90196320100807 15.93772580504032 0.9951847266721967
      vertex 32.95 15.45 5
    endloop
  endfacet
  facet normal 0.9569403357322096 0.2902846772544598 1.9211385580554913e-18
    outer loop
      vertex 32.759698831278214 16.406708580912724 0.9951847266721967
      vertex 32.90196320100807 15.93772580504032 5
      vertex 32.90196320100807 15.93772580504032 0.9951847266721967
    endloop
  endfacet
  facet normal 0.8819212643483576 0.47139673682599287 0
    outer loop
      vertex 32.759698831278214 16.406708580912724 0.9951847266721967
      vertex 32.52867403075636 16.838925582549006 0.9951847266721967
      vertex 32.759698831278214 16.406708580912724 5
    endloop
  endfacet
  facet normal -0.6343932841636477 -0.7730104533627352 0
    outer loop
      vertex 29.061074417450993 13.371325969243635 0.9951847266721967
      vertex 29.061074417450993 13.371325969243635 5
      vertex 28.68223304703363 13.68223304703363 5
    endloop
  endfacet
  facet normal -0.7730104533627365 -0.6343932841636459 0
    outer loop
      vertex 28.68223304703363 13.68223304703363 0.9951847266721967
      vertex 28.68223304703363 13.68223304703363 5
      vertex 28.371325969243635 14.061074417450994 5
    endloop
  endfacet
  facet normal -0.4713967368259957 -0.8819212643483562 0
    outer loop
      vertex 29.493291419087274 13.140301168721782 0.9951847266721967
      vertex 29.493291419087274 13.140301168721782 5
      vertex 29.061074417450993 13.371325969243635 5
    endloop
  endfacet
  facet normal -0.2902846772544631 -0.9569403357322086 0
    outer loop
      vertex 29.96227419495968 12.998036798991922 0.9951847266721967
      vertex 29.96227419495968 12.998036798991922 5
      vertex 29.493291419087274 13.140301168721782 5
    endloop
  endfacet
  facet normal -0.8819212643483568 -0.47139673682599437 0
    outer loop
      vertex 28.371325969243635 14.061074417450994 0.9951847266721967
      vertex 28.371325969243635 14.061074417450994 5
      vertex 28.140301168721784 14.493291419087274 5
    endloop
  endfacet
  facet normal -0.9569403357322076 -0.29028467725446644 0
    outer loop
      vertex 28.140301168721784 14.493291419087274 0.9951847266721967
      vertex 28.140301168721784 14.493291419087274 5
      vertex 27.998036798991922 14.96227419495968 5
    endloop
  endfacet
  facet normal -0.995184726672197 -0.09801714032955905 0
    outer loop
      vertex 27.998036798991922 14.96227419495968 0.9951847266721967
      vertex 27.998036798991922 14.96227419495968 5
      vertex 27.95 15.45 5
    endloop
  endfacet
  facet normal -0.09801714032955905 -0.995184726672197 0
    outer loop
      vertex 30.45 12.95 0.9951847266721967
      vertex 30.45 12.95 5
      vertex 29.96227419495968 12.998036798991922 5
    endloop
  endfacet
  facet normal 0.09801714032955905 -0.995184726672197 0
    outer loop
      vertex 30.93772580504032 12.998036798991922 0.9951847266721967
      vertex 30.93772580504032 12.998036798991922 5
      vertex 30.45 12.95 5
    endloop
  endfacet
  facet normal 0.2902846772544631 -0.9569403357322086 0
    outer loop
      vertex 31.406708580912724 13.140301168721782 0.9951847266721967
      vertex 31.406708580912724 13.140301168721782 5
      vertex 30.93772580504032 12.998036798991922 5
    endloop
  endfacet
  facet normal 0.4713967368259957 -0.8819212643483562 0
    outer loop
      vertex 31.838925582549006 13.371325969243635 0.9951847266721967
      vertex 31.838925582549006 13.371325969243635 5
      vertex 31.406708580912724 13.140301168721782 5
    endloop
  endfacet
  facet normal 0.6343932841636442 -0.773010453362738 0
    outer loop
      vertex 32.21776695296637 13.68223304703363 0.9951847266721967
      vertex 32.21776695296637 13.68223304703363 5
      vertex 31.838925582549006 13.371325969243635 5
    endloop
  endfacet
  facet normal 0.7730104533627401 -0.6343932841636416 0
    outer loop
      vertex 32.52867403075636 14.061074417450994 0.9951847266721967
      vertex 32.52867403075636 14.061074417450994 5
      vertex 32.21776695296637 13.68223304703363 5
    endloop
  endfacet
  facet normal 0.8819212643483568 -0.47139673682599437 0
    outer loop
      vertex 32.759698831278214 14.493291419087274 0.9951847266721967
      vertex 32.759698831278214 14.493291419087274 5
      vertex 32.52867403075636 14.061074417450994 5
    endloop
  endfacet
  facet normal 0.9569403357322096 -0.2902846772544598 0
    outer loop
      vertex 32.90196320100807 14.96227419495968 0.9951847266721967
      vertex 32.90196320100807 14.96227419495968 5
      vertex 32.759698831278214 14.493291419087274 5
    endloop
  endfacet
  facet normal 0 0 1
    outer loop
      vertex 29.061074417450993 13.371325969243635 5
      vertex 29.493291419087274 13.140301168721782 5
      vertex 29.616644650470597 14.202795581546182 5
    endloop
  endfacet
  facet normal 0 0 1
    outer loop
      vertex 29.061074417450993 13.371325969243635 5
      vertex 29.389339828220177 14.389339828220178 5
      vertex 28.68223304703363 13.68223304703363 5
    endloop
  endfacet
  facet normal 0 0 1
    outer loop
      vertex 29.493291419087274 13.140301168721782 5
      vertex 29.96227419495968 12.998036798991922 5
      vertex 29.875974851452366 14.06418070123307 5
    endloop
  endfacet
  facet normal 0 0 1
    outer loop
      vertex 29.493291419087274 13.140301168721782 5
      vertex 29.875974851452366 14.06418070123307 5
      vertex 29.616644650470597 14.202795581546182 5
    endloop
  endfacet
  facet normal 0 0 1
    outer loop
      vertex 29.96227419495968 12.998036798991922 5
      vertex 30.157364516975807 13.978822079395155 5
      vertex 29.875974851452366 14.06418070123307 5
    endloop
  endfacet
  facet normal 0 0 1
    outer loop
      vertex 28.371325969243635 14.061074417450994 5
      vertex 28.68223304703363 13.68223304703363 5
      vertex 29.20279558154618 14.616644650470596 5
    endloop
  endfacet
  facet normal 0 0 1
    outer loop
      vertex 28.371325969243635 14.061074417450994 5
      vertex 29.06418070123307 14.875974851452364 5
      vertex 28.140301168721784 14.493291419087274 5
    endloop
  endfacet
  facet normal 0 0 1
    outer loop
      vertex 28.371325969243635 14.061074417450994 5
      vertex 29.20279558154618 14.616644650470596 5
      vertex 29.06418070123307 14.875974851452364 5
    endloop
  endfacet
  facet normal 0 0 1
    outer loop
      vertex 28.140301168721784 14.493291419087274 5
      vertex 28.978822079395155 15.157364516975807 5
      vertex 27.998036798991922 14.96227419495968 5
    endloop
  endfacet
  facet normal 0 0 1
    outer loop
      vertex 28.140301168721784 14.493291419087274 5
      vertex 29.06418070123307 14.875974851452364 5
      vertex 28.978822079395155 15.157364516975807 5
    endloop
  endfacet
  facet normal 0 0 1
    outer loop
      vertex 28.68223304703363 13.68223304703363 5
      vertex 29.389339828220177 14.389339828220178 5
      vertex 29.20279558154618 14.616644650470596 5
    endloop
  endfacet
  facet normal 0 0 1
    outer loop
      vertex 29.061074417450993 13.371325969243635 5
      vertex 29.616644650470597 14.202795581546182 5
      vertex 29.389339828220177 14.389339828220178 5
    endloop
  endfacet
  facet normal 0 0 1
    outer loop
      vertex 29.96227419495968 12.998036798991922 5
      vertex 30.45 12.95 5
      vertex 30.157364516975807 13.978822079395155 5
    endloop
  endfacet
  facet normal 0 0 1
    outer loop
      vertex 30.45 12.95 5
      vertex 30.93772580504032 12.998036798991922 5
      vertex 30.45 13.95 5
    endloop
  endfacet
  facet normal 0 0 1
    outer loop
      vertex 30.45 12.95 5
      vertex 30.45 13.95 5
      vertex 30.157364516975807 13.978822079395155 5
    endloop
  endfacet
  facet normal 0 0 1
    outer loop
      vertex 30.93772580504032 12.998036798991922 5
      vertex 30.74263548302419 13.978822079395155 5
      vertex 30.45 13.95 5
    endloop
  endfacet
  facet normal 0 0 1
    outer loop
      vertex 30.93772580504032 12.998036798991922 5
      vertex 31.406708580912724 13.140301168721782 5
      vertex 30.74263548302419 13.978822079395155 5
    endloop
  endfacet
  facet normal 0 0 1
    outer loop
      vertex 30.74263548302419 13.978822079395155 5
      vertex 31.406708580912724 13.140301168721782 5
      vertex 31.024025148547633 14.06418070123307 5
    endloop
  endfacet
  facet normal 0 0 1
    outer loop
      vertex 31.406708580912724 13.140301168721782 5
      vertex 31.838925582549006 13.371325969243635 5
      vertex 31.024025148547633 14.06418070123307 5
    endloop
  endfacet
  facet normal 0 0 1
    outer loop
      vertex 31.024025148547633 14.06418070123307 5
      vertex 31.838925582549006 13.371325969243635 5
      vertex 31.2833553495294 14.202795581546182 5
    endloop
  endfacet
  facet normal 0 0 1
    outer loop
      vertex 31.2833553495294 14.202795581546182 5
      vertex 31.838925582549006 13.371325969243635 5
      vertex 32.21776695296637 13.68223304703363 5
    endloop
  endfacet
  facet normal 0 0 1
    outer loop
      vertex 31.2833553495294 14.202795581546182 5
      vertex 32.21776695296637 13.68223304703363 5
      vertex 31.510660171779822 14.389339828220178 5
    endloop
  endfacet
  facet normal 0 0 1
    outer loop
      vertex 32.21776695296637 13.68223304703363 5
      vertex 32.52867403075636 14.061074417450994 5
      vertex 31.510660171779822 14.389339828220178 5
    endloop
  endfacet
  facet normal 0 0 1
    outer loop
      vertex 32.52867403075636 14.061074417450994 5
      vertex 31.69720441845382 14.616644650470596 5
      vertex 31.510660171779822 14.389339828220178 5
    endloop
  endfacet
  facet normal 0 0 1
    outer loop
      vertex 32.52867403075636 14.061074417450994 5
      vertex 32.759698831278214 14.493291419087274 5
      vertex 31.69720441845382 14.616644650470596 5
    endloop
  endfacet
  facet normal 0 0 1
    outer loop
      vertex 31.69720441845382 14.616644650470596 5
      vertex 32.759698831278214 14.493291419087274 5
      vertex 31.83581929876693 14.875974851452364 5
    endloop
  endfacet
  facet normal 0 0 1
    outer loop
      vertex 31.83581929876693 14.875974851452364 5
      vertex 32.90196320100807 14.96227419495968 5
      vertex 31.921177920604844 15.157364516975807 5
    endloop
  endfacet
  facet normal 0 0 1
    outer loop
      vertex 32.759698831278214 14.493291419087274 5
      vertex 32.90196320100807 14.96227419495968 5
      vertex 31.83581929876693 14.875974851452364 5
    endloop
  endfacet
  facet normal -0.995184726672197 0.09801714032955905 0
    outer loop
      vertex 27.95 15.45 0.9951847266721967
      vertex 27.95 15.45 5
      vertex 27.998036798991922 15.93772580504032 5
    endloop
  endfacet
  facet normal -0.9569403357322076 0.29028467725446644 0
    outer loop
      vertex 27.998036798991922 15.93772580504032 0.9951847266721967
      vertex 27.998036798991922 15.93772580504032 5
      vertex 28.140301168721784 16.406708580912724 5
    endloop
  endfacet
  facet normal -0.8819212643483576 0.47139673682599287 0
    outer loop
      vertex 28.140301168721784 16.406708580912724 0.9951847266721967
      vertex 28.140301168721784 16.406708580912724 5
      vertex 28.371325969243635 16.838925582549006 5
    endloop
  endfacet
  facet normal -0.7730104533627352 0.6343932841636477 0
    outer loop
      vertex 28.371325969243635 16.838925582549006 0.9951847266721967
      vertex 28.371325969243635 16.838925582549006 5
      vertex 28.68223304703363 17.217766952966368 5
    endloop
  endfacet
  facet normal -0.6343932841636477 0.7730104533627352 0
    outer loop
      vertex 28.68223304703363 17.217766952966368 0.9951847266721967
      vertex 28.68223304703363 17.217766952966368 5
      vertex 29.061074417450993 17.528674030756363 5
    endloop
  endfacet
  facet normal -0.47139673682599287 0.8819212643483576 0
    outer loop
      vertex 29.061074417450993 17.528674030756363 0.9951847266721967
      vertex 29.061074417450993 17.528674030756363 5
      vertex 29.493291419087274 17.759698831278214 5
    endloop
  endfacet
  facet normal 0.47139673682599287 0.8819212643483576 0
    outer loop
      vertex 31.406708580912724 17.759698831278214 0.9951847266721967
      vertex 31.406708580912724 17.759698831278214 5
      vertex 31.838925582549006 17.528674030756363 5
    endloop
  endfacet
  facet normal 0.7730104533627387 0.6343932841636434 0
    outer loop
      vertex 32.21776695296637 17.217766952966368 0.9951847266721967
      vertex 32.21776695296637 17.217766952966368 5
      vertex 32.52867403075636 16.838925582549006 5
    endloop
  endfacet
  facet normal 0.6343932841636442 0.773010453362738 0
    outer loop
      vertex 31.838925582549006 17.528674030756363 0.9951847266721967
      vertex 31.838925582549006 17.528674030756363 5
      vertex 32.21776695296637 17.217766952966368 5
    endloop
  endfacet
  facet normal -0.29028467725446644 0.9569403357322076 0
    outer loop
      vertex 29.493291419087274 17.759698831278214 0.9951847266721967
      vertex 29.493291419087274 17.759698831278214 5
      vertex 29.96227419495968 17.901963201008076 5
    endloop
  endfacet
  facet normal -0.09801714032955905 0.995184726672197 0
    outer loop
      vertex 29.96227419495968 17.901963201008076 0.9951847266721967
      vertex 29.96227419495968 17.901963201008076 5
      vertex 30.45 17.95 5
    endloop
  endfacet
  facet normal 0.09801714032955905 0.995184726672197 0
    outer loop
      vertex 30.45 17.95 0.9951847266721967
      vertex 30.45 17.95 5
      vertex 30.93772580504032 17.901963201008076 5
    endloop
  endfacet
  facet normal 0.29028467725446644 0.9569403357322076 0
    outer loop
      vertex 30.93772580504032 17.901963201008076 0.9951847266721967
      vertex 30.93772580504032 17.901963201008076 5
      vertex 31.406708580912724 17.759698831278214 5
    endloop
  endfacet
  facet normal 0.9951847266721956 -0.0980171403295734 0
    outer loop
      vertex 32.95 15.45 0.9951847266721967
      vertex 32.95 15.45 5
      vertex 32.90196320100807 14.96227419495968 5
    endloop
  endfacet
  facet normal 0.9951847266721956 0.0980171403295734 0
    outer loop
      vertex 32.90196320100807 15.93772580504032 0.9951847266721967
      vertex 32.90196320100807 15.93772580504032 5
      vertex 32.95 15.45 5
    endloop
  endfacet
  facet normal 0.9569403357322096 0.2902846772544598 0
    outer loop
      vertex 32.759698831278214 16.406708580912724 0.9951847266721967
      vertex 32.759698831278214 16.406708580912724 5
      vertex 32.90196320100807 15.93772580504032 5
    endloop
  endfacet
  facet normal 0.8819212643483576 0.47139673682599287 0
    outer loop
      vertex 32.52867403075636 16.838925582549006 0.9951847266721967
      vertex 32.52867403075636 16.838925582549006 5
      vertex 32.759698831278214 16.406708580912724 5
    endloop
  endfacet
  facet normal 0 0 1
    outer loop
      vertex 27.998036798991922 14.96227419495968 5
      vertex 28.95 15.45 5
      vertex 27.95 15.45 5
    endloop
  endfacet
  facet normal 0 0 1
    outer loop
      vertex 27.95 15.45 5
      vertex 28.978822079395155 15.742635483024191 5
      vertex 27.998036798991922 15.93772580504032 5
    endloop
  endfacet
  facet normal 0 0 1
    outer loop
      vertex 27.998036798991922 14.96227419495968 5
      vertex 28.978822079395155 15.157364516975807 5
      vertex 28.95 15.45 5
    endloop
  endfacet
  facet normal 0 0 1
    outer loop
      vertex 27.95 15.45 5
      vertex 28.95 15.45 5
      vertex 28.978822079395155 15.742635483024191 5
    endloop
  endfacet
  facet normal 0 0 1
    outer loop
      vertex 27.998036798991922 15.93772580504032 5
      vertex 29.06418070123307 16.024025148547633 5
      vertex 28.140301168721784 16.406708580912724 5
    endloop
  endfacet
  facet normal 0 0 1
    outer loop
      vertex 27.998036798991922 15.93772580504032 5
      vertex 28.978822079395155 15.742635483024191 5
      vertex 29.06418070123307 16.024025148547633 5
    endloop
  endfacet
  facet normal 0 0 1
    outer loop
      vertex 28.140301168721784 16.406708580912724 5
      vertex 29.06418070123307 16.024025148547633 5
      vertex 29.20279558154618 16.2833553495294 5
    endloop
  endfacet
  facet normal 0 0 1
    outer loop
      vertex 28.140301168721784 16.406708580912724 5
      vertex 29.20279558154618 16.2833553495294 5
      vertex 28.371325969243635 16.838925582549006 5
    endloop
  endfacet
  facet normal 0 0 1
    outer loop
      vertex 29.20279558154618 16.2833553495294 5
      vertex 29.389339828220177 16.510660171779822 5
      vertex 28.371325969243635 16.838925582549006 5
    endloop
  endfacet
  facet normal 0 0 1
    outer loop
      vertex 29.389339828220177 16.510660171779822 5
      vertex 28.68223304703363 17.217766952966368 5
      vertex 28.371325969243635 16.838925582549006 5
    endloop
  endfacet
  facet normal 0 0 1
    outer loop
      vertex 29.389339828220177 16.510660171779822 5
      vertex 29.616644650470597 16.69720441845382 5
      vertex 28.68223304703363 17.217766952966368 5
    endloop
  endfacet
  facet normal 0 0 1
    outer loop
      vertex 29.616644650470597 16.69720441845382 5
      vertex 29.875974851452366 16.83581929876693 5
      vertex 29.061074417450993 17.528674030756363 5
    endloop
  endfacet
  facet normal 0 0 1
    outer loop
      vertex 29.616644650470597 16.69720441845382 5
      vertex 29.061074417450993 17.528674030756363 5
      vertex 28.68223304703363 17.217766952966368 5
    endloop
  endfacet
  facet normal 0 0 1
    outer loop
      vertex 29.061074417450993 17.528674030756363 5
      vertex 29.875974851452366 16.83581929876693 5
      vertex 29.493291419087274 17.759698831278214 5
    endloop
  endfacet
  facet normal 0 0 1
    outer loop
      vertex 29.493291419087274 17.759698831278214 5
      vertex 29.875974851452366 16.83581929876693 5
      vertex 30.157364516975807 16.921177920604844 5
    endloop
  endfacet
  facet normal 0 0 1
    outer loop
      vertex 29.493291419087274 17.759698831278214 5
      vertex 30.157364516975807 16.921177920604844 5
      vertex 29.96227419495968 17.901963201008076 5
    endloop
  endfacet
  facet normal 0 0 1
    outer loop
      vertex 31.921177920604844 15.157364516975807 5
      vertex 32.95 15.45 5
      vertex 31.95 15.45 5
    endloop
  endfacet
  facet normal 0 0 1
    outer loop
      vertex 31.95 15.45 5
      vertex 32.90196320100807 15.93772580504032 5
      vertex 31.921177920604844 15.742635483024191 5
    endloop
  endfacet
  facet normal 0 0 1
    outer loop
      vertex 31.921177920604844 15.742635483024191 5
      vertex 32.759698831278214 16.406708580912724 5
      vertex 31.83581929876693 16.024025148547633 5
    endloop
  endfacet
  facet normal 0 0 1
    outer loop
      vertex 31.69720441845382 16.2833553495294 5
      vertex 31.83581929876693 16.024025148547633 5
      vertex 32.52867403075636 16.838925582549006 5
    endloop
  endfacet
  facet normal 0 0 1
    outer loop
      vertex 31.83581929876693 16.024025148547633 5
      vertex 32.759698831278214 16.406708580912724 5
      vertex 32.52867403075636 16.838925582549006 5
    endloop
  endfacet
  facet normal 0 0 1
    outer loop
      vertex 30.157364516975807 16.921177920604844 5
      vertex 30.45 16.95 5
      vertex 29.96227419495968 17.901963201008076 5
    endloop
  endfacet
  facet normal 0 0 1
    outer loop
      vertex 30.45 16.95 5
      vertex 30.74263548302419 16.921177920604844 5
      vertex 30.45 17.95 5
    endloop
  endfacet
  facet normal 0 0 1
    outer loop
      vertex 30.45 16.95 5
      vertex 30.45 17.95 5
      vertex 29.96227419495968 17.901963201008076 5
    endloop
  endfacet
  facet normal 0 0 1
    outer loop
      vertex 30.74263548302419 16.921177920604844 5
      vertex 30.93772580504032 17.901963201008076 5
      vertex 30.45 17.95 5
    endloop
  endfacet
  facet normal 0 0 1
    outer loop
      vertex 30.74263548302419 16.921177920604844 5
      vertex 31.024025148547633 16.83581929876693 5
      vertex 30.93772580504032 17.901963201008076 5
    endloop
  endfacet
  facet normal 0 0 1
    outer loop
      vertex 31.024025148547633 16.83581929876693 5
      vertex 31.2833553495294 16.69720441845382 5
      vertex 31.406708580912724 17.759698831278214 5
    endloop
  endfacet
  facet normal 0 0 1
    outer loop
      vertex 31.024025148547633 16.83581929876693 5
      vertex 31.406708580912724 17.759698831278214 5
      vertex 30.93772580504032 17.901963201008076 5
    endloop
  endfacet
  facet normal 0 0 1
    outer loop
      vertex 31.69720441845382 16.2833553495294 5
      vertex 32.21776695296637 17.217766952966368 5
      vertex 31.510660171779822 16.510660171779822 5
    endloop
  endfacet
  facet normal 0 0 1
    outer loop
      vertex 31.510660171779822 16.510660171779822 5
      vertex 31.838925582549006 17.528674030756363 5
      vertex 31.2833553495294 16.69720441845382 5
    endloop
  endfacet
  facet normal 0 0 1
    outer loop
      vertex 31.510660171779822 16.510660171779822 5
      vertex 32.21776695296637 17.217766952966368 5
      vertex 31.838925582549006 17.528674030756363 5
    endloop
  endfacet
  facet normal 0 0 1
    outer loop
      vertex 31.69720441845382 16.2833553495294 5
      vertex 32.52867403075636 16.838925582549006 5
      vertex 32.21776695296637 17.217766952966368 5
    endloop
  endfacet
  facet normal 0 0 1
    outer loop
      vertex 31.2833553495294 16.69720441845382 5
      vertex 31.838925582549006 17.528674030756363 5
      vertex 31.406708580912724 17.759698831278214 5
    endloop
  endfacet
  facet normal 0 0 1
    outer loop
      vertex 31.921177920604844 15.157364516975807 5
      vertex 32.90196320100807 14.96227419495968 5
      vertex 32.95 15.45 5
    endloop
  endfacet
  facet normal 0 0 1
    outer loop
      vertex 31.95 15.45 5
      vertex 32.95 15.45 5
      vertex 32.90196320100807 15.93772580504032 5
    endloop
  endfacet
  facet normal 0 0 1
    outer loop
      vertex 31.921177920604844 15.742635483024191 5
      vertex 32.90196320100807 15.93772580504032 5
      vertex 32.759698831278214 16.406708580912724 5
    endloop
  endfacet
  facet normal -0.062181415557997846 -0.07576827408347195 0.9951847266721968
    outer loop
      vertex -32.286109439906234 12.70206803135182 0.01912219546999383
      vertex -32.786924044511444 13.113075955488554 0.01912219546999383
      vertex -32.394495815568604 12.53985635694109 0
    endloop
  endfacet
  facet normal -0.06218141555799744 -0.0757682740834717 0.995184726672197
    outer loop
      vertex -32.786924044511444 13.113075955488554 0.01912219546999383
      vertex -32.92487373415292 12.975126265847083 0
      vertex -32.394495815568604 12.53985635694109 0
    endloop
  endfacet
  facet normal -0.07576827408347139 -0.06218141555799757 0.995184726672197
    outer loop
      vertex -33.19793196864818 13.613890560093761 0.01912219546999383
      vertex -32.92487373415292 12.975126265847083 0
      vertex -32.786924044511444 13.113075955488554 0.01912219546999383
    endloop
  endfacet
  facet normal -0.18415464974584364 -0.22439308996873103 0.9569403357322078
    outer loop
      vertex -32.286109439906234 12.70206803135182 0.01912219546999383
      vertex -32.65427568407982 13.245724315920182 0.07575392663191494
      vertex -32.786924044511444 13.113075955488554 0.01912219546999383
    endloop
  endfacet
  facet normal -0.07576827408347263 -0.06218141555799808 0.9951847266721969
    outer loop
      vertex -33.19793196864818 13.613890560093761 0.01912219546999383
      vertex -33.360143643058905 13.505504184431391 0
      vertex -32.92487373415292 12.975126265847083 0
    endloop
  endfacet
  facet normal -0.08644340032725574 -0.04620496010437088 0.9951847266721968
    outer loop
      vertex -33.19793196864818 13.613890560093761 0.01912219546999383
      vertex -33.50333840828777 14.185265820772528 0.01912219546999383
      vertex -33.360143643058905 13.505504184431391 0
    endloop
  endfacet
  facet normal -0.22439308996872828 -0.18415464974584192 0.9569403357322088
    outer loop
      vertex -33.19793196864818 13.613890560093761 0.01912219546999383
      vertex -32.786924044511444 13.113075955488554 0.01912219546999383
      vertex -33.0419539979157 13.718111708123207 0.07575392663191494
    endloop
  endfacet
  facet normal -0.09379655517448104 -0.02845287394597216 0.9951847266721969
    outer loop
      vertex -33.69140676522876 14.805244106687907 0.01912219546999383
      vertex -33.882748481411305 14.76718387294355 0
      vertex -33.6835783637895 14.110607986722185 0
    endloop
  endfacet
  facet normal -0.09754516100806473 -0.009607359798384065 0.9951847266721969
    outer loop
      vertex -33.69140676522876 14.805244106687907 0.01912219546999383
      vertex -33.75490967798387 15.45 0.01912219546999383
      vertex -33.882748481411305 14.76718387294355 0
    endloop
  endfacet
  facet normal -0.08644340032725667 -0.04620496010437109 0.9951847266721969
    outer loop
      vertex -33.50333840828777 14.185265820772528 0.01912219546999383
      vertex -33.6835783637895 14.110607986722185 0
      vertex -33.360143643058905 13.505504184431391 0
    endloop
  endfacet
  facet normal -0.25600822958521063 -0.13683924960834312 0.9569403357322085
    outer loop
      vertex -33.19793196864818 13.613890560093761 0.01912219546999383
      vertex -33.33002497319623 14.257054596128912 0.07575392663191494
      vertex -33.50333840828777 14.185265820772528 0.01912219546999383
    endloop
  endfacet
  facet normal -0.09379655517448145 -0.028452873945972155 0.9951847266721967
    outer loop
      vertex -33.50333840828777 14.185265820772528 0.01912219546999383
      vertex -33.69140676522876 14.805244106687907 0.01912219546999383
      vertex -33.6835783637895 14.110607986722185 0
    endloop
  endfacet
  facet normal -0.2777851165097942 -0.08426519384872556 0.956940335732211
    outer loop
      vertex -33.50333840828777 14.185265820772528 0.01912219546999383
      vertex -33.50741820389344 14.841841706993893 0.07575392663191494
      vertex -33.69140676522876 14.805244106687907 0.01912219546999383
    endloop
  endfacet
  facet normal -0.04620496010437021 -0.08644340032725527 0.995184726672197
    outer loop
      vertex -32.286109439906234 12.70206803135182 0.01912219546999383
      vertex -32.394495815568604 12.53985635694109 0
      vertex -31.789392013277812 12.216421636210496 0
    endloop
  endfacet
  facet normal -0.04620496010437059 -0.08644340032725566 0.995184726672197
    outer loop
      vertex -32.286109439906234 12.70206803135182 0.01912219546999383
      vertex -31.789392013277812 12.216421636210496 0
      vertex -31.71473417922747 12.396661591712233 0.01912219546999383
    endloop
  endfacet
  facet normal -0.1368392496083432 -0.25600822958521213 0.9569403357322078
    outer loop
      vertex -32.286109439906234 12.70206803135182 0.01912219546999383
      vertex -31.71473417922747 12.396661591712233 0.01912219546999383
      vertex -32.181888291876795 12.8580460020843 0.07575392663191494
    endloop
  endfacet
  facet normal -0.028452873945971627 -0.09379655517448013 0.995184726672197
    outer loop
      vertex -31.71473417922747 12.396661591712233 0.01912219546999383
      vertex -31.789392013277812 12.216421636210496 0
      vertex -31.132816127056447 12.017251518588694 0
    endloop
  endfacet
  facet normal -0.08426519384872809 -0.27778511650980325 0.9569403357322083
    outer loop
      vertex -31.71473417922747 12.396661591712233 0.01912219546999383
      vertex -31.09475589331209 12.208593234771238 0.01912219546999383
      vertex -31.64294540387109 12.56997502680377 0.07575392663191494
    endloop
  endfacet
  facet normal -0.028452873945971718 -0.09379655517448028 0.995184726672197
    outer loop
      vertex -31.71473417922747 12.396661591712233 0.01912219546999383
      vertex -31.132816127056447 12.017251518588694 0
      vertex -31.09475589331209 12.208593234771238 0.01912219546999383
    endloop
  endfacet
  facet normal -0.009607359798384878 -0.09754516100806367 0.995184726672197
    outer loop
      vertex -31.09475589331209 12.208593234771238 0.01912219546999383
      vertex -31.132816127056447 12.017251518588694 0
      vertex -30.45 11.95 0
    endloop
  endfacet
  facet normal -0.028452873945972075 -0.28888687719060946 0.9569403357322086
    outer loop
      vertex -31.09475589331209 12.208593234771238 0.01912219546999383
      vertex -30.45 12.145090322016127 0.01912219546999383
      vertex -31.058158293006105 12.392581796106558 0.07575392663191494
    endloop
  endfacet
  facet normal -0.009607359798384764 -0.09754516100806337 0.995184726672197
    outer loop
      vertex -31.09475589331209 12.208593234771238 0.01912219546999383
      vertex -30.45 11.95 0
      vertex -30.45 12.145090322016127 0.01912219546999383
    endloop
  endfacet
  facet normal 0.009607359798384852 -0.09754516100806337 0.995184726672197
    outer loop
      vertex -30.45 12.145090322016127 0.01912219546999383
      vertex -30.45 11.95 0
      vertex -29.76718387294355 12.017251518588694 0
    endloop
  endfacet
  facet normal 0.028452873945972096 -0.2888868771906096 0.9569403357322086
    outer loop
      vertex -30.45 12.145090322016127 0.01912219546999383
      vertex -29.80524410668791 12.208593234771238 0.01912219546999383
      vertex -30.45 12.332683432365089 0.07575392663191494
    endloop
  endfacet
  facet normal 0.009607359798384795 -0.0975451610080637 0.995184726672197
    outer loop
      vertex -30.45 12.145090322016127 0.01912219546999383
      vertex -29.76718387294355 12.017251518588694 0
      vertex -29.80524410668791 12.208593234771238 0.01912219546999383
    endloop
  endfacet
  facet normal 0.08426519384872766 -0.27778511650980187 0.9569403357322086
    outer loop
      vertex -29.80524410668791 12.208593234771238 0.01912219546999383
      vertex -29.18526582077253 12.396661591712233 0.01912219546999383
      vertex -29.841841706993893 12.392581796106558 0.07575392663191494
    endloop
  endfacet
  facet normal 0.02845287394597167 -0.09379655517448027 0.995184726672197
    outer loop
      vertex -29.80524410668791 12.208593234771238 0.01912219546999383
      vertex -29.76718387294355 12.017251518588694 0
      vertex -29.110607986722187 12.216421636210496 0
    endloop
  endfacet
  facet normal 0.028452873945971676 -0.09379655517448013 0.995184726672197
    outer loop
      vertex -29.80524410668791 12.208593234771238 0.01912219546999383
      vertex -29.110607986722187 12.216421636210496 0
      vertex -29.18526582077253 12.396661591712233 0.01912219546999383
    endloop
  endfacet
  facet normal 0.1368392496083424 -0.25600822958521224 0.9569403357322082
    outer loop
      vertex -29.18526582077253 12.396661591712233 0.01912219546999383
      vertex -28.61389056009376 12.70206803135182 0.01912219546999383
      vertex -29.25705459612891 12.56997502680377 0.07575392663191494
    endloop
  endfacet
  facet normal 0.046204960104370224 -0.08644340032725581 0.995184726672197
    outer loop
      vertex -29.18526582077253 12.396661591712233 0.01912219546999383
      vertex -29.110607986722187 12.216421636210496 0
      vertex -28.50550418443139 12.53985635694109 0
    endloop
  endfacet
  facet normal 0.04620496010437013 -0.08644340032725532 0.995184726672197
    outer loop
      vertex -29.18526582077253 12.396661591712233 0.01912219546999383
      vertex -28.50550418443139 12.53985635694109 0
      vertex -28.61389056009376 12.70206803135182 0.01912219546999383
    endloop
  endfacet
  facet normal 0.18415464974584117 -0.22439308996872642 0.9569403357322094
    outer loop
      vertex -28.718111708123207 12.8580460020843 0.07575392663191494
      vertex -28.61389056009376 12.70206803135182 0.01912219546999383
      vertex -28.113075955488554 13.113075955488554 0.01912219546999383
    endloop
  endfacet
  facet normal 0.062181415557998276 -0.07576827408347168 0.995184726672197
    outer loop
      vertex -28.61389056009376 12.70206803135182 0.01912219546999383
      vertex -28.50550418443139 12.53985635694109 0
      vertex -27.975126265847084 12.975126265847083 0
    endloop
  endfacet
  facet normal 0.0621814155579985 -0.07576827408347221 0.995184726672197
    outer loop
      vertex -28.61389056009376 12.70206803135182 0.01912219546999383
      vertex -27.975126265847084 12.975126265847083 0
      vertex -28.113075955488554 13.113075955488554 0.01912219546999383
    endloop
  endfacet
  facet normal 0.07576827408347217 -0.062181415557998714 0.995184726672197
    outer loop
      vertex -28.113075955488554 13.113075955488554 0.01912219546999383
      vertex -27.975126265847084 12.975126265847083 0
      vertex -27.53985635694109 13.505504184431391 0
    endloop
  endfacet
  facet normal 0.22439308996872828 -0.18415464974584192 0.9569403357322087
    outer loop
      vertex -28.24572431592018 13.245724315920182 0.07575392663191494
      vertex -28.113075955488554 13.113075955488554 0.01912219546999383
      vertex -27.70206803135182 13.613890560093761 0.01912219546999383
    endloop
  endfacet
  facet normal -0.09754516100805985 -0.009607359798384986 0.9951847266721974
    outer loop
      vertex -33.75490967798387 15.45 0.01912219546999383
      vertex -33.95 15.45 0
      vertex -33.882748481411305 14.76718387294355 0
    endloop
  endfacet
  facet normal -0.2888868771906171 -0.028452873945970368 0.9569403357322064
    outer loop
      vertex -33.69140676522876 14.805244106687907 0.01912219546999383
      vertex -33.56731656763491 15.45 0.07575392663191494
      vertex -33.75490967798387 15.45 0.01912219546999383
    endloop
  endfacet
  facet normal -0.09754516100805985 0.00960735979838361 0.9951847266721975
    outer loop
      vertex -33.75490967798387 15.45 0.01912219546999383
      vertex -33.69140676522876 16.09475589331209 0.01912219546999383
      vertex -33.95 15.45 0
    endloop
  endfacet
  facet normal -0.09754516100806443 0.009607359798385463 0.9951847266721967
    outer loop
      vertex -33.69140676522876 16.09475589331209 0.01912219546999383
      vertex -33.882748481411305 16.132816127056447 0
      vertex -33.95 15.45 0
    endloop
  endfacet
  facet normal -0.2888868771906024 0.028452873945968994 0.9569403357322109
    outer loop
      vertex -33.75490967798387 15.45 0.01912219546999383
      vertex -33.50741820389344 16.058158293006105 0.07575392663191494
      vertex -33.69140676522876 16.09475589331209 0.01912219546999383
    endloop
  endfacet
  facet normal -0.0937965551744811 0.028452873945971967 0.995184726672197
    outer loop
      vertex -33.69140676522876 16.09475589331209 0.01912219546999383
      vertex -33.50333840828777 16.71473417922747 0.01912219546999383
      vertex -33.882748481411305 16.132816127056447 0
    endloop
  endfacet
  facet normal -0.09379655517448167 0.028452873945972346 0.9951847266721967
    outer loop
      vertex -33.50333840828777 16.71473417922747 0.01912219546999383
      vertex -33.6835783637895 16.789392013277812 0
      vertex -33.882748481411305 16.132816127056447 0
    endloop
  endfacet
  facet normal -0.27778511650980325 0.08426519384872809 0.9569403357322083
    outer loop
      vertex -33.69140676522876 16.09475589331209 0.01912219546999383
      vertex -33.33002497319623 16.64294540387109 0.07575392663191494
      vertex -33.50333840828777 16.71473417922747 0.01912219546999383
    endloop
  endfacet
  facet normal -0.08644340032725695 0.046204960104371536 0.9951847266721967
    outer loop
      vertex -33.50333840828777 16.71473417922747 0.01912219546999383
      vertex -33.19793196864818 17.286109439906237 0.01912219546999383
      vertex -33.6835783637895 16.789392013277812 0
    endloop
  endfacet
  facet normal -0.2560082295852096 0.13683924960834257 0.9569403357322087
    outer loop
      vertex -33.50333840828777 16.71473417922747 0.01912219546999383
      vertex -33.0419539979157 17.181888291876792 0.07575392663191494
      vertex -33.19793196864818 17.286109439906237 0.01912219546999383
    endloop
  endfacet
  facet normal -0.08644340032725595 0.046204960104370564 0.9951847266721968
    outer loop
      vertex -33.19793196864818 17.286109439906237 0.01912219546999383
      vertex -33.360143643058905 17.394495815568607 0
      vertex -33.6835783637895 16.789392013277812 0
    endloop
  endfacet
  facet normal -0.07576827408347242 0.0621814155579984 0.995184726672197
    outer loop
      vertex -33.19793196864818 17.286109439906237 0.01912219546999383
      vertex -32.786924044511444 17.786924044511444 0.01912219546999383
      vertex -33.360143643058905 17.394495815568607 0
    endloop
  endfacet
  facet normal -0.07576827408347198 0.062181415557997756 0.995184726672197
    outer loop
      vertex -32.786924044511444 17.786924044511444 0.01912219546999383
      vertex -32.92487373415292 17.924873734152914 0
      vertex -33.360143643058905 17.394495815568607 0
    endloop
  endfacet
  facet normal -0.22439308996873134 0.18415464974584442 0.9569403357322077
    outer loop
      vertex -33.19793196864818 17.286109439906237 0.01912219546999383
      vertex -32.65427568407982 17.654275684079817 0.07575392663191494
      vertex -32.786924044511444 17.786924044511444 0.01912219546999383
    endloop
  endfacet
  facet normal -0.06218141555799784 0.07576827408347227 0.995184726672197
    outer loop
      vertex -32.786924044511444 17.786924044511444 0.01912219546999383
      vertex -32.286109439906234 18.197931968648177 0.01912219546999383
      vertex -32.92487373415292 17.924873734152914 0
    endloop
  endfacet
  facet normal -0.06218141555799748 0.0757682740834714 0.9951847266721972
    outer loop
      vertex -32.286109439906234 18.197931968648177 0.01912219546999383
      vertex -32.394495815568604 18.36014364305891 0
      vertex -32.92487373415292 17.924873734152914 0
    endloop
  endfacet
  facet normal 0.22439308996872828 0.18415464974584192 0.9569403357322088
    outer loop
      vertex -27.70206803135182 17.286109439906237 0.01912219546999383
      vertex -28.113075955488554 17.786924044511444 0.01912219546999383
      vertex -27.8580460020843 17.181888291876792 0.07575392663191494
    endloop
  endfacet
  facet normal 0.07576827408347289 0.0621814155579988 0.995184726672197
    outer loop
      vertex -27.70206803135182 17.286109439906237 0.01912219546999383
      vertex -27.975126265847084 17.924873734152914 0
      vertex -28.113075955488554 17.786924044511444 0.01912219546999383
    endloop
  endfacet
  facet normal -0.1841546497458451 0.22439308996873378 0.9569403357322068
    outer loop
      vertex -32.786924044511444 17.786924044511444 0.01912219546999383
      vertex -32.181888291876795 18.041953997915698 0.07575392663191494
      vertex -32.286109439906234 18.197931968648177 0.01912219546999383
    endloop
  endfacet
  facet normal -0.13683924960834226 0.2560082295852074 0.9569403357322093
    outer loop
      vertex -32.286109439906234 18.197931968648177 0.01912219546999383
      vertex -31.64294540387109 18.330024973196227 0.07575392663191494
      vertex -31.71473417922747 18.503338408287767 0.01912219546999383
    endloop
  endfacet
  facet normal -0.046204960104370356 0.08644340032725421 0.9951847266721972
    outer loop
      vertex -32.286109439906234 18.197931968648177 0.01912219546999383
      vertex -31.71473417922747 18.503338408287767 0.01912219546999383
      vertex -32.394495815568604 18.36014364305891 0
    endloop
  endfacet
  facet normal -0.04620496010437066 0.08644340032725563 0.995184726672197
    outer loop
      vertex -31.71473417922747 18.503338408287767 0.01912219546999383
      vertex -31.789392013277812 18.683578363789504 0
      vertex -32.394495815568604 18.36014364305891 0
    endloop
  endfacet
  facet normal -0.028452873945971676 0.09379655517448013 0.995184726672197
    outer loop
      vertex -31.71473417922747 18.503338408287767 0.01912219546999383
      vertex -31.09475589331209 18.691406765228763 0.01912219546999383
      vertex -31.789392013277812 18.683578363789504 0
    endloop
  endfacet
  facet normal -0.028452873945971676 0.09379655517448113 0.9951847266721967
    outer loop
      vertex -31.09475589331209 18.691406765228763 0.01912219546999383
      vertex -31.132816127056447 18.882748481411305 0
      vertex -31.789392013277812 18.683578363789504 0
    endloop
  endfacet
  facet normal -0.08426519384872695 0.27778511650979953 0.9569403357322093
    outer loop
      vertex -31.71473417922747 18.503338408287767 0.01912219546999383
      vertex -31.058158293006105 18.50741820389344 0.07575392663191494
      vertex -31.09475589331209 18.691406765228763 0.01912219546999383
    endloop
  endfacet
  facet normal -0.009607359798384618 0.09754516100806461 0.9951847266721969
    outer loop
      vertex -31.09475589331209 18.691406765228763 0.01912219546999383
      vertex -30.45 18.75490967798387 0.01912219546999383
      vertex -31.132816127056447 18.882748481411305 0
    endloop
  endfacet
  facet normal -0.028452873945971055 0.2888868771906072 0.9569403357322094
    outer loop
      vertex -31.09475589331209 18.691406765228763 0.01912219546999383
      vertex -30.45 18.567316567634908 0.07575392663191494
      vertex -30.45 18.75490967798387 0.01912219546999383
    endloop
  endfacet
  facet normal -0.009607359798384852 0.09754516100806337 0.995184726672197
    outer loop
      vertex -30.45 18.75490967798387 0.01912219546999383
      vertex -30.45 18.95 0
      vertex -31.132816127056447 18.882748481411305 0
    endloop
  endfacet
  facet normal 0.009607359798384495 0.09754516100806337 0.995184726672197
    outer loop
      vertex -30.45 18.75490967798387 0.01912219546999383
      vertex -29.80524410668791 18.691406765228763 0.01912219546999383
      vertex -30.45 18.95 0
    endloop
  endfacet
  facet normal 0.028452873945971048 0.2888868771906071 0.9569403357322095
    outer loop
      vertex -30.45 18.75490967798387 0.01912219546999383
      vertex -29.841841706993893 18.50741820389344 0.07575392663191494
      vertex -29.80524410668791 18.691406765228763 0.01912219546999383
    endloop
  endfacet
  facet normal 0.009607359798384965 0.09754516100806455 0.9951847266721969
    outer loop
      vertex -29.80524410668791 18.691406765228763 0.01912219546999383
      vertex -29.76718387294355 18.882748481411305 0
      vertex -30.45 18.95 0
    endloop
  endfacet
  facet normal 0.028452873945971967 0.0937965551744811 0.995184726672197
    outer loop
      vertex -29.80524410668791 18.691406765228763 0.01912219546999383
      vertex -29.18526582077253 18.503338408287767 0.01912219546999383
      vertex -29.76718387294355 18.882748481411305 0
    endloop
  endfacet
  facet normal 0.08426519384872667 0.27778511650979865 0.9569403357322096
    outer loop
      vertex -29.80524410668791 18.691406765228763 0.01912219546999383
      vertex -29.25705459612891 18.330024973196227 0.07575392663191494
      vertex -29.18526582077253 18.503338408287767 0.01912219546999383
    endloop
  endfacet
  facet normal 0.028452873945971405 0.09379655517448023 0.995184726672197
    outer loop
      vertex -29.18526582077253 18.503338408287767 0.01912219546999383
      vertex -29.110607986722187 18.683578363789504 0
      vertex -29.76718387294355 18.882748481411305 0
    endloop
  endfacet
  facet normal 0.13683924960834257 0.2560082295852096 0.9569403357322087
    outer loop
      vertex -28.718111708123207 18.041953997915698 0.07575392663191494
      vertex -28.61389056009376 18.197931968648177 0.01912219546999383
      vertex -29.18526582077253 18.503338408287767 0.01912219546999383
    endloop
  endfacet
  facet normal 0.06218141555799919 0.0757682740834725 0.9951847266721969
    outer loop
      vertex -28.113075955488554 17.786924044511444 0.01912219546999383
      vertex -27.975126265847084 17.924873734152914 0
      vertex -28.50550418443139 18.36014364305891 0
    endloop
  endfacet
  facet normal 0.18415464974584195 0.22439308996872828 0.9569403357322088
    outer loop
      vertex -28.24572431592018 17.654275684079817 0.07575392663191494
      vertex -28.113075955488554 17.786924044511444 0.01912219546999383
      vertex -28.61389056009376 18.197931968648177 0.01912219546999383
    endloop
  endfacet
  facet normal 0.06218141555799754 0.07576827408347137 0.995184726672197
    outer loop
      vertex -28.61389056009376 18.197931968648177 0.01912219546999383
      vertex -28.113075955488554 17.786924044511444 0.01912219546999383
      vertex -28.50550418443139 18.36014364305891 0
    endloop
  endfacet
  facet normal 0.04620496010437078 0.08644340032725555 0.9951847266721968
    outer loop
      vertex -29.18526582077253 18.503338408287767 0.01912219546999383
      vertex -28.61389056009376 18.197931968648177 0.01912219546999383
      vertex -29.110607986722187 18.683578363789504 0
    endloop
  endfacet
  facet normal 0.046204960104369815 0.08644340032725457 0.995184726672197
    outer loop
      vertex -28.61389056009376 18.197931968648177 0.01912219546999383
      vertex -28.50550418443139 18.36014364305891 0
      vertex -29.110607986722187 18.683578363789504 0
    endloop
  endfacet
  facet normal 0.07576827408347137 -0.06218141555799754 0.995184726672197
    outer loop
      vertex -28.113075955488554 13.113075955488554 0.01912219546999383
      vertex -27.53985635694109 13.505504184431391 0
      vertex -27.70206803135182 13.613890560093761 0.01912219546999383
    endloop
  endfacet
  facet normal 0.2560082295852096 -0.13683924960834257 0.9569403357322087
    outer loop
      vertex -27.70206803135182 13.613890560093761 0.01912219546999383
      vertex -27.39666159171223 14.185265820772528 0.01912219546999383
      vertex -27.8580460020843 13.718111708123207 0.07575392663191494
    endloop
  endfacet
  facet normal 0.0864434003272545 -0.04620496010436993 0.995184726672197
    outer loop
      vertex -27.70206803135182 13.613890560093761 0.01912219546999383
      vertex -27.53985635694109 13.505504184431391 0
      vertex -27.216421636210494 14.110607986722185 0
    endloop
  endfacet
  facet normal 0.0864434003272552 -0.0462049601043706 0.995184726672197
    outer loop
      vertex -27.70206803135182 13.613890560093761 0.01912219546999383
      vertex -27.216421636210494 14.110607986722185 0
      vertex -27.39666159171223 14.185265820772528 0.01912219546999383
    endloop
  endfacet
  facet normal 0.27778511650979787 -0.08426519384872667 0.9569403357322099
    outer loop
      vertex -27.39666159171223 14.185265820772528 0.01912219546999383
      vertex -27.208593234771236 14.805244106687907 0.01912219546999383
      vertex -27.56997502680377 14.257054596128912 0.07575392663191494
    endloop
  endfacet
  facet normal 0.09379655517447999 -0.028452873945971326 0.995184726672197
    outer loop
      vertex -27.39666159171223 14.185265820772528 0.01912219546999383
      vertex -27.216421636210494 14.110607986722185 0
      vertex -27.017251518588694 14.76718387294355 0
    endloop
  endfacet
  facet normal 0.09379655517448107 -0.028452873945972044 0.9951847266721969
    outer loop
      vertex -27.39666159171223 14.185265820772528 0.01912219546999383
      vertex -27.017251518588694 14.76718387294355 0
      vertex -27.208593234771236 14.805244106687907 0.01912219546999383
    endloop
  endfacet
  facet normal 0.09754516100806453 -0.00960735979838494 0.9951847266721967
    outer loop
      vertex -27.208593234771236 14.805244106687907 0.01912219546999383
      vertex -27.017251518588694 14.76718387294355 0
      vertex -26.95 15.45 0
    endloop
  endfacet
  facet normal 0.28888687719060685 -0.028452873945970947 0.9569403357322095
    outer loop
      vertex -27.208593234771236 14.805244106687907 0.01912219546999383
      vertex -27.145090322016127 15.45 0.01912219546999383
      vertex -27.39258179610656 14.841841706993893 0.07575392663191494
    endloop
  endfacet
  facet normal 0.09754516100806339 -0.00960735979838447 0.995184726672197
    outer loop
      vertex -27.208593234771236 14.805244106687907 0.01912219546999383
      vertex -26.95 15.45 0
      vertex -27.145090322016127 15.45 0.01912219546999383
    endloop
  endfacet
  facet normal 0.09754516100806337 0.009607359798384852 0.995184726672197
    outer loop
      vertex -27.145090322016127 15.45 0.01912219546999383
      vertex -26.95 15.45 0
      vertex -27.017251518588694 16.132816127056447 0
    endloop
  endfacet
  facet normal 0.2888868771906072 0.028452873945971055 0.9569403357322094
    outer loop
      vertex -27.145090322016127 15.45 0.01912219546999383
      vertex -27.208593234771236 16.09475589331209 0.01912219546999383
      vertex -27.33268343236509 15.45 0.07575392663191494
    endloop
  endfacet
  facet normal 0.27778511650979953 0.08426519384872695 0.9569403357322093
    outer loop
      vertex -27.208593234771236 16.09475589331209 0.01912219546999383
      vertex -27.39666159171223 16.71473417922747 0.01912219546999383
      vertex -27.39258179610656 16.058158293006105 0.07575392663191494
    endloop
  endfacet
  facet normal 0.09754516100806461 0.009607359798384618 0.9951847266721969
    outer loop
      vertex -27.145090322016127 15.45 0.01912219546999383
      vertex -27.017251518588694 16.132816127056447 0
      vertex -27.208593234771236 16.09475589331209 0.01912219546999383
    endloop
  endfacet
  facet normal 0.09379655517448113 0.028452873945971673 0.9951847266721967
    outer loop
      vertex -27.208593234771236 16.09475589331209 0.01912219546999383
      vertex -27.017251518588694 16.132816127056447 0
      vertex -27.216421636210494 16.789392013277812 0
    endloop
  endfacet
  facet normal 0.09379655517448013 0.028452873945971676 0.995184726672197
    outer loop
      vertex -27.208593234771236 16.09475589331209 0.01912219546999383
      vertex -27.216421636210494 16.789392013277812 0
      vertex -27.39666159171223 16.71473417922747 0.01912219546999383
    endloop
  endfacet
  facet normal 0.25600822958520775 0.1368392496083416 0.9569403357322095
    outer loop
      vertex -27.70206803135182 17.286109439906237 0.01912219546999383
      vertex -27.56997502680377 16.64294540387109 0.07575392663191494
      vertex -27.39666159171223 16.71473417922747 0.01912219546999383
    endloop
  endfacet
  facet normal 0.08644340032725571 0.04620496010437044 0.995184726672197
    outer loop
      vertex -27.39666159171223 16.71473417922747 0.01912219546999383
      vertex -27.216421636210494 16.789392013277812 0
      vertex -27.53985635694109 17.394495815568607 0
    endloop
  endfacet
  facet normal 0.08644340032725435 0.04620496010437014 0.9951847266721972
    outer loop
      vertex -27.70206803135182 17.286109439906237 0.01912219546999383
      vertex -27.39666159171223 16.71473417922747 0.01912219546999383
      vertex -27.53985635694109 17.394495815568607 0
    endloop
  endfacet
  facet normal 0.07576827408347103 0.06218141555799799 0.995184726672197
    outer loop
      vertex -27.70206803135182 17.286109439906237 0.01912219546999383
      vertex -27.53985635694109 17.394495815568607 0
      vertex -27.975126265847084 17.924873734152914 0
    endloop
  endfacet
  facet normal -0.25600822958520936 -0.1368392496083429 0.9569403357322087
    outer loop
      vertex -33.19793196864818 13.613890560093761 0.01912219546999383
      vertex -33.0419539979157 13.718111708123207 0.07575392663191494
      vertex -33.33002497319623 14.257054596128912 0.07575392663191494
    endloop
  endfacet
  facet normal -0.22439308996873222 -0.18415464974584345 0.9569403357322076
    outer loop
      vertex -33.0419539979157 13.718111708123207 0.07575392663191494
      vertex -32.786924044511444 13.113075955488554 0.01912219546999383
      vertex -32.65427568407982 13.245724315920182 0.07575392663191494
    endloop
  endfacet
  facet normal -0.3643946052475839 -0.29905092401907013 0.8819212643483533
    outer loop
      vertex -33.0419539979157 13.718111708123207 0.07575392663191494
      vertex -32.65427568407982 13.245724315920182 0.07575392663191494
      vertex -32.898203876803265 13.814162468248847 0.1677188678166508
    endloop
  endfacet
  facet normal -0.3643946052475699 -0.29905092401906525 0.8819212643483606
    outer loop
      vertex -32.65427568407982 13.245724315920182 0.07575392663191494
      vertex -32.53202625495936 13.367973745040635 0.1677188678166508
      vertex -32.898203876803265 13.814162468248847 0.1677188678166508
    endloop
  endfacet
  facet normal -0.49039264020162504 -0.40245483899194 0.7730104533627286
    outer loop
      vertex -32.53202625495936 13.367973745040635 0.1677188678166508
      vertex -32.42487373415292 13.475126265847083 0.2914828579090054
      vertex -32.77220584184923 13.898351663624943 0.2914828579090054
    endloop
  endfacet
  facet normal -0.49039264020161155 -0.4024548389919364 0.773010453362739
    outer loop
      vertex -32.898203876803265 13.814162468248847 0.1677188678166508
      vertex -32.53202625495936 13.367973745040635 0.1677188678166508
      vertex -32.77220584184923 13.898351663624943 0.2914828579090054
    endloop
  endfacet
  facet normal -0.5975451610080675 -0.49039264020161333 0.6343932841636436
    outer loop
      vertex -32.42487373415292 13.475126265847083 0.2914828579090054
      vertex -32.66880192687636 13.967443950687034 0.4422897161773749
      vertex -32.77220584184923 13.898351663624943 0.2914828579090054
    endloop
  endfacet
  facet normal -0.41573480615126873 -0.2222148834901994 0.8819212643483566
    outer loop
      vertex -33.0419539979157 13.718111708123207 0.07575392663191494
      vertex -33.170298396630166 14.323215510413998 0.1677188678166508
      vertex -33.33002497319623 14.257054596128912 0.07575392663191494
    endloop
  endfacet
  facet normal -0.2777851165098035 -0.0842651938487254 0.9569403357322084
    outer loop
      vertex -33.50333840828777 14.185265820772528 0.01912219546999383
      vertex -33.33002497319623 14.257054596128912 0.07575392663191494
      vertex -33.50741820389344 14.841841706993893 0.07575392663191494
    endloop
  endfacet
  facet normal -0.4510985516013342 -0.13683924960833962 0.8819212643483572
    outer loop
      vertex -33.33002497319623 14.257054596128912 0.07575392663191494
      vertex -33.170298396630166 14.323215510413998 0.1677188678166508
      vertex -33.337853374635486 14.87557024860592 0.1677188678166508
    endloop
  endfacet
  facet normal -0.41573480615127634 -0.22221488349020047 0.8819212643483528
    outer loop
      vertex -33.0419539979157 13.718111708123207 0.07575392663191494
      vertex -32.898203876803265 13.814162468248847 0.1677188678166508
      vertex -33.170298396630166 14.323215510413998 0.1677188678166508
    endloop
  endfacet
  facet normal -0.60707652233381 -0.18415464974584114 0.7730104533627431
    outer loop
      vertex -33.170298396630166 14.323215510413998 0.1677188678166508
      vertex -33.03029688135131 14.381206036795284 0.2914828579090054
      vertex -33.18922855875023 14.905133562585021 0.2914828579090054
    endloop
  endfacet
  facet normal -0.5594849272637062 -0.2990509240190668 0.7730104533627392
    outer loop
      vertex -32.898203876803265 13.814162468248847 0.1677188678166508
      vertex -32.77220584184923 13.898351663624943 0.2914828579090054
      vertex -33.03029688135131 14.381206036795284 0.2914828579090054
    endloop
  endfacet
  facet normal -0.5594849272637011 -0.2990509240190664 0.7730104533627431
    outer loop
      vertex -32.898203876803265 13.814162468248847 0.1677188678166508
      vertex -33.03029688135131 14.381206036795284 0.2914828579090054
      vertex -33.170298396630166 14.323215510413998 0.1677188678166508
    endloop
  endfacet
  facet normal -0.4510985516013443 -0.136839249608339 0.881921264348352
    outer loop
      vertex -33.33002497319623 14.257054596128912 0.07575392663191494
      vertex -33.337853374635486 14.87557024860592 0.1677188678166508
      vertex -33.50741820389344 14.841841706993893 0.07575392663191494
    endloop
  endfacet
  facet normal -0.2888868771906012 -0.028452873945973855 0.9569403357322112
    outer loop
      vertex -33.69140676522876 14.805244106687907 0.01912219546999383
      vertex -33.50741820389344 14.841841706993893 0.07575392663191494
      vertex -33.56731656763491 15.45 0.07575392663191494
    endloop
  endfacet
  facet normal -0.46912683269235195 -0.04620496010437005 0.8819212643483519
    outer loop
      vertex -33.50741820389344 14.841841706993893 0.07575392663191494
      vertex -33.337853374635486 14.87557024860592 0.1677188678166508
      vertex -33.394429766980394 15.45 0.1677188678166508
    endloop
  endfacet
  facet normal -0.6070765223338149 -0.18415464974584053 0.7730104533627394
    outer loop
      vertex -33.170298396630166 14.323215510413998 0.1677188678166508
      vertex -33.18922855875023 14.905133562585021 0.2914828579090054
      vertex -33.337853374635486 14.87557024860592 0.1677188678166508
    endloop
  endfacet
  facet normal -0.6313385071030718 -0.06218141555799844 0.7730104533627394
    outer loop
      vertex -33.337853374635486 14.87557024860592 0.1677188678166508
      vertex -33.18922855875023 14.905133562585021 0.2914828579090054
      vertex -33.24289321881345 15.45 0.2914828579090054
    endloop
  endfacet
  facet normal -0.6817343563841619 -0.3643946052475767 0.6343932841636449
    outer loop
      vertex -32.77220584184923 13.898351663624943 0.2914828579090054
      vertex -32.915400607078084 14.428797631865393 0.4422897161773749
      vertex -33.03029688135131 14.381206036795284 0.2914828579090054
    endloop
  endfacet
  facet normal -0.6817343563841629 -0.36439460524757666 0.634393284163644
    outer loop
      vertex -32.77220584184923 13.898351663624943 0.2914828579090054
      vertex -32.66880192687636 13.967443950687034 0.4422897161773749
      vertex -32.915400607078084 14.428797631865393 0.4422897161773749
    endloop
  endfacet
  facet normal -0.7397248827654488 -0.22439308996873047 0.6343932841636396
    outer loop
      vertex -33.03029688135131 14.381206036795284 0.2914828579090054
      vertex -33.06725532456239 14.929395547354279 0.4422897161773749
      vertex -33.18922855875023 14.905133562585021 0.2914828579090054
    endloop
  endfacet
  facet normal -0.7692881967445514 -0.07576827408347346 0.6343932841636393
    outer loop
      vertex -33.18922855875023 14.905133562585021 0.2914828579090054
      vertex -33.06725532456239 14.929395547354279 0.4422897161773749
      vertex -33.118530387697454 15.45 0.4422897161773749
    endloop
  endfacet
  facet normal -0.7397248827654435 -0.22439308996873172 0.6343932841636454
    outer loop
      vertex -33.03029688135131 14.381206036795284 0.2914828579090054
      vertex -32.915400607078084 14.428797631865393 0.4422897161773749
      vertex -33.06725532456239 14.929395547354279 0.4422897161773749
    endloop
  endfacet
  facet normal -0.6817343563841632 -0.5594849272637145 0.47139673682598493
    outer loop
      vertex -32.336935932943234 13.563064067056763 0.4422897161773749
      vertex -32.591965886347495 14.018784151590728 0.6143440196319667
      vertex -32.66880192687636 13.967443950687034 0.4422897161773749
    endloop
  endfacet
  facet normal -0.7777851165098099 -0.41573480615127273 0.4713967368259831
    outer loop
      vertex -32.66880192687636 13.967443950687034 0.4422897161773749
      vertex -32.591965886347495 14.018784151590728 0.6143440196319667
      vertex -32.83002497319623 14.46416137731546 0.6143440196319667
    endloop
  endfacet
  facet normal -0.77778511650981 -0.41573480615127273 0.47139673682598293
    outer loop
      vertex -32.66880192687636 13.967443950687034 0.4422897161773749
      vertex -32.83002497319623 14.46416137731546 0.6143440196319667
      vertex -32.915400607078084 14.428797631865393 0.4422897161773749
    endloop
  endfacet
  facet normal -0.8439460307948804 -0.25600822958521197 0.4713967368260118
    outer loop
      vertex -32.915400607078084 14.428797631865393 0.4422897161773749
      vertex -32.976621035058415 14.947423828445288 0.6143440196319667
      vertex -33.06725532456239 14.929395547354279 0.4422897161773749
    endloop
  endfacet
  facet normal -0.8439460307949005 -0.25600822958520386 0.47139673682598016
    outer loop
      vertex -32.915400607078084 14.428797631865393 0.4422897161773749
      vertex -32.83002497319623 14.46416137731546 0.6143440196319667
      vertex -32.976621035058415 14.947423828445288 0.6143440196319667
    endloop
  endfacet
  facet normal -0.8776745724069084 -0.0864434003272566 0.47139673682601163
    outer loop
      vertex -33.06725532456239 14.929395547354279 0.4422897161773749
      vertex -32.976621035058415 14.947423828445288 0.6143440196319667
      vertex -33.02612046748871 15.45 0.6143440196319667
    endloop
  endfacet
  facet normal -0.8439460307948795 -0.45109855160133977 0.29028467725448687
    outer loop
      vertex -32.591965886347495 14.018784151590728 0.6143440196319667
      vertex -32.54465048620999 14.05039929120721 0.8010338178801852
      vertex -32.77745091743662 14.485938264240051 0.8010338178801852
    endloop
  endfacet
  facet normal -0.8439460307948914 -0.4510985516013343 0.2902846772544612
    outer loop
      vertex -32.591965886347495 14.018784151590728 0.6143440196319667
      vertex -32.77745091743662 14.485938264240051 0.8010338178801852
      vertex -32.83002497319623 14.46416137731546 0.6143440196319667
    endloop
  endfacet
  facet normal -0.8776745724069117 -0.469126832692351 0.09801714032957495
    outer loop
      vertex -32.54465048620999 14.05039929120721 0.8010338178801852
      vertex -32.759698831278214 14.493291419087274 0.9951847266721967
      vertex -32.77745091743662 14.485938264240051 0.8010338178801852
    endloop
  endfacet
  facet normal -0.9157348061512838 -0.2777851165097945 0.2902846772544331
    outer loop
      vertex -32.976621035058415 14.947423828445288 0.6143440196319667
      vertex -32.83002497319623 14.46416137731546 0.6143440196319667
      vertex -32.920808715155665 14.958525589126095 0.8010338178801852
    endloop
  endfacet
  facet normal -0.9157348061512726 -0.2777851165098029 0.2902846772544609
    outer loop
      vertex -32.83002497319623 14.46416137731546 0.6143440196319667
      vertex -32.77745091743662 14.485938264240051 0.8010338178801852
      vertex -32.920808715155665 14.958525589126095 0.8010338178801852
    endloop
  endfacet
  facet normal -0.9523324064572679 -0.09379655517447948 0.29028467725443224
    outer loop
      vertex -32.976621035058415 14.947423828445288 0.6143440196319667
      vertex -32.920808715155665 14.958525589126095 0.8010338178801852
      vertex -32.96921471959677 15.45 0.8010338178801852
    endloop
  endfacet
  facet normal -0.9523324064572554 -0.2888868771906099 0.09801714032958903
    outer loop
      vertex -32.920808715155665 14.958525589126095 0.8010338178801852
      vertex -32.77745091743662 14.485938264240051 0.8010338178801852
      vertex -32.90196320100807 14.96227419495968 0.9951847266721967
    endloop
  endfacet
  facet normal -0.136839249608343 -0.25600822958521197 0.956940335732208
    outer loop
      vertex -32.181888291876795 12.8580460020843 0.07575392663191494
      vertex -31.71473417922747 12.396661591712233 0.01912219546999383
      vertex -31.64294540387109 12.56997502680377 0.07575392663191494
    endloop
  endfacet
  facet normal -0.13683924960834035 -0.4510985516013366 0.8819212643483558
    outer loop
      vertex -31.058158293006105 12.392581796106558 0.07575392663191494
      vertex -31.576784489586 12.729701603369833 0.1677188678166508
      vertex -31.64294540387109 12.56997502680377 0.07575392663191494
    endloop
  endfacet
  facet normal -0.08426519384872717 -0.2777851165098019 0.9569403357322086
    outer loop
      vertex -31.09475589331209 12.208593234771238 0.01912219546999383
      vertex -31.058158293006105 12.392581796106558 0.07575392663191494
      vertex -31.64294540387109 12.56997502680377 0.07575392663191494
    endloop
  endfacet
  facet normal -0.13683924960833965 -0.4510985516013357 0.8819212643483565
    outer loop
      vertex -31.058158293006105 12.392581796106558 0.07575392663191494
      vertex -31.024429751394077 12.562146625364512 0.1677188678166508
      vertex -31.576784489586 12.729701603369833 0.1677188678166508
    endloop
  endfacet
  facet normal -0.046204960104370946 -0.46912683269234384 0.8819212643483562
    outer loop
      vertex -31.058158293006105 12.392581796106558 0.07575392663191494
      vertex -30.45 12.332683432365089 0.07575392663191494
      vertex -31.024429751394077 12.562146625364512 0.1677188678166508
    endloop
  endfacet
  facet normal -0.028452873945972162 -0.2888868771906097 0.9569403357322087
    outer loop
      vertex -31.058158293006105 12.392581796106558 0.07575392663191494
      vertex -30.45 12.145090322016127 0.01912219546999383
      vertex -30.45 12.332683432365089 0.07575392663191494
    endloop
  endfacet
  facet normal -0.0462049601043708 -0.46912683269234356 0.8819212643483564
    outer loop
      vertex -30.45 12.332683432365089 0.07575392663191494
      vertex -30.45 12.505570233019602 0.1677188678166508
      vertex -31.024429751394077 12.562146625364512 0.1677188678166508
    endloop
  endfacet
  facet normal 0.04620496010437092 -0.46912683269234356 0.8819212643483564
    outer loop
      vertex -30.45 12.332683432365089 0.07575392663191494
      vertex -29.841841706993893 12.392581796106558 0.07575392663191494
      vertex -30.45 12.505570233019602 0.1677188678166508
    endloop
  endfacet
  facet normal -0.06218141555799943 -0.6313385071030767 0.7730104533627354
    outer loop
      vertex -31.024429751394077 12.562146625364512 0.1677188678166508
      vertex -30.45 12.505570233019602 0.1677188678166508
      vertex -30.994866437414977 12.710771441249767 0.2914828579090054
    endloop
  endfacet
  facet normal -0.06218141555799879 -0.6313385071030755 0.7730104533627364
    outer loop
      vertex -30.994866437414977 12.710771441249767 0.2914828579090054
      vertex -30.45 12.505570233019602 0.1677188678166508
      vertex -30.45 12.657106781186547 0.2914828579090054
    endloop
  endfacet
  facet normal 0.06218141555799932 -0.6313385071030755 0.7730104533627363
    outer loop
      vertex -30.45 12.505570233019602 0.1677188678166508
      vertex -29.87557024860592 12.562146625364512 0.1677188678166508
      vertex -30.45 12.657106781186547 0.2914828579090054
    endloop
  endfacet
  facet normal 0.02845287394597214 -0.2888868771906095 0.9569403357322087
    outer loop
      vertex -30.45 12.332683432365089 0.07575392663191494
      vertex -29.80524410668791 12.208593234771238 0.01912219546999383
      vertex -29.841841706993893 12.392581796106558 0.07575392663191494
    endloop
  endfacet
  facet normal 0.04620496010437085 -0.46912683269234384 0.8819212643483562
    outer loop
      vertex -29.841841706993893 12.392581796106558 0.07575392663191494
      vertex -29.87557024860592 12.562146625364512 0.1677188678166508
      vertex -30.45 12.505570233019602 0.1677188678166508
    endloop
  endfacet
  facet normal 0.13683924960834004 -0.4510985516013356 0.8819212643483564
    outer loop
      vertex -29.841841706993893 12.392581796106558 0.07575392663191494
      vertex -29.25705459612891 12.56997502680377 0.07575392663191494
      vertex -29.87557024860592 12.562146625364512 0.1677188678166508
    endloop
  endfacet
  facet normal 0.08426519384872763 -0.27778511650980336 0.9569403357322082
    outer loop
      vertex -29.841841706993893 12.392581796106558 0.07575392663191494
      vertex -29.18526582077253 12.396661591712233 0.01912219546999383
      vertex -29.25705459612891 12.56997502680377 0.07575392663191494
    endloop
  endfacet
  facet normal 0.13683924960833996 -0.4510985516013368 0.8819212643483558
    outer loop
      vertex -29.87557024860592 12.562146625364512 0.1677188678166508
      vertex -29.25705459612891 12.56997502680377 0.07575392663191494
      vertex -29.323215510414 12.729701603369833 0.1677188678166508
    endloop
  endfacet
  facet normal 0.06218141555799891 -0.6313385071030767 0.7730104533627354
    outer loop
      vertex -29.87557024860592 12.562146625364512 0.1677188678166508
      vertex -29.90513356258502 12.710771441249767 0.2914828579090054
      vertex -30.45 12.657106781186547 0.2914828579090054
    endloop
  endfacet
  facet normal -0.18415464974584475 -0.22439308996873172 0.9569403357322075
    outer loop
      vertex -32.286109439906234 12.70206803135182 0.01912219546999383
      vertex -32.181888291876795 12.8580460020843 0.07575392663191494
      vertex -32.65427568407982 13.245724315920182 0.07575392663191494
    endloop
  endfacet
  facet normal -0.22221488349019872 -0.41573480615127134 0.8819212643483557
    outer loop
      vertex -32.181888291876795 12.8580460020843 0.07575392663191494
      vertex -31.64294540387109 12.56997502680377 0.07575392663191494
      vertex -32.08583753175115 13.001796123196735 0.1677188678166508
    endloop
  endfacet
  facet normal -0.2990509240190706 -0.36439460524757694 0.8819212643483558
    outer loop
      vertex -32.181888291876795 12.8580460020843 0.07575392663191494
      vertex -32.08583753175115 13.001796123196735 0.1677188678166508
      vertex -32.53202625495936 13.367973745040635 0.1677188678166508
    endloop
  endfacet
  facet normal -0.299050924019064 -0.3643946052475731 0.8819212643483597
    outer loop
      vertex -32.181888291876795 12.8580460020843 0.07575392663191494
      vertex -32.53202625495936 13.367973745040635 0.1677188678166508
      vertex -32.65427568407982 13.245724315920182 0.07575392663191494
    endloop
  endfacet
  facet normal -0.2222148834901983 -0.415734806151271 0.8819212643483559
    outer loop
      vertex -32.08583753175115 13.001796123196735 0.1677188678166508
      vertex -31.64294540387109 12.56997502680377 0.07575392663191494
      vertex -31.576784489586 12.729701603369833 0.1677188678166508
    endloop
  endfacet
  facet normal -0.4024548389919431 -0.4903926402016206 0.7730104533627298
    outer loop
      vertex -32.08583753175115 13.001796123196735 0.1677188678166508
      vertex -32.42487373415292 13.475126265847083 0.2914828579090054
      vertex -32.53202625495936 13.367973745040635 0.1677188678166508
    endloop
  endfacet
  facet normal -0.40245483899193235 -0.4903926402016152 0.7730104533627387
    outer loop
      vertex -32.08583753175115 13.001796123196735 0.1677188678166508
      vertex -32.001648336375055 13.12779415815077 0.2914828579090054
      vertex -32.42487373415292 13.475126265847083 0.2914828579090054
    endloop
  endfacet
  facet normal -0.2990509240190702 -0.5594849272637065 0.7730104533627379
    outer loop
      vertex -32.08583753175115 13.001796123196735 0.1677188678166508
      vertex -31.576784489586 12.729701603369833 0.1677188678166508
      vertex -32.001648336375055 13.12779415815077 0.2914828579090054
    endloop
  endfacet
  facet normal -0.2990509240190716 -0.5594849272637075 0.7730104533627367
    outer loop
      vertex -32.001648336375055 13.12779415815077 0.2914828579090054
      vertex -31.576784489586 12.729701603369833 0.1677188678166508
      vertex -31.518793963204715 12.869703118648683 0.2914828579090054
    endloop
  endfacet
  facet normal -0.1841546497458412 -0.6070765223338191 0.7730104533627359
    outer loop
      vertex -31.576784489586 12.729701603369833 0.1677188678166508
      vertex -31.024429751394077 12.562146625364512 0.1677188678166508
      vertex -31.518793963204715 12.869703118648683 0.2914828579090054
    endloop
  endfacet
  facet normal -0.18415464974584217 -0.6070765223338203 0.7730104533627348
    outer loop
      vertex -31.024429751394077 12.562146625364512 0.1677188678166508
      vertex -30.994866437414977 12.710771441249767 0.2914828579090054
      vertex -31.518793963204715 12.869703118648683 0.2914828579090054
    endloop
  endfacet
  facet normal -0.22439308996872678 -0.739724882765445 0.6343932841636452
    outer loop
      vertex -31.518793963204715 12.869703118648683 0.2914828579090054
      vertex -30.994866437414977 12.710771441249767 0.2914828579090054
      vertex -31.471202368134605 12.984599392921911 0.4422897161773749
    endloop
  endfacet
  facet normal -0.3643946052475809 -0.6817343563841605 0.6343932841636443
    outer loop
      vertex -32.001648336375055 13.12779415815077 0.2914828579090054
      vertex -31.518793963204715 12.869703118648683 0.2914828579090054
      vertex -31.932556049312964 13.231198073123636 0.4422897161773749
    endloop
  endfacet
  facet normal -0.36439460524758044 -0.6817343563841601 0.6343932841636449
    outer loop
      vertex -31.518793963204715 12.869703118648683 0.2914828579090054
      vertex -31.471202368134605 12.984599392921911 0.4422897161773749
      vertex -31.932556049312964 13.231198073123636 0.4422897161773749
    endloop
  endfacet
  facet normal -0.49039264020160733 -0.5975451610080597 0.6343932841636558
    outer loop
      vertex -32.42487373415292 13.475126265847083 0.2914828579090054
      vertex -32.001648336375055 13.12779415815077 0.2914828579090054
      vertex -32.336935932943234 13.563064067056763 0.4422897161773749
    endloop
  endfacet
  facet normal -0.4903926402016183 -0.5975451610080639 0.6343932841636433
    outer loop
      vertex -32.001648336375055 13.12779415815077 0.2914828579090054
      vertex -31.932556049312964 13.231198073123636 0.4422897161773749
      vertex -32.336935932943234 13.563064067056763 0.4422897161773749
    endloop
  endfacet
  facet normal -0.5975451610080545 -0.49039264020161116 0.6343932841636577
    outer loop
      vertex -32.42487373415292 13.475126265847083 0.2914828579090054
      vertex -32.336935932943234 13.563064067056763 0.4422897161773749
      vertex -32.66880192687636 13.967443950687034 0.4422897161773749
    endloop
  endfacet
  facet normal -0.07576827408347257 -0.7692881967445471 0.6343932841636447
    outer loop
      vertex -30.994866437414977 12.710771441249767 0.2914828579090054
      vertex -30.45 12.657106781186547 0.2914828579090054
      vertex -30.97060445264572 12.83274467543761 0.4422897161773749
    endloop
  endfacet
  facet normal 0.07576827408347266 -0.7692881967445478 0.6343932841636438
    outer loop
      vertex -30.45 12.657106781186547 0.2914828579090054
      vertex -29.90513356258502 12.710771441249767 0.2914828579090054
      vertex -30.45 12.781469612302544 0.4422897161773749
    endloop
  endfacet
  facet normal -0.22439308996872703 -0.7397248827654453 0.6343932841636447
    outer loop
      vertex -30.994866437414977 12.710771441249767 0.2914828579090054
      vertex -30.97060445264572 12.83274467543761 0.4422897161773749
      vertex -31.471202368134605 12.984599392921911 0.4422897161773749
    endloop
  endfacet
  facet normal -0.07576827408347309 -0.7692881967445477 0.6343932841636437
    outer loop
      vertex -30.45 12.657106781186547 0.2914828579090054
      vertex -30.45 12.781469612302544 0.4422897161773749
      vertex -30.97060445264572 12.83274467543761 0.4422897161773749
    endloop
  endfacet
  facet normal 0.22221488349019966 -0.41573480615127034 0.8819212643483559
    outer loop
      vertex -29.25705459612891 12.56997502680377 0.07575392663191494
      vertex -28.718111708123207 12.8580460020843 0.07575392663191494
      vertex -29.323215510414 12.729701603369833 0.1677188678166508
    endloop
  endfacet
  facet normal 0.18415464974584161 -0.6070765223338205 0.7730104533627349
    outer loop
      vertex -29.87557024860592 12.562146625364512 0.1677188678166508
      vertex -29.323215510414 12.729701603369833 0.1677188678166508
      vertex -29.90513356258502 12.710771441249767 0.2914828579090054
    endloop
  endfacet
  facet normal 0.18415464974584178 -0.6070765223338189 0.773010453362736
    outer loop
      vertex -29.90513356258502 12.710771441249767 0.2914828579090054
      vertex -29.323215510414 12.729701603369833 0.1677188678166508
      vertex -29.381206036795284 12.869703118648683 0.2914828579090054
    endloop
  endfacet
  facet normal 0.29905092401907085 -0.5594849272637077 0.7730104533627365
    outer loop
      vertex -29.323215510414 12.729701603369833 0.1677188678166508
      vertex -28.814162468248846 13.001796123196735 0.1677188678166508
      vertex -29.381206036795284 12.869703118648683 0.2914828579090054
    endloop
  endfacet
  facet normal 0.2990509240190708 -0.559484927263706 0.773010453362738
    outer loop
      vertex -28.814162468248846 13.001796123196735 0.1677188678166508
      vertex -28.898351663624943 13.12779415815077 0.2914828579090054
      vertex -29.381206036795284 12.869703118648683 0.2914828579090054
    endloop
  endfacet
  facet normal 0.13683924960834157 -0.2560082295852076 0.9569403357322095
    outer loop
      vertex -29.25705459612891 12.56997502680377 0.07575392663191494
      vertex -28.61389056009376 12.70206803135182 0.01912219546999383
      vertex -28.718111708123207 12.8580460020843 0.07575392663191494
    endloop
  endfacet
  facet normal 0.22221488349020022 -0.4157348061512746 0.8819212643483537
    outer loop
      vertex -28.718111708123207 12.8580460020843 0.07575392663191494
      vertex -28.814162468248846 13.001796123196735 0.1677188678166508
      vertex -29.323215510414 12.729701603369833 0.1677188678166508
    endloop
  endfacet
  facet normal 0.2990509240190715 -0.3643946052475822 0.8819212643483534
    outer loop
      vertex -28.718111708123207 12.8580460020843 0.07575392663191494
      vertex -28.24572431592018 13.245724315920182 0.07575392663191494
      vertex -28.814162468248846 13.001796123196735 0.1677188678166508
    endloop
  endfacet
  facet normal 0.29905092401907074 -0.36439460524758 0.8819212643483546
    outer loop
      vertex -28.814162468248846 13.001796123196735 0.1677188678166508
      vertex -28.24572431592018 13.245724315920182 0.07575392663191494
      vertex -28.367973745040633 13.367973745040635 0.1677188678166508
    endloop
  endfacet
  facet normal 0.18415464974584192 -0.2243930899687283 0.9569403357322088
    outer loop
      vertex -28.718111708123207 12.8580460020843 0.07575392663191494
      vertex -28.113075955488554 13.113075955488554 0.01912219546999383
      vertex -28.24572431592018 13.245724315920182 0.07575392663191494
    endloop
  endfacet
  facet normal 0.4024548389919344 -0.4903926402016138 0.7730104533627387
    outer loop
      vertex -28.814162468248846 13.001796123196735 0.1677188678166508
      vertex -28.367973745040633 13.367973745040635 0.1677188678166508
      vertex -28.898351663624943 13.12779415815077 0.2914828579090054
    endloop
  endfacet
  facet normal 0.22439308996872825 -0.1841546497458419 0.9569403357322088
    outer loop
      vertex -28.24572431592018 13.245724315920182 0.07575392663191494
      vertex -27.70206803135182 13.613890560093761 0.01912219546999383
      vertex -27.8580460020843 13.718111708123207 0.07575392663191494
    endloop
  endfacet
  facet normal 0.364394605247581 -0.29905092401907046 0.8819212643483543
    outer loop
      vertex -28.24572431592018 13.245724315920182 0.07575392663191494
      vertex -27.8580460020843 13.718111708123207 0.07575392663191494
      vertex -28.367973745040633 13.367973745040635 0.1677188678166508
    endloop
  endfacet
  facet normal 0.36439460524758216 -0.29905092401907246 0.8819212643483532
    outer loop
      vertex -27.8580460020843 13.718111708123207 0.07575392663191494
      vertex -28.001796123196733 13.814162468248847 0.1677188678166508
      vertex -28.367973745040633 13.367973745040635 0.1677188678166508
    endloop
  endfacet
  facet normal 0.4024548389919342 -0.4903926402016134 0.773010453362739
    outer loop
      vertex -28.898351663624943 13.12779415815077 0.2914828579090054
      vertex -28.367973745040633 13.367973745040635 0.1677188678166508
      vertex -28.475126265847084 13.475126265847083 0.2914828579090054
    endloop
  endfacet
  facet normal 0.4903926402016125 -0.4024548389919333 0.77301045336274
    outer loop
      vertex -28.367973745040633 13.367973745040635 0.1677188678166508
      vertex -28.001796123196733 13.814162468248847 0.1677188678166508
      vertex -28.475126265847084 13.475126265847083 0.2914828579090054
    endloop
  endfacet
  facet normal 0.4903926402016131 -0.4024548389919344 0.7730104533627391
    outer loop
      vertex -28.475126265847084 13.475126265847083 0.2914828579090054
      vertex -28.001796123196733 13.814162468248847 0.1677188678166508
      vertex -28.12779415815077 13.898351663624943 0.2914828579090054
    endloop
  endfacet
  facet normal 0.2243930899687269 -0.7397248827654453 0.6343932841636448
    outer loop
      vertex -29.90513356258502 12.710771441249767 0.2914828579090054
      vertex -29.381206036795284 12.869703118648683 0.2914828579090054
      vertex -29.92939554735428 12.83274467543761 0.4422897161773749
    endloop
  endfacet
  facet normal 0.36439460524758066 -0.68173435638416 0.6343932841636448
    outer loop
      vertex -29.381206036795284 12.869703118648683 0.2914828579090054
      vertex -28.898351663624943 13.12779415815077 0.2914828579090054
      vertex -29.428797631865393 12.984599392921911 0.4422897161773749
    endloop
  endfacet
  facet normal 0.075768274083473 -0.769288196744547 0.6343932841636447
    outer loop
      vertex -29.90513356258502 12.710771441249767 0.2914828579090054
      vertex -29.92939554735428 12.83274467543761 0.4422897161773749
      vertex -30.45 12.781469612302544 0.4422897161773749
    endloop
  endfacet
  facet normal 0.22439308996872698 -0.7397248827654451 0.6343932841636452
    outer loop
      vertex -29.92939554735428 12.83274467543761 0.4422897161773749
      vertex -29.381206036795284 12.869703118648683 0.2914828579090054
      vertex -29.428797631865393 12.984599392921911 0.4422897161773749
    endloop
  endfacet
  facet normal 0.3643946052475807 -0.6817343563841606 0.6343932841636443
    outer loop
      vertex -28.898351663624943 13.12779415815077 0.2914828579090054
      vertex -28.967443950687034 13.231198073123636 0.4422897161773749
      vertex -29.428797631865393 12.984599392921911 0.4422897161773749
    endloop
  endfacet
  facet normal 0.49039264020161616 -0.5975451610080654 0.6343932841636434
    outer loop
      vertex -28.898351663624943 13.12779415815077 0.2914828579090054
      vertex -28.475126265847084 13.475126265847083 0.2914828579090054
      vertex -28.967443950687034 13.231198073123636 0.4422897161773749
    endloop
  endfacet
  facet normal 0.597545161008067 -0.49039264020161794 0.6343932841636407
    outer loop
      vertex -28.475126265847084 13.475126265847083 0.2914828579090054
      vertex -28.12779415815077 13.898351663624943 0.2914828579090054
      vertex -28.56306406705676 13.563064067056763 0.4422897161773749
    endloop
  endfacet
  facet normal 0.4903926402016164 -0.5975451610080668 0.6343932841636422
    outer loop
      vertex -28.475126265847084 13.475126265847083 0.2914828579090054
      vertex -28.56306406705676 13.563064067056763 0.4422897161773749
      vertex -28.967443950687034 13.231198073123636 0.4422897161773749
    endloop
  endfacet
  facet normal 0.5975451610080661 -0.49039264020161544 0.6343932841636435
    outer loop
      vertex -28.12779415815077 13.898351663624943 0.2914828579090054
      vertex -28.231198073123636 13.967443950687034 0.4422897161773749
      vertex -28.56306406705676 13.563064067056763 0.4422897161773749
    endloop
  endfacet
  facet normal 0.5594849272637051 -0.2990509240190686 0.7730104533627393
    outer loop
      vertex -28.001796123196733 13.814162468248847 0.1677188678166508
      vertex -27.729701603369833 14.323215510413998 0.1677188678166508
      vertex -28.12779415815077 13.898351663624943 0.2914828579090054
    endloop
  endfacet
  facet normal 0.5594849272637075 -0.2990509240190716 0.7730104533627364
    outer loop
      vertex -28.12779415815077 13.898351663624943 0.2914828579090054
      vertex -27.729701603369833 14.323215510413998 0.1677188678166508
      vertex -27.869703118648683 14.381206036795284 0.2914828579090054
    endloop
  endfacet
  facet normal 0.6817343563841605 -0.3643946052475809 0.6343932841636443
    outer loop
      vertex -28.12779415815077 13.898351663624943 0.2914828579090054
      vertex -27.869703118648683 14.381206036795284 0.2914828579090054
      vertex -28.231198073123636 13.967443950687034 0.4422897161773749
    endloop
  endfacet
  facet normal 0.6817343563841601 -0.36439460524758044 0.6343932841636448
    outer loop
      vertex -28.231198073123636 13.967443950687034 0.4422897161773749
      vertex -27.869703118648683 14.381206036795284 0.2914828579090054
      vertex -27.98459939292191 14.428797631865393 0.4422897161773749
    endloop
  endfacet
  facet normal 0.7397248827654459 -0.22439308996872454 0.634393284163645
    outer loop
      vertex -27.869703118648683 14.381206036795284 0.2914828579090054
      vertex -27.71077144124977 14.905133562585021 0.2914828579090054
      vertex -27.98459939292191 14.428797631865393 0.4422897161773749
    endloop
  endfacet
  facet normal -0.4157348061512733 -0.7777851165097999 0.47139673682599914
    outer loop
      vertex -31.932556049312964 13.231198073123636 0.4422897161773749
      vertex -31.471202368134605 12.984599392921911 0.4422897161773749
      vertex -31.88121584840927 13.308034113652507 0.6143440196319667
    endloop
  endfacet
  facet normal -0.41573480615127184 -0.7777851165097992 0.4713967368260015
    outer loop
      vertex -31.88121584840927 13.308034113652507 0.6143440196319667
      vertex -31.471202368134605 12.984599392921911 0.4422897161773749
      vertex -31.43583862268454 13.06997502680377 0.6143440196319667
    endloop
  endfacet
  facet normal -0.5594849272637135 -0.6817343563841628 0.47139673682598665
    outer loop
      vertex -31.932556049312964 13.231198073123636 0.4422897161773749
      vertex -32.27159225171473 13.628407748285271 0.6143440196319667
      vertex -32.336935932943234 13.563064067056763 0.4422897161773749
    endloop
  endfacet
  facet normal -0.5594849272637042 -0.6817343563841608 0.4713967368260006
    outer loop
      vertex -31.932556049312964 13.231198073123636 0.4422897161773749
      vertex -31.88121584840927 13.308034113652507 0.6143440196319667
      vertex -32.27159225171473 13.628407748285271 0.6143440196319667
    endloop
  endfacet
  facet normal -0.6817343563841632 -0.5594849272637145 0.4713967368259848
    outer loop
      vertex -32.336935932943234 13.563064067056763 0.4422897161773749
      vertex -32.27159225171473 13.628407748285271 0.6143440196319667
      vertex -32.591965886347495 14.018784151590728 0.6143440196319667
    endloop
  endfacet
  facet normal -0.2560082295852082 -0.8439460307948877 0.47139673682600086
    outer loop
      vertex -31.471202368134605 12.984599392921911 0.4422897161773749
      vertex -30.97060445264572 12.83274467543761 0.4422897161773749
      vertex -31.43583862268454 13.06997502680377 0.6143440196319667
    endloop
  endfacet
  facet normal -0.08644340032725657 -0.877674572406916 0.4713967368259975
    outer loop
      vertex -30.97060445264572 12.83274467543761 0.4422897161773749
      vertex -30.45 12.781469612302544 0.4422897161773749
      vertex -30.95257617155471 12.92337896494158 0.6143440196319667
    endloop
  endfacet
  facet normal -0.25600822958520963 -0.8439460307948886 0.4713967368259984
    outer loop
      vertex -30.97060445264572 12.83274467543761 0.4422897161773749
      vertex -30.95257617155471 12.92337896494158 0.6143440196319667
      vertex -31.43583862268454 13.06997502680377 0.6143440196319667
    endloop
  endfacet
  facet normal 0.08644340032725667 -0.877674572406917 0.4713967368259957
    outer loop
      vertex -30.45 12.781469612302544 0.4422897161773749
      vertex -29.92939554735428 12.83274467543761 0.4422897161773749
      vertex -30.45 12.873879532511285 0.6143440196319667
    endloop
  endfacet
  facet normal -0.08644340032725743 -0.8776745724069169 0.47139673682599564
    outer loop
      vertex -30.45 12.781469612302544 0.4422897161773749
      vertex -30.45 12.873879532511285 0.6143440196319667
      vertex -30.95257617155471 12.92337896494158 0.6143440196319667
    endloop
  endfacet
  facet normal -0.4510985516013383 -0.8439460307948894 0.2902846772544608
    outer loop
      vertex -31.88121584840927 13.308034113652507 0.6143440196319667
      vertex -31.43583862268454 13.06997502680377 0.6143440196319667
      vertex -31.84960070879279 13.355349513790008 0.8010338178801852
    endloop
  endfacet
  facet normal -0.45109855160133816 -0.8439460307948894 0.29028467725446105
    outer loop
      vertex -31.43583862268454 13.06997502680377 0.6143440196319667
      vertex -31.414061735759947 13.122549082563383 0.8010338178801852
      vertex -31.84960070879279 13.355349513790008 0.8010338178801852
    endloop
  endfacet
  facet normal -0.4691268326923464 -0.8776745724069166 0.09801714032955332
    outer loop
      vertex -31.84960070879279 13.355349513790008 0.8010338178801852
      vertex -31.414061735759947 13.122549082563383 0.8010338178801852
      vertex -31.838925582549006 13.371325969243635 0.9951847266721967
    endloop
  endfacet
  facet normal -0.6070765223338154 -0.739724882765447 0.2902846772544603
    outer loop
      vertex -31.88121584840927 13.308034113652507 0.6143440196319667
      vertex -32.23135381149184 13.668646188508156 0.8010338178801852
      vertex -32.27159225171473 13.628407748285271 0.6143440196319667
    endloop
  endfacet
  facet normal -0.6070765223338158 -0.739724882765447 0.29028467725445967
    outer loop
      vertex -31.88121584840927 13.308034113652507 0.6143440196319667
      vertex -31.84960070879279 13.355349513790008 0.8010338178801852
      vertex -32.23135381149184 13.668646188508156 0.8010338178801852
    endloop
  endfacet
  facet normal -0.7397248827654371 -0.6070765223338163 0.2902846772544841
    outer loop
      vertex -32.591965886347495 14.018784151590728 0.6143440196319667
      vertex -32.27159225171473 13.628407748285271 0.6143440196319667
      vertex -32.54465048620999 14.05039929120721 0.8010338178801852
    endloop
  endfacet
  facet normal -0.7397248827654483 -0.6070765223338134 0.2902846772544614
    outer loop
      vertex -32.27159225171473 13.628407748285271 0.6143440196319667
      vertex -32.23135381149184 13.668646188508156 0.8010338178801852
      vertex -32.54465048620999 14.05039929120721 0.8010338178801852
    endloop
  endfacet
  facet normal -0.6313385071030728 -0.7692881967445486 0.0980171403295564
    outer loop
      vertex -31.84960070879279 13.355349513790008 0.8010338178801852
      vertex -32.21776695296637 13.68223304703363 0.9951847266721967
      vertex -32.23135381149184 13.668646188508156 0.8010338178801852
    endloop
  endfacet
  facet normal -0.09379655517448189 -0.9523324064572578 0.2902846772544647
    outer loop
      vertex -30.95257617155471 12.92337896494158 0.6143440196319667
      vertex -30.45 12.873879532511285 0.6143440196319667
      vertex -30.941474410873905 12.979191284844337 0.8010338178801852
    endloop
  endfacet
  facet normal -0.2777851165098013 -0.915734806151273 0.29028467725446083
    outer loop
      vertex -30.95257617155471 12.92337896494158 0.6143440196319667
      vertex -31.414061735759947 13.122549082563383 0.8010338178801852
      vertex -31.43583862268454 13.06997502680377 0.6143440196319667
    endloop
  endfacet
  facet normal -0.27778511650980053 -0.9157348061512728 0.2902846772544623
    outer loop
      vertex -30.95257617155471 12.92337896494158 0.6143440196319667
      vertex -30.941474410873905 12.979191284844337 0.8010338178801852
      vertex -31.414061735759947 13.122549082563383 0.8010338178801852
    endloop
  endfacet
  facet normal 0.09379655517448188 -0.9523324064572575 0.29028467725446544
    outer loop
      vertex -30.45 12.873879532511285 0.6143440196319667
      vertex -29.947423828445288 12.92337896494158 0.6143440196319667
      vertex -30.45 12.93078528040323 0.8010338178801852
    endloop
  endfacet
  facet normal -0.09379655517448153 -0.9523324064572575 0.29028467725446544
    outer loop
      vertex -30.45 12.873879532511285 0.6143440196319667
      vertex -30.45 12.93078528040323 0.8010338178801852
      vertex -30.941474410873905 12.979191284844337 0.8010338178801852
    endloop
  endfacet
  facet normal -0.09754516100806511 -0.9903926402016157 0.0980171403295545
    outer loop
      vertex -30.941474410873905 12.979191284844337 0.8010338178801852
      vertex -30.45 12.93078528040323 0.8010338178801852
      vertex -30.93772580504032 12.998036798991922 0.9951847266721967
    endloop
  endfacet
  facet normal -0.28888687719060846 -0.9523324064572588 0.09801714032956056
    outer loop
      vertex -30.941474410873905 12.979191284844337 0.8010338178801852
      vertex -31.406708580912724 13.140301168721782 0.9951847266721967
      vertex -31.414061735759947 13.122549082563383 0.8010338178801852
    endloop
  endfacet
  facet normal 0.09754516100806505 -0.9903926402016151 0.0980171403295607
    outer loop
      vertex -30.45 12.93078528040323 0.8010338178801852
      vertex -29.958525589126094 12.979191284844337 0.8010338178801852
      vertex -30.45 12.95 0.9951847266721967
    endloop
  endfacet
  facet normal -0.7692881967445507 -0.6313385071030709 0.09801714032955186
    outer loop
      vertex -32.54465048620999 14.05039929120721 0.8010338178801852
      vertex -32.23135381149184 13.668646188508156 0.8010338178801852
      vertex -32.52867403075636 14.061074417450994 0.9951847266721967
    endloop
  endfacet
  facet normal 0.2560082295852085 -0.8439460307948888 0.47139673682599836
    outer loop
      vertex -29.92939554735428 12.83274467543761 0.4422897161773749
      vertex -29.428797631865393 12.984599392921911 0.4422897161773749
      vertex -29.947423828445288 12.92337896494158 0.6143440196319667
    endloop
  endfacet
  facet normal 0.08644340032725735 -0.877674572406916 0.4713967368259975
    outer loop
      vertex -29.92939554735428 12.83274467543761 0.4422897161773749
      vertex -29.947423828445288 12.92337896494158 0.6143440196319667
      vertex -30.45 12.873879532511285 0.6143440196319667
    endloop
  endfacet
  facet normal 0.2560082295852092 -0.8439460307948873 0.4713967368260009
    outer loop
      vertex -29.947423828445288 12.92337896494158 0.6143440196319667
      vertex -29.428797631865393 12.984599392921911 0.4422897161773749
      vertex -29.46416137731546 13.06997502680377 0.6143440196319667
    endloop
  endfacet
  facet normal 0.4157348061512727 -0.7777851165097986 0.4713967368260014
    outer loop
      vertex -29.428797631865393 12.984599392921911 0.4422897161773749
      vertex -28.967443950687034 13.231198073123636 0.4422897161773749
      vertex -29.46416137731546 13.06997502680377 0.6143440196319667
    endloop
  endfacet
  facet normal 0.41573480615127245 -0.7777851165098003 0.4713967368259991
    outer loop
      vertex -28.967443950687034 13.231198073123636 0.4422897161773749
      vertex -29.01878415159073 13.308034113652507 0.6143440196319667
      vertex -29.46416137731546 13.06997502680377 0.6143440196319667
    endloop
  endfacet
  facet normal 0.5594849272637059 -0.6817343563841595 0.4713967368260005
    outer loop
      vertex -28.967443950687034 13.231198073123636 0.4422897161773749
      vertex -28.56306406705676 13.563064067056763 0.4422897161773749
      vertex -29.01878415159073 13.308034113652507 0.6143440196319667
    endloop
  endfacet
  facet normal 0.559484927263706 -0.6817343563841628 0.4713967368259955
    outer loop
      vertex -28.56306406705676 13.563064067056763 0.4422897161773749
      vertex -28.62840774828527 13.628407748285271 0.6143440196319667
      vertex -29.01878415159073 13.308034113652507 0.6143440196319667
    endloop
  endfacet
  facet normal 0.6817343563841619 -0.5594849272637072 0.4713967368259956
    outer loop
      vertex -28.56306406705676 13.563064067056763 0.4422897161773749
      vertex -28.231198073123636 13.967443950687034 0.4422897161773749
      vertex -28.62840774828527 13.628407748285271 0.6143440196319667
    endloop
  endfacet
  facet normal 0.6817343563841617 -0.5594849272637069 0.471396736825996
    outer loop
      vertex -28.231198073123636 13.967443950687034 0.4422897161773749
      vertex -28.308034113652507 14.018784151590728 0.6143440196319667
      vertex -28.62840774828527 13.628407748285271 0.6143440196319667
    endloop
  endfacet
  facet normal 0.09379655517448156 -0.9523324064572578 0.29028467725446466
    outer loop
      vertex -29.947423828445288 12.92337896494158 0.6143440196319667
      vertex -29.958525589126094 12.979191284844337 0.8010338178801852
      vertex -30.45 12.93078528040323 0.8010338178801852
    endloop
  endfacet
  facet normal 0.2777851165098012 -0.9157348061512726 0.29028467725446233
    outer loop
      vertex -29.947423828445288 12.92337896494158 0.6143440196319667
      vertex -29.46416137731546 13.06997502680377 0.6143440196319667
      vertex -29.958525589126094 12.979191284844337 0.8010338178801852
    endloop
  endfacet
  facet normal 0.2777851165098007 -0.9157348061512731 0.29028467725446083
    outer loop
      vertex -29.46416137731546 13.06997502680377 0.6143440196319667
      vertex -29.48593826424005 13.122549082563383 0.8010338178801852
      vertex -29.958525589126094 12.979191284844337 0.8010338178801852
    endloop
  endfacet
  facet normal 0.45109855160133827 -0.8439460307948892 0.29028467725446105
    outer loop
      vertex -29.46416137731546 13.06997502680377 0.6143440196319667
      vertex -29.01878415159073 13.308034113652507 0.6143440196319667
      vertex -29.48593826424005 13.122549082563383 0.8010338178801852
    endloop
  endfacet
  facet normal 0.45109855160133816 -0.8439460307948894 0.2902846772544608
    outer loop
      vertex -29.01878415159073 13.308034113652507 0.6143440196319667
      vertex -29.05039929120721 13.355349513790008 0.8010338178801852
      vertex -29.48593826424005 13.122549082563383 0.8010338178801852
    endloop
  endfacet
  facet normal 0.28888687719060857 -0.952332406457259 0.09801714032955715
    outer loop
      vertex -29.958525589126094 12.979191284844337 0.8010338178801852
      vertex -29.48593826424005 13.122549082563383 0.8010338178801852
      vertex -29.96227419495968 12.998036798991922 0.9951847266721967
    endloop
  endfacet
  facet normal 0.4691268326923461 -0.8776745724069162 0.09801714032955917
    outer loop
      vertex -29.48593826424005 13.122549082563383 0.8010338178801852
      vertex -29.05039929120721 13.355349513790008 0.8010338178801852
      vertex -29.493291419087274 13.140301168721782 0.9951847266721967
    endloop
  endfacet
  facet normal 0.6070765223338156 -0.7397248827654472 0.29028467725445967
    outer loop
      vertex -29.01878415159073 13.308034113652507 0.6143440196319667
      vertex -28.62840774828527 13.628407748285271 0.6143440196319667
      vertex -29.05039929120721 13.355349513790008 0.8010338178801852
    endloop
  endfacet
  facet normal 0.6070765223338156 -0.7397248827654468 0.29028467725446033
    outer loop
      vertex -28.62840774828527 13.628407748285271 0.6143440196319667
      vertex -28.668646188508156 13.668646188508156 0.8010338178801852
      vertex -29.05039929120721 13.355349513790008 0.8010338178801852
    endloop
  endfacet
  facet normal 0.7397248827654457 -0.6070765223338165 0.2902846772544615
    outer loop
      vertex -28.62840774828527 13.628407748285271 0.6143440196319667
      vertex -28.308034113652507 14.018784151590728 0.6143440196319667
      vertex -28.668646188508156 13.668646188508156 0.8010338178801852
    endloop
  endfacet
  facet normal 0.7397248827654459 -0.6070765223338114 0.29028467725447143
    outer loop
      vertex -28.308034113652507 14.018784151590728 0.6143440196319667
      vertex -28.35534951379001 14.05039929120721 0.8010338178801852
      vertex -28.668646188508156 13.668646188508156 0.8010338178801852
    endloop
  endfacet
  facet normal 0.631338507103073 -0.7692881967445488 0.09801714032955307
    outer loop
      vertex -29.05039929120721 13.355349513790008 0.8010338178801852
      vertex -28.668646188508156 13.668646188508156 0.8010338178801852
      vertex -29.061074417450993 13.371325969243635 0.9951847266721967
    endloop
  endfacet
  facet normal 0.7692881967445495 -0.6313385071030699 0.09801714032956782
    outer loop
      vertex -28.668646188508156 13.668646188508156 0.8010338178801852
      vertex -28.35534951379001 14.05039929120721 0.8010338178801852
      vertex -28.68223304703363 13.68223304703363 0.9951847266721967
    endloop
  endfacet
  facet normal 0.7777851165098013 -0.4157348061512741 0.47139673682599575
    outer loop
      vertex -28.231198073123636 13.967443950687034 0.4422897161773749
      vertex -27.98459939292191 14.428797631865393 0.4422897161773749
      vertex -28.308034113652507 14.018784151590728 0.6143440196319667
    endloop
  endfacet
  facet normal 0.7777851165098015 -0.4157348061512745 0.4713967368259952
    outer loop
      vertex -28.308034113652507 14.018784151590728 0.6143440196319667
      vertex -27.98459939292191 14.428797631865393 0.4422897161773749
      vertex -28.069975026803768 14.46416137731546 0.6143440196319667
    endloop
  endfacet
  facet normal 0.8439460307948912 -0.2560082295852092 0.4713967368259941
    outer loop
      vertex -27.98459939292191 14.428797631865393 0.4422897161773749
      vertex -27.83274467543761 14.929395547354279 0.4422897161773749
      vertex -28.069975026803768 14.46416137731546 0.6143440196319667
    endloop
  endfacet
  facet normal 0.8439460307948895 -0.25600822958520675 0.4713967368259984
    outer loop
      vertex -27.83274467543761 14.929395547354279 0.4422897161773749
      vertex -27.92337896494158 14.947423828445288 0.6143440196319667
      vertex -28.069975026803768 14.46416137731546 0.6143440196319667
    endloop
  endfacet
  facet normal 0.877674572406916 -0.08644340032725657 0.4713967368259975
    outer loop
      vertex -27.83274467543761 14.929395547354279 0.4422897161773749
      vertex -27.781469612302544 15.45 0.4422897161773749
      vertex -27.92337896494158 14.947423828445288 0.6143440196319667
    endloop
  endfacet
  facet normal 0.8439460307948856 -0.45109855160133794 0.29028467725447205
    outer loop
      vertex -28.308034113652507 14.018784151590728 0.6143440196319667
      vertex -28.069975026803768 14.46416137731546 0.6143440196319667
      vertex -28.35534951379001 14.05039929120721 0.8010338178801852
    endloop
  endfacet
  facet normal 0.8439460307948854 -0.4510985516013361 0.29028467725447576
    outer loop
      vertex -28.35534951379001 14.05039929120721 0.8010338178801852
      vertex -28.069975026803768 14.46416137731546 0.6143440196319667
      vertex -28.122549082563385 14.485938264240051 0.8010338178801852
    endloop
  endfacet
  facet normal 0.8776745724069169 -0.46912683269234656 0.0980171403295496
    outer loop
      vertex -28.35534951379001 14.05039929120721 0.8010338178801852
      vertex -28.122549082563385 14.485938264240051 0.8010338178801852
      vertex -28.371325969243635 14.061074417450994 0.9951847266721967
    endloop
  endfacet
  facet normal 0.9157348061512692 -0.2777851165097968 0.2902846772544767
    outer loop
      vertex -28.069975026803768 14.46416137731546 0.6143440196319667
      vertex -27.92337896494158 14.947423828445288 0.6143440196319667
      vertex -28.122549082563385 14.485938264240051 0.8010338178801852
    endloop
  endfacet
  facet normal 0.9157348061512713 -0.27778511650980253 0.29028467725446466
    outer loop
      vertex -27.92337896494158 14.947423828445288 0.6143440196319667
      vertex -27.979191284844337 14.958525589126095 0.8010338178801852
      vertex -28.122549082563385 14.485938264240051 0.8010338178801852
    endloop
  endfacet
  facet normal 0.9523324064572575 -0.09379655517448188 0.2902846772544655
    outer loop
      vertex -27.92337896494158 14.947423828445288 0.6143440196319667
      vertex -27.873879532511285 15.45 0.6143440196319667
      vertex -27.979191284844337 14.958525589126095 0.8010338178801852
    endloop
  endfacet
  facet normal 0.952332406457258 -0.28888687719061074 0.09801714032956052
    outer loop
      vertex -28.122549082563385 14.485938264240051 0.8010338178801852
      vertex -27.979191284844337 14.958525589126095 0.8010338178801852
      vertex -28.140301168721784 14.493291419087274 0.9951847266721967
    endloop
  endfacet
  facet normal 0.9903926402016155 -0.09754516100806904 0.09801714032955366
    outer loop
      vertex -27.979191284844337 14.958525589126095 0.8010338178801852
      vertex -27.930785280403228 15.45 0.8010338178801852
      vertex -27.998036798991922 14.96227419495968 0.9951847266721967
    endloop
  endfacet
  facet normal -0.8776745724069187 -0.4691268326923433 0.09801714032954957
    outer loop
      vertex -32.54465048620999 14.05039929120721 0.8010338178801852
      vertex -32.52867403075636 14.061074417450994 0.9951847266721967
      vertex -32.759698831278214 14.493291419087274 0.9951847266721967
    endloop
  endfacet
  facet normal -0.9523324064572578 -0.28888687719060596 0.09801714032957776
    outer loop
      vertex -32.77745091743662 14.485938264240051 0.8010338178801852
      vertex -32.759698831278214 14.493291419087274 0.9951847266721967
      vertex -32.90196320100807 14.96227419495968 0.9951847266721967
    endloop
  endfacet
  facet normal -0.9903926402016111 -0.0975451610080766 0.09801714032958964
    outer loop
      vertex -32.920808715155665 14.958525589126095 0.8010338178801852
      vertex -32.90196320100807 14.96227419495968 0.9951847266721967
      vertex -32.95 15.45 0.9951847266721967
    endloop
  endfacet
  facet normal -0.4691268326923441 -0.8776745724069172 0.09801714032955919
    outer loop
      vertex -31.414061735759947 13.122549082563383 0.8010338178801852
      vertex -31.406708580912724 13.140301168721782 0.9951847266721967
      vertex -31.838925582549006 13.371325969243635 0.9951847266721967
    endloop
  endfacet
  facet normal -0.631338507103074 -0.7692881967445482 0.09801714032955305
    outer loop
      vertex -31.84960070879279 13.355349513790008 0.8010338178801852
      vertex -31.838925582549006 13.371325969243635 0.9951847266721967
      vertex -32.21776695296637 13.68223304703363 0.9951847266721967
    endloop
  endfacet
  facet normal -0.7692881967445501 -0.6313385071030714 0.09801714032955389
    outer loop
      vertex -32.23135381149184 13.668646188508156 0.8010338178801852
      vertex -32.21776695296637 13.68223304703363 0.9951847266721967
      vertex -32.52867403075636 14.061074417450994 0.9951847266721967
    endloop
  endfacet
  facet normal -0.28888687719060985 -0.9523324064572587 0.09801714032955713
    outer loop
      vertex -30.941474410873905 12.979191284844337 0.8010338178801852
      vertex -30.93772580504032 12.998036798991922 0.9951847266721967
      vertex -31.406708580912724 13.140301168721782 0.9951847266721967
    endloop
  endfacet
  facet normal -0.09754516100806258 -0.9903926402016153 0.09801714032956073
    outer loop
      vertex -30.45 12.93078528040323 0.8010338178801852
      vertex -30.45 12.95 0.9951847266721967
      vertex -30.93772580504032 12.998036798991922 0.9951847266721967
    endloop
  endfacet
  facet normal 0.09754516100806264 -0.9903926402016159 0.09801714032955447
    outer loop
      vertex -29.958525589126094 12.979191284844337 0.8010338178801852
      vertex -29.96227419495968 12.998036798991922 0.9951847266721967
      vertex -30.45 12.95 0.9951847266721967
    endloop
  endfacet
  facet normal 0.2888868771906098 -0.9523324064572585 0.09801714032956053
    outer loop
      vertex -29.96227419495968 12.998036798991922 0.9951847266721967
      vertex -29.48593826424005 13.122549082563383 0.8010338178801852
      vertex -29.493291419087274 13.140301168721782 0.9951847266721967
    endloop
  endfacet
  facet normal 0.4691268326923443 -0.8776745724069176 0.09801714032955328
    outer loop
      vertex -29.05039929120721 13.355349513790008 0.8010338178801852
      vertex -29.061074417450993 13.371325969243635 0.9951847266721967
      vertex -29.493291419087274 13.140301168721782 0.9951847266721967
    endloop
  endfacet
  facet normal 0.6313385071030766 -0.769288196744544 0.09801714032956789
    outer loop
      vertex -28.668646188508156 13.668646188508156 0.8010338178801852
      vertex -28.68223304703363 13.68223304703363 0.9951847266721967
      vertex -29.061074417450993 13.371325969243635 0.9951847266721967
    endloop
  endfacet
  facet normal 0.7692881967445467 -0.6313385071030758 0.09801714032955179
    outer loop
      vertex -28.35534951379001 14.05039929120721 0.8010338178801852
      vertex -28.371325969243635 14.061074417450994 0.9951847266721967
      vertex -28.68223304703363 13.68223304703363 0.9951847266721967
    endloop
  endfacet
  facet normal 0.8776745724069178 -0.4691268326923428 0.09801714032955919
    outer loop
      vertex -28.371325969243635 14.061074417450994 0.9951847266721967
      vertex -28.122549082563385 14.485938264240051 0.8010338178801852
      vertex -28.140301168721784 14.493291419087274 0.9951847266721967
    endloop
  endfacet
  facet normal 0.9523324064572579 -0.28888687719061323 0.0980171403295545
    outer loop
      vertex -27.979191284844337 14.958525589126095 0.8010338178801852
      vertex -27.998036798991922 14.96227419495968 0.9951847266721967
      vertex -28.140301168721784 14.493291419087274 0.9951847266721967
    endloop
  endfacet
  facet normal -0.4691268326923359 -0.046204960104374276 0.8819212643483602
    outer loop
      vertex -33.50741820389344 14.841841706993893 0.07575392663191494
      vertex -33.394429766980394 15.45 0.1677188678166508
      vertex -33.56731656763491 15.45 0.07575392663191494
    endloop
  endfacet
  facet normal -0.2888868771906172 0.02845287394597542 0.9569403357322063
    outer loop
      vertex -33.75490967798387 15.45 0.01912219546999383
      vertex -33.56731656763491 15.45 0.07575392663191494
      vertex -33.50741820389344 16.058158293006105 0.07575392663191494
    endloop
  endfacet
  facet normal -0.4691268326923361 0.046204960104368614 0.8819212643483605
    outer loop
      vertex -33.56731656763491 15.45 0.07575392663191494
      vertex -33.394429766980394 15.45 0.1677188678166508
      vertex -33.337853374635486 16.024429751394077 0.1677188678166508
    endloop
  endfacet
  facet normal -0.6313385071030756 -0.06218141555799717 0.7730104533627364
    outer loop
      vertex -33.337853374635486 14.87557024860592 0.1677188678166508
      vertex -33.24289321881345 15.45 0.2914828579090054
      vertex -33.394429766980394 15.45 0.1677188678166508
    endloop
  endfacet
  facet normal -0.6313385071030756 0.06218141555799881 0.7730104533627363
    outer loop
      vertex -33.394429766980394 15.45 0.1677188678166508
      vertex -33.24289321881345 15.45 0.2914828579090054
      vertex -33.18922855875023 15.994866437414977 0.2914828579090054
    endloop
  endfacet
  facet normal -0.46912683269235067 0.04620496010437573 0.8819212643483524
    outer loop
      vertex -33.56731656763491 15.45 0.07575392663191494
      vertex -33.337853374635486 16.024429751394077 0.1677188678166508
      vertex -33.50741820389344 16.058158293006105 0.07575392663191494
    endloop
  endfacet
  facet normal -0.2777851165097955 0.0842651938487227 0.9569403357322108
    outer loop
      vertex -33.69140676522876 16.09475589331209 0.01912219546999383
      vertex -33.50741820389344 16.058158293006105 0.07575392663191494
      vertex -33.33002497319623 16.64294540387109 0.07575392663191494
    endloop
  endfacet
  facet normal -0.4510985516013426 0.13683924960834173 0.8819212643483526
    outer loop
      vertex -33.50741820389344 16.058158293006105 0.07575392663191494
      vertex -33.337853374635486 16.024429751394077 0.1677188678166508
      vertex -33.170298396630166 16.576784489586 0.1677188678166508
    endloop
  endfacet
  facet normal -0.45109855160133466 0.13683924960833563 0.8819212643483576
    outer loop
      vertex -33.50741820389344 16.058158293006105 0.07575392663191494
      vertex -33.170298396630166 16.576784489586 0.1677188678166508
      vertex -33.33002497319623 16.64294540387109 0.07575392663191494
    endloop
  endfacet
  facet normal -0.6313385071030725 0.06218141555799707 0.773010453362739
    outer loop
      vertex -33.394429766980394 15.45 0.1677188678166508
      vertex -33.18922855875023 15.994866437414977 0.2914828579090054
      vertex -33.337853374635486 16.024429751394077 0.1677188678166508
    endloop
  endfacet
  facet normal -0.6070765223338157 0.18415464974584286 0.7730104533627382
    outer loop
      vertex -33.337853374635486 16.024429751394077 0.1677188678166508
      vertex -33.18922855875023 15.994866437414977 0.2914828579090054
      vertex -33.03029688135131 16.518793963204715 0.2914828579090054
    endloop
  endfacet
  facet normal -0.6070765223338109 0.18415464974583873 0.7730104533627429
    outer loop
      vertex -33.337853374635486 16.024429751394077 0.1677188678166508
      vertex -33.03029688135131 16.518793963204715 0.2914828579090054
      vertex -33.170298396630166 16.576784489586 0.1677188678166508
    endloop
  endfacet
  facet normal -0.7692881967445523 -0.07576827408347309 0.6343932841636383
    outer loop
      vertex -33.18922855875023 14.905133562585021 0.2914828579090054
      vertex -33.118530387697454 15.45 0.4422897161773749
      vertex -33.24289321881345 15.45 0.2914828579090054
    endloop
  endfacet
  facet normal -0.7692881967445514 0.075768274083473 0.6343932841636393
    outer loop
      vertex -33.24289321881345 15.45 0.2914828579090054
      vertex -33.06725532456239 15.97060445264572 0.4422897161773749
      vertex -33.18922855875023 15.994866437414977 0.2914828579090054
    endloop
  endfacet
  facet normal -0.7692881967445522 0.0757682740834735 0.6343932841636383
    outer loop
      vertex -33.24289321881345 15.45 0.2914828579090054
      vertex -33.118530387697454 15.45 0.4422897161773749
      vertex -33.06725532456239 15.97060445264572 0.4422897161773749
    endloop
  endfacet
  facet normal -0.7397248827654442 0.22439308996872906 0.6343932841636453
    outer loop
      vertex -33.18922855875023 15.994866437414977 0.2914828579090054
      vertex -32.915400607078084 16.471202368134605 0.4422897161773749
      vertex -33.03029688135131 16.518793963204715 0.2914828579090054
    endloop
  endfacet
  facet normal -0.7397248827654481 0.22439308996873314 0.6343932841636394
    outer loop
      vertex -33.18922855875023 15.994866437414977 0.2914828579090054
      vertex -33.06725532456239 15.97060445264572 0.4422897161773749
      vertex -32.915400607078084 16.471202368134605 0.4422897161773749
    endloop
  endfacet
  facet normal -0.41573480615126857 0.22221488349019555 0.8819212643483577
    outer loop
      vertex -33.170298396630166 16.576784489586 0.1677188678166508
      vertex -32.898203876803265 17.085837531751153 0.1677188678166508
      vertex -33.33002497319623 16.64294540387109 0.07575392663191494
    endloop
  endfacet
  facet normal -0.25600822958521136 0.13683924960834443 0.9569403357322079
    outer loop
      vertex -33.50333840828777 16.71473417922747 0.01912219546999383
      vertex -33.33002497319623 16.64294540387109 0.07575392663191494
      vertex -33.0419539979157 17.181888291876792 0.07575392663191494
    endloop
  endfacet
  facet normal -0.41573480615127606 0.22221488349020407 0.881921264348352
    outer loop
      vertex -33.33002497319623 16.64294540387109 0.07575392663191494
      vertex -32.898203876803265 17.085837531751153 0.1677188678166508
      vertex -33.0419539979157 17.181888291876792 0.07575392663191494
    endloop
  endfacet
  facet normal -0.559484927263702 0.29905092401906447 0.7730104533627431
    outer loop
      vertex -33.170298396630166 16.576784489586 0.1677188678166508
      vertex -33.03029688135131 16.518793963204715 0.2914828579090054
      vertex -32.77220584184923 17.001648336375055 0.2914828579090054
    endloop
  endfacet
  facet normal -0.5594849272637037 0.29905092401906674 0.773010453362741
    outer loop
      vertex -33.170298396630166 16.576784489586 0.1677188678166508
      vertex -32.77220584184923 17.001648336375055 0.2914828579090054
      vertex -32.898203876803265 17.085837531751153 0.1677188678166508
    endloop
  endfacet
  facet normal -0.22439308996872903 0.18415464974584084 0.9569403357322089
    outer loop
      vertex -33.19793196864818 17.286109439906237 0.01912219546999383
      vertex -33.0419539979157 17.181888291876792 0.07575392663191494
      vertex -32.65427568407982 17.654275684079817 0.07575392663191494
    endloop
  endfacet
  facet normal -0.3643946052475827 0.2990509240190758 0.8819212643483516
    outer loop
      vertex -33.0419539979157 17.181888291876792 0.07575392663191494
      vertex -32.898203876803265 17.085837531751153 0.1677188678166508
      vertex -32.53202625495936 17.532026254959366 0.1677188678166508
    endloop
  endfacet
  facet normal -0.3643946052475753 0.2990509240190631 0.8819212643483592
    outer loop
      vertex -33.0419539979157 17.181888291876792 0.07575392663191494
      vertex -32.53202625495936 17.532026254959366 0.1677188678166508
      vertex -32.65427568407982 17.654275684079817 0.07575392663191494
    endloop
  endfacet
  facet normal -0.4903926402016119 0.40245483899193096 0.7730104533627415
    outer loop
      vertex -32.898203876803265 17.085837531751153 0.1677188678166508
      vertex -32.77220584184923 17.001648336375055 0.2914828579090054
      vertex -32.42487373415292 17.424873734152914 0.2914828579090054
    endloop
  endfacet
  facet normal -0.49039264020161677 0.4024548389919407 0.7730104533627334
    outer loop
      vertex -32.898203876803265 17.085837531751153 0.1677188678166508
      vertex -32.42487373415292 17.424873734152914 0.2914828579090054
      vertex -32.53202625495936 17.532026254959366 0.1677188678166508
    endloop
  endfacet
  facet normal -0.6817343563841626 0.36439460524757705 0.634393284163644
    outer loop
      vertex -33.03029688135131 16.518793963204715 0.2914828579090054
      vertex -32.66880192687636 16.932556049312964 0.4422897161773749
      vertex -32.77220584184923 17.001648336375055 0.2914828579090054
    endloop
  endfacet
  facet normal -0.6817343563841621 0.36439460524757633 0.634393284163645
    outer loop
      vertex -33.03029688135131 16.518793963204715 0.2914828579090054
      vertex -32.915400607078084 16.471202368134605 0.4422897161773749
      vertex -32.66880192687636 16.932556049312964 0.4422897161773749
    endloop
  endfacet
  facet normal -0.5975451610080623 0.490392640201611 0.6343932841636504
    outer loop
      vertex -32.77220584184923 17.001648336375055 0.2914828579090054
      vertex -32.336935932943234 17.336935932943238 0.4422897161773749
      vertex -32.42487373415292 17.424873734152914 0.2914828579090054
    endloop
  endfacet
  facet normal -0.5975451610080645 0.49039264020161727 0.6343932841636434
    outer loop
      vertex -32.77220584184923 17.001648336375055 0.2914828579090054
      vertex -32.66880192687636 16.932556049312964 0.4422897161773749
      vertex -32.336935932943234 17.336935932943238 0.4422897161773749
    endloop
  endfacet
  facet normal -0.8776745724069096 -0.08644340032725593 0.47139673682600985
    outer loop
      vertex -33.06725532456239 14.929395547354279 0.4422897161773749
      vertex -33.02612046748871 15.45 0.6143440196319667
      vertex -33.118530387697454 15.45 0.4422897161773749
    endloop
  endfacet
  facet normal -0.8776745724069085 0.08644340032725582 0.4713967368260116
    outer loop
      vertex -33.118530387697454 15.45 0.4422897161773749
      vertex -32.976621035058415 15.95257617155471 0.6143440196319667
      vertex -33.06725532456239 15.97060445264572 0.4422897161773749
    endloop
  endfacet
  facet normal -0.8776745724069094 0.08644340032725671 0.4713967368260097
    outer loop
      vertex -33.118530387697454 15.45 0.4422897161773749
      vertex -33.02612046748871 15.45 0.6143440196319667
      vertex -32.976621035058415 15.95257617155471 0.6143440196319667
    endloop
  endfacet
  facet normal -0.8439460307948841 0.25600822958519887 0.4713967368260123
    outer loop
      vertex -33.06725532456239 15.97060445264572 0.4422897161773749
      vertex -32.976621035058415 15.95257617155471 0.6143440196319667
      vertex -32.83002497319623 16.43583862268454 0.6143440196319667
    endloop
  endfacet
  facet normal -0.8439460307948963 0.25600822958521674 0.4713967368259808
    outer loop
      vertex -33.06725532456239 15.97060445264572 0.4422897161773749
      vertex -32.83002497319623 16.43583862268454 0.6143440196319667
      vertex -32.915400607078084 16.471202368134605 0.4422897161773749
    endloop
  endfacet
  facet normal -0.952332406457265 -0.09379655517448261 0.2902846772544405
    outer loop
      vertex -32.976621035058415 14.947423828445288 0.6143440196319667
      vertex -32.96921471959677 15.45 0.8010338178801852
      vertex -33.02612046748871 15.45 0.6143440196319667
    endloop
  endfacet
  facet normal -0.9523324064572676 0.09379655517448286 0.2902846772544323
    outer loop
      vertex -33.02612046748871 15.45 0.6143440196319667
      vertex -32.920808715155665 15.941474410873903 0.8010338178801852
      vertex -32.976621035058415 15.95257617155471 0.6143440196319667
    endloop
  endfacet
  facet normal -0.9523324064572655 0.09379655517447921 0.2902846772544407
    outer loop
      vertex -33.02612046748871 15.45 0.6143440196319667
      vertex -32.96921471959677 15.45 0.8010338178801852
      vertex -32.920808715155665 15.941474410873903 0.8010338178801852
    endloop
  endfacet
  facet normal -0.9903926402016163 -0.09754516100806195 0.09801714032955175
    outer loop
      vertex -32.920808715155665 14.958525589126095 0.8010338178801852
      vertex -32.95 15.45 0.9951847266721967
      vertex -32.96921471959677 15.45 0.8010338178801852
    endloop
  endfacet
  facet normal -0.9903926402016127 0.09754516100806158 0.09801714032958948
    outer loop
      vertex -32.96921471959677 15.45 0.8010338178801852
      vertex -32.90196320100807 15.93772580504032 0.9951847266721967
      vertex -32.920808715155665 15.941474410873903 0.8010338178801852
    endloop
  endfacet
  facet normal -0.9157348061512807 0.27778511650980536 0.29028467725443274
    outer loop
      vertex -32.976621035058415 15.95257617155471 0.6143440196319667
      vertex -32.920808715155665 15.941474410873903 0.8010338178801852
      vertex -32.77745091743662 16.414061735759947 0.8010338178801852
    endloop
  endfacet
  facet normal -0.915734806151276 0.2777851165097921 0.29028467725446055
    outer loop
      vertex -32.976621035058415 15.95257617155471 0.6143440196319667
      vertex -32.77745091743662 16.414061735759947 0.8010338178801852
      vertex -32.83002497319623 16.43583862268454 0.6143440196319667
    endloop
  endfacet
  facet normal -0.9523324064572564 0.28888687719061024 0.0980171403295778
    outer loop
      vertex -32.920808715155665 15.941474410873903 0.8010338178801852
      vertex -32.759698831278214 16.406708580912724 0.9951847266721967
      vertex -32.77745091743662 16.414061735759947 0.8010338178801852
    endloop
  endfacet
  facet normal -0.7777851165098084 0.4157348061512719 0.47139673682598643
    outer loop
      vertex -32.915400607078084 16.471202368134605 0.4422897161773749
      vertex -32.591965886347495 16.88121584840927 0.6143440196319667
      vertex -32.66880192687636 16.932556049312964 0.4422897161773749
    endloop
  endfacet
  facet normal -0.7777851165098092 0.4157348061512741 0.4713967368259828
    outer loop
      vertex -32.915400607078084 16.471202368134605 0.4422897161773749
      vertex -32.83002497319623 16.43583862268454 0.6143440196319667
      vertex -32.591965886347495 16.88121584840927 0.6143440196319667
    endloop
  endfacet
  facet normal -0.6817343563841638 0.5594849272637098 0.4713967368259895
    outer loop
      vertex -32.66880192687636 16.932556049312964 0.4422897161773749
      vertex -32.591965886347495 16.88121584840927 0.6143440196319667
      vertex -32.27159225171473 17.27159225171473 0.6143440196319667
    endloop
  endfacet
  facet normal -0.843946030794885 0.4510985516013326 0.2902846772544827
    outer loop
      vertex -32.83002497319623 16.43583862268454 0.6143440196319667
      vertex -32.54465048620999 16.84960070879279 0.8010338178801852
      vertex -32.591965886347495 16.88121584840927 0.6143440196319667
    endloop
  endfacet
  facet normal -0.8439460307948865 0.45109855160134343 0.29028467725446083
    outer loop
      vertex -32.83002497319623 16.43583862268454 0.6143440196319667
      vertex -32.77745091743662 16.414061735759947 0.8010338178801852
      vertex -32.54465048620999 16.84960070879279 0.8010338178801852
    endloop
  endfacet
  facet normal -0.8776745724069143 0.46912683269235234 0.09801714032954537
    outer loop
      vertex -32.77745091743662 16.414061735759947 0.8010338178801852
      vertex -32.52867403075636 16.838925582549006 0.9951847266721967
      vertex -32.54465048620999 16.84960070879279 0.8010338178801852
    endloop
  endfacet
  facet normal -0.18415464974584397 0.22439308996873078 0.9569403357322078
    outer loop
      vertex -32.65427568407982 17.654275684079817 0.07575392663191494
      vertex -32.181888291876795 18.041953997915698 0.07575392663191494
      vertex -32.786924044511444 17.786924044511444 0.01912219546999383
    endloop
  endfacet
  facet normal -0.2990509240190678 0.36439460524757356 0.8819212643483582
    outer loop
      vertex -32.65427568407982 17.654275684079817 0.07575392663191494
      vertex -32.53202625495936 17.532026254959366 0.1677188678166508
      vertex -32.08583753175115 17.898203876803265 0.1677188678166508
    endloop
  endfacet
  facet normal -0.4024548389919363 0.49039264020161744 0.7730104533627353
    outer loop
      vertex -32.53202625495936 17.532026254959366 0.1677188678166508
      vertex -32.42487373415292 17.424873734152914 0.2914828579090054
      vertex -32.001648336375055 17.772205841849228 0.2914828579090054
    endloop
  endfacet
  facet normal -0.49039264020161527 0.5975451610080662 0.6343932841636435
    outer loop
      vertex -32.42487373415292 17.424873734152914 0.2914828579090054
      vertex -31.932556049312964 17.668801926876363 0.4422897161773749
      vertex -32.001648336375055 17.772205841849228 0.2914828579090054
    endloop
  endfacet
  facet normal -0.49039264020161455 0.5975451610080623 0.6343932841636476
    outer loop
      vertex -32.42487373415292 17.424873734152914 0.2914828579090054
      vertex -32.336935932943234 17.336935932943238 0.4422897161773749
      vertex -31.932556049312964 17.668801926876363 0.4422897161773749
    endloop
  endfacet
  facet normal 0.7397248827654451 0.22439308996872698 0.6343932841636452
    outer loop
      vertex -27.869703118648683 16.518793963204715 0.2914828579090054
      vertex -27.98459939292191 16.471202368134605 0.4422897161773749
      vertex -27.83274467543761 15.97060445264572 0.4422897161773749
    endloop
  endfacet
  facet normal 0.4157348061512782 0.22221488349020072 0.8819212643483519
    outer loop
      vertex -27.729701603369833 16.576784489586 0.1677188678166508
      vertex -27.8580460020843 17.181888291876792 0.07575392663191494
      vertex -28.001796123196733 17.085837531751153 0.1677188678166508
    endloop
  endfacet
  facet normal 0.5594849272637085 0.2990509240190693 0.7730104533627365
    outer loop
      vertex -27.729701603369833 16.576784489586 0.1677188678166508
      vertex -28.001796123196733 17.085837531751153 0.1677188678166508
      vertex -27.869703118648683 16.518793963204715 0.2914828579090054
    endloop
  endfacet
  facet normal 0.5594849272637025 0.2990509240190689 0.7730104533627411
    outer loop
      vertex -27.869703118648683 16.518793963204715 0.2914828579090054
      vertex -28.001796123196733 17.085837531751153 0.1677188678166508
      vertex -28.12779415815077 17.001648336375055 0.2914828579090054
    endloop
  endfacet
  facet normal 0.3643946052475845 0.29905092401907335 0.8819212643483518
    outer loop
      vertex -28.24572431592018 17.654275684079817 0.07575392663191494
      vertex -28.001796123196733 17.085837531751153 0.1677188678166508
      vertex -27.8580460020843 17.181888291876792 0.07575392663191494
    endloop
  endfacet
  facet normal 0.2243930899687283 0.18415464974584192 0.9569403357322088
    outer loop
      vertex -28.24572431592018 17.654275684079817 0.07575392663191494
      vertex -27.8580460020843 17.181888291876792 0.07575392663191494
      vertex -28.113075955488554 17.786924044511444 0.01912219546999383
    endloop
  endfacet
  facet normal 0.36439460524758227 0.2990509240190726 0.881921264348353
    outer loop
      vertex -28.24572431592018 17.654275684079817 0.07575392663191494
      vertex -28.367973745040633 17.532026254959366 0.1677188678166508
      vertex -28.001796123196733 17.085837531751153 0.1677188678166508
    endloop
  endfacet
  facet normal 0.40245483899193363 0.4903926402016101 0.7730104533627413
    outer loop
      vertex -28.475126265847084 17.424873734152914 0.2914828579090054
      vertex -28.814162468248846 17.898203876803265 0.1677188678166508
      vertex -28.898351663624943 17.772205841849228 0.2914828579090054
    endloop
  endfacet
  facet normal 0.4024548389919297 0.4903926402016081 0.7730104533627447
    outer loop
      vertex -28.367973745040633 17.532026254959366 0.1677188678166508
      vertex -28.814162468248846 17.898203876803265 0.1677188678166508
      vertex -28.475126265847084 17.424873734152914 0.2914828579090054
    endloop
  endfacet
  facet normal 0.4903926402016111 0.4024548389919322 0.7730104533627415
    outer loop
      vertex -28.001796123196733 17.085837531751153 0.1677188678166508
      vertex -28.367973745040633 17.532026254959366 0.1677188678166508
      vertex -28.12779415815077 17.001648336375055 0.2914828579090054
    endloop
  endfacet
  facet normal 0.490392640201607 0.4024548389919311 0.7730104533627448
    outer loop
      vertex -28.12779415815077 17.001648336375055 0.2914828579090054
      vertex -28.367973745040633 17.532026254959366 0.1677188678166508
      vertex -28.475126265847084 17.424873734152914 0.2914828579090054
    endloop
  endfacet
  facet normal 0.68173435638416 0.36439460524758066 0.6343932841636448
    outer loop
      vertex -27.869703118648683 16.518793963204715 0.2914828579090054
      vertex -28.12779415815077 17.001648336375055 0.2914828579090054
      vertex -27.98459939292191 16.471202368134605 0.4422897161773749
    endloop
  endfacet
  facet normal 0.6817343563841606 0.3643946052475807 0.6343932841636443
    outer loop
      vertex -27.98459939292191 16.471202368134605 0.4422897161773749
      vertex -28.12779415815077 17.001648336375055 0.2914828579090054
      vertex -28.231198073123636 16.932556049312964 0.4422897161773749
    endloop
  endfacet
  facet normal 0.4903926402016227 0.5975451610080703 0.6343932841636338
    outer loop
      vertex -28.475126265847084 17.424873734152914 0.2914828579090054
      vertex -28.898351663624943 17.772205841849228 0.2914828579090054
      vertex -28.56306406705676 17.336935932943238 0.4422897161773749
    endloop
  endfacet
  facet normal 0.5975451610080643 0.4903926402016177 0.6343932841636434
    outer loop
      vertex -28.12779415815077 17.001648336375055 0.2914828579090054
      vertex -28.475126265847084 17.424873734152914 0.2914828579090054
      vertex -28.231198073123636 16.932556049312964 0.4422897161773749
    endloop
  endfacet
  facet normal 0.4903926402016141 0.5975451610080671 0.6343932841636436
    outer loop
      vertex -28.898351663624943 17.772205841849228 0.2914828579090054
      vertex -28.967443950687034 17.668801926876363 0.4422897161773749
      vertex -28.56306406705676 17.336935932943238 0.4422897161773749
    endloop
  endfacet
  facet normal 0.5975451610080734 0.4903926402016193 0.6343932841636336
    outer loop
      vertex -28.475126265847084 17.424873734152914 0.2914828579090054
      vertex -28.56306406705676 17.336935932943238 0.4422897161773749
      vertex -28.231198073123636 16.932556049312964 0.4422897161773749
    endloop
  endfacet
  facet normal -0.6817343563841646 0.559484927263713 0.4713967368259848
    outer loop
      vertex -32.66880192687636 16.932556049312964 0.4422897161773749
      vertex -32.27159225171473 17.27159225171473 0.6143440196319667
      vertex -32.336935932943234 17.336935932943238 0.4422897161773749
    endloop
  endfacet
  facet normal -0.5594849272637072 0.6817343563841681 0.47139673682598643
    outer loop
      vertex -32.336935932943234 17.336935932943238 0.4422897161773749
      vertex -32.27159225171473 17.27159225171473 0.6143440196319667
      vertex -31.88121584840927 17.59196588634749 0.6143440196319667
    endloop
  endfacet
  facet normal -0.559484927263707 0.6817343563841586 0.47139673682600036
    outer loop
      vertex -32.336935932943234 17.336935932943238 0.4422897161773749
      vertex -31.88121584840927 17.59196588634749 0.6143440196319667
      vertex -31.932556049312964 17.668801926876363 0.4422897161773749
    endloop
  endfacet
  facet normal -0.4157348061512748 0.777785116509799 0.47139673682599914
    outer loop
      vertex -31.932556049312964 17.668801926876363 0.4422897161773749
      vertex -31.88121584840927 17.59196588634749 0.6143440196319667
      vertex -31.43583862268454 17.83002497319623 0.6143440196319667
    endloop
  endfacet
  facet normal -0.7397248827654442 0.6070765223338099 0.29028467725447904
    outer loop
      vertex -32.591965886347495 16.88121584840927 0.6143440196319667
      vertex -32.54465048620999 16.84960070879279 0.8010338178801852
      vertex -32.23135381149184 17.231353811491843 0.8010338178801852
    endloop
  endfacet
  facet normal -0.7397248827654439 0.6070765223338163 0.29028467725446677
    outer loop
      vertex -32.591965886347495 16.88121584840927 0.6143440196319667
      vertex -32.23135381149184 17.231353811491843 0.8010338178801852
      vertex -32.27159225171473 17.27159225171473 0.6143440196319667
    endloop
  endfacet
  facet normal -0.6070765223338125 0.739724882765447 0.29028467725446666
    outer loop
      vertex -32.27159225171473 17.27159225171473 0.6143440196319667
      vertex -32.23135381149184 17.231353811491843 0.8010338178801852
      vertex -31.84960070879279 17.54465048620999 0.8010338178801852
    endloop
  endfacet
  facet normal -0.6070765223338123 0.7397248827654472 0.2902846772544661
    outer loop
      vertex -32.27159225171473 17.27159225171473 0.6143440196319667
      vertex -31.84960070879279 17.54465048620999 0.8010338178801852
      vertex -31.88121584840927 17.59196588634749 0.6143440196319667
    endloop
  endfacet
  facet normal -0.4510985516013371 0.8439460307948874 0.2902846772544681
    outer loop
      vertex -31.88121584840927 17.59196588634749 0.6143440196319667
      vertex -31.84960070879279 17.54465048620999 0.8010338178801852
      vertex -31.414061735759947 17.777450917436614 0.8010338178801852
    endloop
  endfacet
  facet normal -0.7692881967445506 0.6313385071030708 0.09801714032955382
    outer loop
      vertex -32.54465048620999 16.84960070879279 0.8010338178801852
      vertex -32.21776695296637 17.217766952966368 0.9951847266721967
      vertex -32.23135381149184 17.231353811491843 0.8010338178801852
    endloop
  endfacet
  facet normal -0.6313385071030713 0.7692881967445512 0.09801714032954613
    outer loop
      vertex -32.23135381149184 17.231353811491843 0.8010338178801852
      vertex -31.838925582549006 17.528674030756363 0.9951847266721967
      vertex -31.84960070879279 17.54465048620999 0.8010338178801852
    endloop
  endfacet
  facet normal -0.4691268326923461 0.8776745724069162 0.09801714032955913
    outer loop
      vertex -31.84960070879279 17.54465048620999 0.8010338178801852
      vertex -31.406708580912724 17.759698831278214 0.9951847266721967
      vertex -31.414061735759947 17.777450917436614 0.8010338178801852
    endloop
  endfacet
  facet normal 0.8776745724069169 -0.08644340032725743 0.47139673682599564
    outer loop
      vertex -27.92337896494158 14.947423828445288 0.6143440196319667
      vertex -27.781469612302544 15.45 0.4422897161773749
      vertex -27.873879532511285 15.45 0.6143440196319667
    endloop
  endfacet
  facet normal 0.8776745724069159 0.08644340032725735 0.4713967368259975
    outer loop
      vertex -27.83274467543761 15.97060445264572 0.4422897161773749
      vertex -27.92337896494158 15.95257617155471 0.6143440196319667
      vertex -27.873879532511285 15.45 0.6143440196319667
    endloop
  endfacet
  facet normal 0.8439460307948888 0.2560082295852085 0.47139673682599836
    outer loop
      vertex -27.83274467543761 15.97060445264572 0.4422897161773749
      vertex -27.98459939292191 16.471202368134605 0.4422897161773749
      vertex -27.92337896494158 15.95257617155471 0.6143440196319667
    endloop
  endfacet
  facet normal 0.8439460307948917 0.25600822958520736 0.471396736825994
    outer loop
      vertex -27.98459939292191 16.471202368134605 0.4422897161773749
      vertex -28.069975026803768 16.43583862268454 0.6143440196319667
      vertex -27.92337896494158 15.95257617155471 0.6143440196319667
    endloop
  endfacet
  facet normal 0.9523324064572598 -0.09379655517448554 0.29028467725445706
    outer loop
      vertex -27.873879532511285 15.45 0.6143440196319667
      vertex -27.930785280403228 15.45 0.8010338178801852
      vertex -27.979191284844337 14.958525589126095 0.8010338178801852
    endloop
  endfacet
  facet normal 0.95233240645726 0.09379655517448213 0.29028467725445717
    outer loop
      vertex -27.873879532511285 15.45 0.6143440196319667
      vertex -27.92337896494158 15.95257617155471 0.6143440196319667
      vertex -27.930785280403228 15.45 0.8010338178801852
    endloop
  endfacet
  facet normal 0.9523324064572573 0.0937965551744853 0.29028467725446566
    outer loop
      vertex -27.92337896494158 15.95257617155471 0.6143440196319667
      vertex -27.979191284844337 15.941474410873903 0.8010338178801852
      vertex -27.930785280403228 15.45 0.8010338178801852
    endloop
  endfacet
  facet normal 0.9903926402016139 0.09754516100806887 0.09801714032956964
    outer loop
      vertex -27.930785280403228 15.45 0.8010338178801852
      vertex -27.979191284844337 15.941474410873903 0.8010338178801852
      vertex -27.95 15.45 0.9951847266721967
    endloop
  endfacet
  facet normal 0.9157348061512729 0.2777851165097979 0.2902846772544649
    outer loop
      vertex -27.92337896494158 15.95257617155471 0.6143440196319667
      vertex -28.069975026803768 16.43583862268454 0.6143440196319667
      vertex -27.979191284844337 15.941474410873903 0.8010338178801852
    endloop
  endfacet
  facet normal 0.9157348061512679 0.27778511650980153 0.2902846772544769
    outer loop
      vertex -28.069975026803768 16.43583862268454 0.6143440196319667
      vertex -28.122549082563385 16.414061735759947 0.8010338178801852
      vertex -27.979191284844337 15.941474410873903 0.8010338178801852
    endloop
  endfacet
  facet normal 0.9523324064572587 0.2888868771906109 0.09801714032955451
    outer loop
      vertex -27.979191284844337 15.941474410873903 0.8010338178801852
      vertex -28.122549082563385 16.414061735759947 0.8010338178801852
      vertex -27.998036798991922 15.93772580504032 0.9951847266721967
    endloop
  endfacet
  facet normal 0.7777851165098018 0.41573480615127434 0.47139673682599526
    outer loop
      vertex -27.98459939292191 16.471202368134605 0.4422897161773749
      vertex -28.231198073123636 16.932556049312964 0.4422897161773749
      vertex -28.069975026803768 16.43583862268454 0.6143440196319667
    endloop
  endfacet
  facet normal 0.777785116509799 0.4157348061512748 0.47139673682599914
    outer loop
      vertex -28.069975026803768 16.43583862268454 0.6143440196319667
      vertex -28.231198073123636 16.932556049312964 0.4422897161773749
      vertex -28.308034113652507 16.88121584840927 0.6143440196319667
    endloop
  endfacet
  facet normal 0.6817343563841609 0.559484927263704 0.47139673682600053
    outer loop
      vertex -28.231198073123636 16.932556049312964 0.4422897161773749
      vertex -28.56306406705676 17.336935932943238 0.4422897161773749
      vertex -28.308034113652507 16.88121584840927 0.6143440196319667
    endloop
  endfacet
  facet normal 0.6817343563841645 0.5594849272637041 0.4713967368259955
    outer loop
      vertex -28.56306406705676 17.336935932943238 0.4422897161773749
      vertex -28.62840774828527 17.27159225171473 0.6143440196319667
      vertex -28.308034113652507 16.88121584840927 0.6143440196319667
    endloop
  endfacet
  facet normal 0.5594849272637058 0.6817343563841631 0.4713967368259954
    outer loop
      vertex -28.967443950687034 17.668801926876363 0.4422897161773749
      vertex -28.62840774828527 17.27159225171473 0.6143440196319667
      vertex -28.56306406705676 17.336935932943238 0.4422897161773749
    endloop
  endfacet
  facet normal 0.5594849272637022 0.6817343563841622 0.4713967368260007
    outer loop
      vertex -28.967443950687034 17.668801926876363 0.4422897161773749
      vertex -29.01878415159073 17.59196588634749 0.6143440196319667
      vertex -28.62840774828527 17.27159225171473 0.6143440196319667
    endloop
  endfacet
  facet normal 0.4510985516013399 0.8439460307948858 0.2902846772544682
    outer loop
      vertex -29.01878415159073 17.59196588634749 0.6143440196319667
      vertex -29.46416137731546 17.83002497319623 0.6143440196319667
      vertex -29.05039929120721 17.54465048620999 0.8010338178801852
    endloop
  endfacet
  facet normal 0.4510985516013361 0.8439460307948854 0.29028467725447576
    outer loop
      vertex -29.46416137731546 17.83002497319623 0.6143440196319667
      vertex -29.48593826424005 17.777450917436614 0.8010338178801852
      vertex -29.05039929120721 17.54465048620999 0.8010338178801852
    endloop
  endfacet
  facet normal 0.46912683269234673 0.8776745724069173 0.09801714032954537
    outer loop
      vertex -29.05039929120721 17.54465048620999 0.8010338178801852
      vertex -29.48593826424005 17.777450917436614 0.8010338178801852
      vertex -29.061074417450993 17.528674030756363 0.9951847266721967
    endloop
  endfacet
  facet normal 0.7397248827654472 0.6070765223338123 0.29028467725446616
    outer loop
      vertex -28.308034113652507 16.88121584840927 0.6143440196319667
      vertex -28.62840774828527 17.27159225171473 0.6143440196319667
      vertex -28.35534951379001 16.84960070879279 0.8010338178801852
    endloop
  endfacet
  facet normal 0.843946030794884 0.4510985516013389 0.29028467725447565
    outer loop
      vertex -28.069975026803768 16.43583862268454 0.6143440196319667
      vertex -28.308034113652507 16.88121584840927 0.6143440196319667
      vertex -28.122549082563385 16.414061735759947 0.8010338178801852
    endloop
  endfacet
  facet normal 0.8439460307948874 0.4510985516013372 0.2902846772544681
    outer loop
      vertex -28.308034113652507 16.88121584840927 0.6143440196319667
      vertex -28.35534951379001 16.84960070879279 0.8010338178801852
      vertex -28.122549082563385 16.414061735759947 0.8010338178801852
    endloop
  endfacet
  facet normal 0.7692881967445512 0.6313385071030713 0.09801714032954618
    outer loop
      vertex -28.668646188508156 17.231353811491843 0.8010338178801852
      vertex -28.371325969243635 16.838925582549006 0.9951847266721967
      vertex -28.35534951379001 16.84960070879279 0.8010338178801852
    endloop
  endfacet
  facet normal 0.8776745724069162 0.4691268326923461 0.09801714032955917
    outer loop
      vertex -28.122549082563385 16.414061735759947 0.8010338178801852
      vertex -28.35534951379001 16.84960070879279 0.8010338178801852
      vertex -28.140301168721784 16.406708580912724 0.9951847266721967
    endloop
  endfacet
  facet normal 0.6070765223338122 0.7397248827654472 0.29028467725446666
    outer loop
      vertex -29.01878415159073 17.59196588634749 0.6143440196319667
      vertex -28.668646188508156 17.231353811491843 0.8010338178801852
      vertex -28.62840774828527 17.27159225171473 0.6143440196319667
    endloop
  endfacet
  facet normal 0.7397248827654471 0.6070765223338123 0.29028467725446666
    outer loop
      vertex -28.62840774828527 17.27159225171473 0.6143440196319667
      vertex -28.668646188508156 17.231353811491843 0.8010338178801852
      vertex -28.35534951379001 16.84960070879279 0.8010338178801852
    endloop
  endfacet
  facet normal 0.6070765223338125 0.7397248827654471 0.29028467725446616
    outer loop
      vertex -29.01878415159073 17.59196588634749 0.6143440196319667
      vertex -29.05039929120721 17.54465048620999 0.8010338178801852
      vertex -28.668646188508156 17.231353811491843 0.8010338178801852
    endloop
  endfacet
  facet normal 0.6313385071030699 0.7692881967445495 0.09801714032956783
    outer loop
      vertex -28.668646188508156 17.231353811491843 0.8010338178801852
      vertex -29.05039929120721 17.54465048620999 0.8010338178801852
      vertex -28.68223304703363 17.217766952966368 0.9951847266721967
    endloop
  endfacet
  facet normal -0.2990509240190703 0.36439460524758077 0.8819212643483545
    outer loop
      vertex -32.65427568407982 17.654275684079817 0.07575392663191494
      vertex -32.08583753175115 17.898203876803265 0.1677188678166508
      vertex -32.181888291876795 18.041953997915698 0.07575392663191494
    endloop
  endfacet
  facet normal -0.13683924960834357 0.2560082295852146 0.9569403357322073
    outer loop
      vertex -32.181888291876795 18.041953997915698 0.07575392663191494
      vertex -31.64294540387109 18.330024973196227 0.07575392663191494
      vertex -32.286109439906234 18.197931968648177 0.01912219546999383
    endloop
  endfacet
  facet normal -0.22221488349019905 0.4157348061512751 0.8819212643483538
    outer loop
      vertex -32.181888291876795 18.041953997915698 0.07575392663191494
      vertex -32.08583753175115 17.898203876803265 0.1677188678166508
      vertex -31.576784489586 18.170298396630166 0.1677188678166508
    endloop
  endfacet
  facet normal -0.22221488349019894 0.4157348061512743 0.8819212643483542
    outer loop
      vertex -32.181888291876795 18.041953997915698 0.07575392663191494
      vertex -31.576784489586 18.170298396630166 0.1677188678166508
      vertex -31.64294540387109 18.330024973196227 0.07575392663191494
    endloop
  endfacet
  facet normal -0.13683924960834104 0.45109855160134027 0.8819212643483539
    outer loop
      vertex -31.64294540387109 18.330024973196227 0.07575392663191494
      vertex -31.576784489586 18.170298396630166 0.1677188678166508
      vertex -31.024429751394077 18.337853374635486 0.1677188678166508
    endloop
  endfacet
  facet normal -0.4024548389919342 0.49039264020160966 0.7730104533627413
    outer loop
      vertex -32.53202625495936 17.532026254959366 0.1677188678166508
      vertex -32.001648336375055 17.772205841849228 0.2914828579090054
      vertex -32.08583753175115 17.898203876803265 0.1677188678166508
    endloop
  endfacet
  facet normal -0.2990509240190693 0.5594849272637085 0.7730104533627367
    outer loop
      vertex -32.08583753175115 17.898203876803265 0.1677188678166508
      vertex -31.518793963204715 18.030296881351315 0.2914828579090054
      vertex -31.576784489586 18.170298396630166 0.1677188678166508
    endloop
  endfacet
  facet normal -0.2990509240190689 0.5594849272637025 0.7730104533627412
    outer loop
      vertex -32.08583753175115 17.898203876803265 0.1677188678166508
      vertex -32.001648336375055 17.772205841849228 0.2914828579090054
      vertex -31.518793963204715 18.030296881351315 0.2914828579090054
    endloop
  endfacet
  facet normal -0.18415464974583992 0.6070765223338196 0.7730104533627359
    outer loop
      vertex -31.576784489586 18.170298396630166 0.1677188678166508
      vertex -31.518793963204715 18.030296881351315 0.2914828579090054
      vertex -30.994866437414977 18.18922855875023 0.2914828579090054
    endloop
  endfacet
  facet normal -0.08426519384872697 0.2777851165097984 0.9569403357322096
    outer loop
      vertex -31.64294540387109 18.330024973196227 0.07575392663191494
      vertex -31.058158293006105 18.50741820389344 0.07575392663191494
      vertex -31.71473417922747 18.503338408287767 0.01912219546999383
    endloop
  endfacet
  facet normal -0.18415464974584034 0.6070765223338163 0.7730104533627383
    outer loop
      vertex -31.576784489586 18.170298396630166 0.1677188678166508
      vertex -30.994866437414977 18.18922855875023 0.2914828579090054
      vertex -31.024429751394077 18.337853374635486 0.1677188678166508
    endloop
  endfacet
  facet normal -0.06218141555799848 0.6313385071030724 0.7730104533627391
    outer loop
      vertex -31.024429751394077 18.337853374635486 0.1677188678166508
      vertex -30.994866437414977 18.18922855875023 0.2914828579090054
      vertex -30.45 18.24289321881345 0.2914828579090054
    endloop
  endfacet
  facet normal -0.062181415558000386 0.6313385071030665 0.7730104533627435
    outer loop
      vertex -31.024429751394077 18.337853374635486 0.1677188678166508
      vertex -30.45 18.24289321881345 0.2914828579090054
      vertex -30.45 18.394429766980398 0.1677188678166508
    endloop
  endfacet
  facet normal 0.06218141555799792 0.6313385071030666 0.7730104533627437
    outer loop
      vertex -30.45 18.24289321881345 0.2914828579090054
      vertex -29.90513356258502 18.18922855875023 0.2914828579090054
      vertex -30.45 18.394429766980398 0.1677188678166508
    endloop
  endfacet
  facet normal -0.028452873945971065 0.2888868771906071 0.9569403357322094
    outer loop
      vertex -31.058158293006105 18.50741820389344 0.07575392663191494
      vertex -30.45 18.567316567634908 0.07575392663191494
      vertex -31.09475589331209 18.691406765228763 0.01912219546999383
    endloop
  endfacet
  facet normal -0.13683924960834135 0.45109855160133533 0.8819212643483564
    outer loop
      vertex -31.64294540387109 18.330024973196227 0.07575392663191494
      vertex -31.024429751394077 18.337853374635486 0.1677188678166508
      vertex -31.058158293006105 18.50741820389344 0.07575392663191494
    endloop
  endfacet
  facet normal -0.046204960104372264 0.46912683269234356 0.8819212643483563
    outer loop
      vertex -31.058158293006105 18.50741820389344 0.07575392663191494
      vertex -31.024429751394077 18.337853374635486 0.1677188678166508
      vertex -30.45 18.394429766980398 0.1677188678166508
    endloop
  endfacet
  facet normal 0.02845287394597107 0.2888868771906072 0.9569403357322094
    outer loop
      vertex -30.45 18.567316567634908 0.07575392663191494
      vertex -29.841841706993893 18.50741820389344 0.07575392663191494
      vertex -30.45 18.75490967798387 0.01912219546999383
    endloop
  endfacet
  facet normal -0.04620496010437029 0.46912683269235106 0.8819212643483524
    outer loop
      vertex -31.058158293006105 18.50741820389344 0.07575392663191494
      vertex -30.45 18.394429766980398 0.1677188678166508
      vertex -30.45 18.567316567634908 0.07575392663191494
    endloop
  endfacet
  facet normal 0.046204960104372986 0.469126832692351 0.8819212643483522
    outer loop
      vertex -30.45 18.567316567634908 0.07575392663191494
      vertex -30.45 18.394429766980398 0.1677188678166508
      vertex -29.87557024860592 18.337853374635486 0.1677188678166508
    endloop
  endfacet
  facet normal -0.36439460524758066 0.68173435638416 0.6343932841636448
    outer loop
      vertex -32.001648336375055 17.772205841849228 0.2914828579090054
      vertex -31.471202368134605 17.915400607078087 0.4422897161773749
      vertex -31.518793963204715 18.030296881351315 0.2914828579090054
    endloop
  endfacet
  facet normal -0.3643946052475807 0.6817343563841606 0.6343932841636443
    outer loop
      vertex -32.001648336375055 17.772205841849228 0.2914828579090054
      vertex -31.932556049312964 17.668801926876363 0.4422897161773749
      vertex -31.471202368134605 17.915400607078087 0.4422897161773749
    endloop
  endfacet
  facet normal -0.2243930899687258 0.7397248827654501 0.6343932841636397
    outer loop
      vertex -31.518793963204715 18.030296881351315 0.2914828579090054
      vertex -30.97060445264572 18.06725532456239 0.4422897161773749
      vertex -30.994866437414977 18.18922855875023 0.2914828579090054
    endloop
  endfacet
  facet normal -0.07576827408347309 0.7692881967445523 0.6343932841636383
    outer loop
      vertex -30.994866437414977 18.18922855875023 0.2914828579090054
      vertex -30.45 18.118530387697454 0.4422897161773749
      vertex -30.45 18.24289321881345 0.2914828579090054
    endloop
  endfacet
  facet normal -0.22439308996872695 0.739724882765445 0.6343932841636453
    outer loop
      vertex -31.518793963204715 18.030296881351315 0.2914828579090054
      vertex -31.471202368134605 17.915400607078087 0.4422897161773749
      vertex -30.97060445264572 18.06725532456239 0.4422897161773749
    endloop
  endfacet
  facet normal -0.07576827408347345 0.7692881967445514 0.6343932841636393
    outer loop
      vertex -30.994866437414977 18.18922855875023 0.2914828579090054
      vertex -30.97060445264572 18.06725532456239 0.4422897161773749
      vertex -30.45 18.118530387697454 0.4422897161773749
    endloop
  endfacet
  facet normal 0.07576827408347352 0.7692881967445522 0.6343932841636383
    outer loop
      vertex -30.45 18.24289321881345 0.2914828579090054
      vertex -30.45 18.118530387697454 0.4422897161773749
      vertex -29.92939554735428 18.06725532456239 0.4422897161773749
    endloop
  endfacet
  facet normal 0.13683924960833965 0.4510985516013357 0.8819212643483565
    outer loop
      vertex -29.841841706993893 18.50741820389344 0.07575392663191494
      vertex -29.87557024860592 18.337853374635486 0.1677188678166508
      vertex -29.323215510414 18.170298396630166 0.1677188678166508
    endloop
  endfacet
  facet normal 0.13683924960834093 0.25600822958520797 0.9569403357322094
    outer loop
      vertex -29.25705459612891 18.330024973196227 0.07575392663191494
      vertex -28.718111708123207 18.041953997915698 0.07575392663191494
      vertex -29.18526582077253 18.503338408287767 0.01912219546999383
    endloop
  endfacet
  facet normal 0.13683924960834265 0.4510985516013396 0.8819212643483539
    outer loop
      vertex -29.841841706993893 18.50741820389344 0.07575392663191494
      vertex -29.323215510414 18.170298396630166 0.1677188678166508
      vertex -29.25705459612891 18.330024973196227 0.07575392663191494
    endloop
  endfacet
  facet normal 0.22221488349019872 0.41573480615127445 0.8819212643483543
    outer loop
      vertex -29.25705459612891 18.330024973196227 0.07575392663191494
      vertex -29.323215510414 18.170298396630166 0.1677188678166508
      vertex -28.814162468248846 17.898203876803265 0.1677188678166508
    endloop
  endfacet
  facet normal 0.06218141555800091 0.6313385071030719 0.7730104533627392
    outer loop
      vertex -29.87557024860592 18.337853374635486 0.1677188678166508
      vertex -30.45 18.394429766980398 0.1677188678166508
      vertex -29.90513356258502 18.18922855875023 0.2914828579090054
    endloop
  endfacet
  facet normal 0.184154649745839 0.6070765223338166 0.7730104533627383
    outer loop
      vertex -29.87557024860592 18.337853374635486 0.1677188678166508
      vertex -29.90513356258502 18.18922855875023 0.2914828579090054
      vertex -29.381206036795284 18.030296881351315 0.2914828579090054
    endloop
  endfacet
  facet normal 0.29905092401906674 0.5594849272637037 0.773010453362741
    outer loop
      vertex -29.323215510414 18.170298396630166 0.1677188678166508
      vertex -28.898351663624943 17.772205841849228 0.2914828579090054
      vertex -28.814162468248846 17.898203876803265 0.1677188678166508
    endloop
  endfacet
  facet normal 0.2990509240190716 0.5594849272637075 0.7730104533627364
    outer loop
      vertex -29.323215510414 18.170298396630166 0.1677188678166508
      vertex -29.381206036795284 18.030296881351315 0.2914828579090054
      vertex -28.898351663624943 17.772205841849228 0.2914828579090054
    endloop
  endfacet
  facet normal 0.1841546497458412 0.6070765223338191 0.7730104533627359
    outer loop
      vertex -29.87557024860592 18.337853374635486 0.1677188678166508
      vertex -29.381206036795284 18.030296881351315 0.2914828579090054
      vertex -29.323215510414 18.170298396630166 0.1677188678166508
    endloop
  endfacet
  facet normal 0.08426519384872729 0.2777851165097995 0.9569403357322093
    outer loop
      vertex -29.841841706993893 18.50741820389344 0.07575392663191494
      vertex -29.25705459612891 18.330024973196227 0.07575392663191494
      vertex -29.80524410668791 18.691406765228763 0.01912219546999383
    endloop
  endfacet
  facet normal 0.0462049601043696 0.46912683269234406 0.8819212643483562
    outer loop
      vertex -30.45 18.567316567634908 0.07575392663191494
      vertex -29.87557024860592 18.337853374635486 0.1677188678166508
      vertex -29.841841706993893 18.50741820389344 0.07575392663191494
    endloop
  endfacet
  facet normal 0.18415464974584192 0.2243930899687283 0.9569403357322088
    outer loop
      vertex -28.24572431592018 17.654275684079817 0.07575392663191494
      vertex -28.61389056009376 18.197931968648177 0.01912219546999383
      vertex -28.718111708123207 18.041953997915698 0.07575392663191494
    endloop
  endfacet
  facet normal 0.299050924019072 0.3643946052475828 0.881921264348353
    outer loop
      vertex -28.24572431592018 17.654275684079817 0.07575392663191494
      vertex -28.718111708123207 18.041953997915698 0.07575392663191494
      vertex -28.367973745040633 17.532026254959366 0.1677188678166508
    endloop
  endfacet
  facet normal 0.29905092401907407 0.36439460524758405 0.8819212643483518
    outer loop
      vertex -28.367973745040633 17.532026254959366 0.1677188678166508
      vertex -28.718111708123207 18.041953997915698 0.07575392663191494
      vertex -28.814162468248846 17.898203876803265 0.1677188678166508
    endloop
  endfacet
  facet normal 0.22221488349020202 0.41573480615127734 0.8819212643483519
    outer loop
      vertex -29.25705459612891 18.330024973196227 0.07575392663191494
      vertex -28.814162468248846 17.898203876803265 0.1677188678166508
      vertex -28.718111708123207 18.041953997915698 0.07575392663191494
    endloop
  endfacet
  facet normal 0.075768274083473 0.7692881967445514 0.6343932841636393
    outer loop
      vertex -30.45 18.24289321881345 0.2914828579090054
      vertex -29.92939554735428 18.06725532456239 0.4422897161773749
      vertex -29.90513356258502 18.18922855875023 0.2914828579090054
    endloop
  endfacet
  facet normal 0.3643946052475809 0.6817343563841605 0.6343932841636443
    outer loop
      vertex -29.381206036795284 18.030296881351315 0.2914828579090054
      vertex -28.967443950687034 17.668801926876363 0.4422897161773749
      vertex -28.898351663624943 17.772205841849228 0.2914828579090054
    endloop
  endfacet
  facet normal 0.22439308996872456 0.739724882765446 0.634393284163645
    outer loop
      vertex -29.90513356258502 18.18922855875023 0.2914828579090054
      vertex -29.428797631865393 17.915400607078087 0.4422897161773749
      vertex -29.381206036795284 18.030296881351315 0.2914828579090054
    endloop
  endfacet
  facet normal 0.2243930899687283 0.7397248827654495 0.6343932841636396
    outer loop
      vertex -29.90513356258502 18.18922855875023 0.2914828579090054
      vertex -29.92939554735428 18.06725532456239 0.4422897161773749
      vertex -29.428797631865393 17.915400607078087 0.4422897161773749
    endloop
  endfacet
  facet normal 0.36439460524758044 0.6817343563841601 0.6343932841636449
    outer loop
      vertex -29.381206036795284 18.030296881351315 0.2914828579090054
      vertex -29.428797631865393 17.915400607078087 0.4422897161773749
      vertex -28.967443950687034 17.668801926876363 0.4422897161773749
    endloop
  endfacet
  facet normal -0.41573480615127434 0.7777851165098018 0.4713967368259952
    outer loop
      vertex -31.932556049312964 17.668801926876363 0.4422897161773749
      vertex -31.43583862268454 17.83002497319623 0.6143440196319667
      vertex -31.471202368134605 17.915400607078087 0.4422897161773749
    endloop
  endfacet
  facet normal -0.2560082295852085 0.843946030794889 0.47139673682599836
    outer loop
      vertex -31.471202368134605 17.915400607078087 0.4422897161773749
      vertex -30.95257617155471 17.976621035058418 0.6143440196319667
      vertex -30.97060445264572 18.06725532456239 0.4422897161773749
    endloop
  endfacet
  facet normal -0.25600822958520747 0.8439460307948917 0.4713967368259941
    outer loop
      vertex -31.471202368134605 17.915400607078087 0.4422897161773749
      vertex -31.43583862268454 17.83002497319623 0.6143440196319667
      vertex -30.95257617155471 17.976621035058418 0.6143440196319667
    endloop
  endfacet
  facet normal -0.08644340032725735 0.877674572406916 0.4713967368259975
    outer loop
      vertex -30.97060445264572 18.06725532456239 0.4422897161773749
      vertex -30.95257617155471 17.976621035058418 0.6143440196319667
      vertex -30.45 18.026120467488713 0.6143440196319667
    endloop
  endfacet
  facet normal -0.08644340032725667 0.877674572406917 0.4713967368259957
    outer loop
      vertex -30.97060445264572 18.06725532456239 0.4422897161773749
      vertex -30.45 18.026120467488713 0.6143440196319667
      vertex -30.45 18.118530387697454 0.4422897161773749
    endloop
  endfacet
  facet normal 0.08644340032725743 0.8776745724069169 0.47139673682599564
    outer loop
      vertex -30.45 18.118530387697454 0.4422897161773749
      vertex -30.45 18.026120467488713 0.6143440196319667
      vertex -29.947423828445288 17.976621035058418 0.6143440196319667
    endloop
  endfacet
  facet normal -0.4510985516013388 0.8439460307948838 0.29028467725447565
    outer loop
      vertex -31.88121584840927 17.59196588634749 0.6143440196319667
      vertex -31.414061735759947 17.777450917436614 0.8010338178801852
      vertex -31.43583862268454 17.83002497319623 0.6143440196319667
    endloop
  endfacet
  facet normal -0.2777851165097981 0.9157348061512736 0.2902846772544624
    outer loop
      vertex -31.43583862268454 17.83002497319623 0.6143440196319667
      vertex -30.941474410873905 17.920808715155662 0.8010338178801852
      vertex -30.95257617155471 17.976621035058418 0.6143440196319667
    endloop
  endfacet
  facet normal -0.2777851165098025 0.9157348061512677 0.2902846772544769
    outer loop
      vertex -31.43583862268454 17.83002497319623 0.6143440196319667
      vertex -31.414061735759947 17.777450917436614 0.8010338178801852
      vertex -30.941474410873905 17.920808715155662 0.8010338178801852
    endloop
  endfacet
  facet normal -0.09379655517448497 0.9523324064572575 0.2902846772544648
    outer loop
      vertex -30.95257617155471 17.976621035058418 0.6143440196319667
      vertex -30.941474410873905 17.920808715155662 0.8010338178801852
      vertex -30.45 17.96921471959677 0.8010338178801852
    endloop
  endfacet
  facet normal -0.09379655517448213 0.95233240645726 0.29028467725445717
    outer loop
      vertex -30.95257617155471 17.976621035058418 0.6143440196319667
      vertex -30.45 17.96921471959677 0.8010338178801852
      vertex -30.45 18.026120467488713 0.6143440196319667
    endloop
  endfacet
  facet normal 0.0937965551744852 0.9523324064572597 0.290284677254457
    outer loop
      vertex -30.45 18.026120467488713 0.6143440196319667
      vertex -30.45 17.96921471959677 0.8010338178801852
      vertex -29.958525589126094 17.920808715155662 0.8010338178801852
    endloop
  endfacet
  facet normal -0.28888687719061185 0.952332406457258 0.09801714032955713
    outer loop
      vertex -31.414061735759947 17.777450917436614 0.8010338178801852
      vertex -30.93772580504032 17.901963201008076 0.9951847266721967
      vertex -30.941474410873905 17.920808715155662 0.8010338178801852
    endloop
  endfacet
  facet normal -0.09754516100806852 0.990392640201614 0.09801714032956965
    outer loop
      vertex -30.941474410873905 17.920808715155662 0.8010338178801852
      vertex -30.45 17.95 0.9951847266721967
      vertex -30.45 17.96921471959677 0.8010338178801852
    endloop
  endfacet
  facet normal 0.2560082295852092 0.8439460307948912 0.4713967368259941
    outer loop
      vertex -29.92939554735428 18.06725532456239 0.4422897161773749
      vertex -29.46416137731546 17.83002497319623 0.6143440196319667
      vertex -29.428797631865393 17.915400607078087 0.4422897161773749
    endloop
  endfacet
  facet normal 0.25600822958520675 0.8439460307948894 0.4713967368259986
    outer loop
      vertex -29.92939554735428 18.06725532456239 0.4422897161773749
      vertex -29.947423828445288 17.976621035058418 0.6143440196319667
      vertex -29.46416137731546 17.83002497319623 0.6143440196319667
    endloop
  endfacet
  facet normal 0.08644340032725657 0.877674572406916 0.47139673682599753
    outer loop
      vertex -30.45 18.118530387697454 0.4422897161773749
      vertex -29.947423828445288 17.976621035058418 0.6143440196319667
      vertex -29.92939554735428 18.06725532456239 0.4422897161773749
    endloop
  endfacet
  facet normal 0.4157348061512733 0.7777851165097999 0.47139673682599914
    outer loop
      vertex -28.967443950687034 17.668801926876363 0.4422897161773749
      vertex -29.428797631865393 17.915400607078087 0.4422897161773749
      vertex -29.01878415159073 17.59196588634749 0.6143440196319667
    endloop
  endfacet
  facet normal 0.41573480615127584 0.7777851165098009 0.4713967368259952
    outer loop
      vertex -29.01878415159073 17.59196588634749 0.6143440196319667
      vertex -29.428797631865393 17.915400607078087 0.4422897161773749
      vertex -29.46416137731546 17.83002497319623 0.6143440196319667
    endloop
  endfacet
  facet normal 0.09379655517448189 0.9523324064572578 0.29028467725446466
    outer loop
      vertex -30.45 18.026120467488713 0.6143440196319667
      vertex -29.958525589126094 17.920808715155662 0.8010338178801852
      vertex -29.947423828445288 17.976621035058418 0.6143440196319667
    endloop
  endfacet
  facet normal 0.2777851165097968 0.9157348061512692 0.29028467725447665
    outer loop
      vertex -29.947423828445288 17.976621035058418 0.6143440196319667
      vertex -29.48593826424005 17.777450917436614 0.8010338178801852
      vertex -29.46416137731546 17.83002497319623 0.6143440196319667
    endloop
  endfacet
  facet normal 0.2777851165098037 0.9157348061512719 0.2902846772544622
    outer loop
      vertex -29.947423828445288 17.976621035058418 0.6143440196319667
      vertex -29.958525589126094 17.920808715155662 0.8010338178801852
      vertex -29.48593826424005 17.777450917436614 0.8010338178801852
    endloop
  endfacet
  facet normal 0.09754516100806866 0.9903926402016154 0.09801714032955455
    outer loop
      vertex -30.45 17.96921471959677 0.8010338178801852
      vertex -29.96227419495968 17.901963201008076 0.9951847266721967
      vertex -29.958525589126094 17.920808715155662 0.8010338178801852
    endloop
  endfacet
  facet normal 0.28888687719061173 0.9523324064572578 0.09801714032956053
    outer loop
      vertex -29.958525589126094 17.920808715155662 0.8010338178801852
      vertex -29.493291419087274 17.759698831278214 0.9951847266721967
      vertex -29.48593826424005 17.777450917436614 0.8010338178801852
    endloop
  endfacet
  facet normal -0.9903926402016148 0.09754516100807696 0.0980171403295516
    outer loop
      vertex -32.96921471959677 15.45 0.8010338178801852
      vertex -32.95 15.45 0.9951847266721967
      vertex -32.90196320100807 15.93772580504032 0.9951847266721967
    endloop
  endfacet
  facet normal -0.9523324064572567 0.28888687719060563 0.09801714032958907
    outer loop
      vertex -32.920808715155665 15.941474410873903 0.8010338178801852
      vertex -32.90196320100807 15.93772580504032 0.9951847266721967
      vertex -32.759698831278214 16.406708580912724 0.9951847266721967
    endloop
  endfacet
  facet normal -0.8776745724069174 0.4691268326923406 0.09801714032957513
    outer loop
      vertex -32.77745091743662 16.414061735759947 0.8010338178801852
      vertex -32.759698831278214 16.406708580912724 0.9951847266721967
      vertex -32.52867403075636 16.838925582549006 0.9951847266721967
    endloop
  endfacet
  facet normal -0.7692881967445493 0.6313385071030737 0.09801714032954609
    outer loop
      vertex -32.54465048620999 16.84960070879279 0.8010338178801852
      vertex -32.52867403075636 16.838925582549006 0.9951847266721967
      vertex -32.21776695296637 17.217766952966368 0.9951847266721967
    endloop
  endfacet
  facet normal -0.6313385071030738 0.769288196744548 0.09801714032955643
    outer loop
      vertex -32.23135381149184 17.231353811491843 0.8010338178801852
      vertex -32.21776695296637 17.217766952966368 0.9951847266721967
      vertex -31.838925582549006 17.528674030756363 0.9951847266721967
    endloop
  endfacet
  facet normal -0.46912683269234196 0.8776745724069199 0.09801714032954531
    outer loop
      vertex -31.84960070879279 17.54465048620999 0.8010338178801852
      vertex -31.838925582549006 17.528674030756363 0.9951847266721967
      vertex -31.406708580912724 17.759698831278214 0.9951847266721967
    endloop
  endfacet
  facet normal 0.9903926402016144 -0.0975451610080625 0.0980171403295697
    outer loop
      vertex -27.930785280403228 15.45 0.8010338178801852
      vertex -27.95 15.45 0.9951847266721967
      vertex -27.998036798991922 14.96227419495968 0.9951847266721967
    endloop
  endfacet
  facet normal 0.990392640201616 0.09754516100806265 0.0980171403295536
    outer loop
      vertex -27.979191284844337 15.941474410873903 0.8010338178801852
      vertex -27.998036798991922 15.93772580504032 0.9951847266721967
      vertex -27.95 15.45 0.9951847266721967
    endloop
  endfacet
  facet normal 0.9523324064572575 0.28888687719061307 0.09801714032956056
    outer loop
      vertex -28.122549082563385 16.414061735759947 0.8010338178801852
      vertex -28.140301168721784 16.406708580912724 0.9951847266721967
      vertex -27.998036798991922 15.93772580504032 0.9951847266721967
    endloop
  endfacet
  facet normal 0.4691268326923413 0.8776745724069186 0.0980171403295592
    outer loop
      vertex -29.48593826424005 17.777450917436614 0.8010338178801852
      vertex -29.493291419087274 17.759698831278214 0.9951847266721967
      vertex -29.061074417450993 17.528674030756363 0.9951847266721967
    endloop
  endfacet
  facet normal 0.8776745724069199 0.46912683269234196 0.09801714032954531
    outer loop
      vertex -28.140301168721784 16.406708580912724 0.9951847266721967
      vertex -28.35534951379001 16.84960070879279 0.8010338178801852
      vertex -28.371325969243635 16.838925582549006 0.9951847266721967
    endloop
  endfacet
  facet normal 0.769288196744544 0.6313385071030766 0.0980171403295679
    outer loop
      vertex -28.668646188508156 17.231353811491843 0.8010338178801852
      vertex -28.68223304703363 17.217766952966368 0.9951847266721967
      vertex -28.371325969243635 16.838925582549006 0.9951847266721967
    endloop
  endfacet
  facet normal 0.6313385071030779 0.7692881967445456 0.09801714032954603
    outer loop
      vertex -29.05039929120721 17.54465048620999 0.8010338178801852
      vertex -29.061074417450993 17.528674030756363 0.9951847266721967
      vertex -28.68223304703363 17.217766952966368 0.9951847266721967
    endloop
  endfacet
  facet normal -0.28888687719061307 0.9523324064572575 0.09801714032956056
    outer loop
      vertex -31.414061735759947 17.777450917436614 0.8010338178801852
      vertex -31.406708580912724 17.759698831278214 0.9951847266721967
      vertex -30.93772580504032 17.901963201008076 0.9951847266721967
    endloop
  endfacet
  facet normal -0.09754516100806264 0.9903926402016159 0.09801714032955447
    outer loop
      vertex -30.941474410873905 17.920808715155662 0.8010338178801852
      vertex -30.93772580504032 17.901963201008076 0.9951847266721967
      vertex -30.45 17.95 0.9951847266721967
    endloop
  endfacet
  facet normal 0.0975451610080625 0.9903926402016144 0.0980171403295697
    outer loop
      vertex -30.45 17.96921471959677 0.8010338178801852
      vertex -30.45 17.95 0.9951847266721967
      vertex -29.96227419495968 17.901963201008076 0.9951847266721967
    endloop
  endfacet
  facet normal 0.28888687719061307 0.9523324064572576 0.09801714032955709
    outer loop
      vertex -29.958525589126094 17.920808715155662 0.8010338178801852
      vertex -29.96227419495968 17.901963201008076 0.9951847266721967
      vertex -29.493291419087274 17.759698831278214 0.9951847266721967
    endloop
  endfacet
  facet normal 0.2560082295852071 -0.13683924960834 0.9569403357322098
    outer loop
      vertex -27.8580460020843 13.718111708123207 0.07575392663191494
      vertex -27.39666159171223 14.185265820772528 0.01912219546999383
      vertex -27.56997502680377 14.257054596128912 0.07575392663191494
    endloop
  endfacet
  facet normal 0.4157348061512762 -0.22221488349020066 0.881921264348353
    outer loop
      vertex -27.8580460020843 13.718111708123207 0.07575392663191494
      vertex -27.56997502680377 14.257054596128912 0.07575392663191494
      vertex -28.001796123196733 13.814162468248847 0.1677188678166508
    endloop
  endfacet
  facet normal 0.4157348061512757 -0.22221488349020016 0.8819212643483532
    outer loop
      vertex -28.001796123196733 13.814162468248847 0.1677188678166508
      vertex -27.56997502680377 14.257054596128912 0.07575392663191494
      vertex -27.729701603369833 14.323215510413998 0.1677188678166508
    endloop
  endfacet
  facet normal 0.45109855160134055 -0.13683924960834332 0.8819212643483534
    outer loop
      vertex -27.729701603369833 14.323215510413998 0.1677188678166508
      vertex -27.56997502680377 14.257054596128912 0.07575392663191494
      vertex -27.39258179610656 14.841841706993893 0.07575392663191494
    endloop
  endfacet
  facet normal 0.6070765223338189 -0.18415464974584175 0.773010453362736
    outer loop
      vertex -27.729701603369833 14.323215510413998 0.1677188678166508
      vertex -27.562146625364512 14.87557024860592 0.1677188678166508
      vertex -27.869703118648683 14.381206036795284 0.2914828579090054
    endloop
  endfacet
  facet normal 0.2777851165097987 -0.08426519384872731 0.9569403357322095
    outer loop
      vertex -27.56997502680377 14.257054596128912 0.07575392663191494
      vertex -27.208593234771236 14.805244106687907 0.01912219546999383
      vertex -27.39258179610656 14.841841706993893 0.07575392663191494
    endloop
  endfacet
  facet normal 0.4510985516013367 -0.13683924960834037 0.8819212643483558
    outer loop
      vertex -27.729701603369833 14.323215510413998 0.1677188678166508
      vertex -27.39258179610656 14.841841706993893 0.07575392663191494
      vertex -27.562146625364512 14.87557024860592 0.1677188678166508
    endloop
  endfacet
  facet normal 0.4691268326923444 -0.046204960104369634 0.8819212643483559
    outer loop
      vertex -27.39258179610656 14.841841706993893 0.07575392663191494
      vertex -27.33268343236509 15.45 0.07575392663191494
      vertex -27.562146625364512 14.87557024860592 0.1677188678166508
    endloop
  endfacet
  facet normal 0.6070765223338154 -0.18415464974583864 0.7730104533627395
    outer loop
      vertex -27.869703118648683 14.381206036795284 0.2914828579090054
      vertex -27.562146625364512 14.87557024860592 0.1677188678166508
      vertex -27.71077144124977 14.905133562585021 0.2914828579090054
    endloop
  endfacet
  facet normal 0.6313385071030716 -0.06218141555800068 0.7730104533627395
    outer loop
      vertex -27.71077144124977 14.905133562585021 0.2914828579090054
      vertex -27.562146625364512 14.87557024860592 0.1677188678166508
      vertex -27.5055702330196 15.45 0.1677188678166508
    endloop
  endfacet
  facet normal 0.7692881967445514 -0.075768274083473 0.6343932841636393
    outer loop
      vertex -27.71077144124977 14.905133562585021 0.2914828579090054
      vertex -27.65710678118655 15.45 0.2914828579090054
      vertex -27.83274467543761 14.929395547354279 0.4422897161773749
    endloop
  endfacet
  facet normal 0.7397248827654495 -0.22439308996872828 0.6343932841636396
    outer loop
      vertex -27.71077144124977 14.905133562585021 0.2914828579090054
      vertex -27.83274467543761 14.929395547354279 0.4422897161773749
      vertex -27.98459939292191 14.428797631865393 0.4422897161773749
    endloop
  endfacet
  facet normal 0.2888868771906072 -0.02845287394597107 0.9569403357322094
    outer loop
      vertex -27.39258179610656 14.841841706993893 0.07575392663191494
      vertex -27.145090322016127 15.45 0.01912219546999383
      vertex -27.33268343236509 15.45 0.07575392663191494
    endloop
  endfacet
  facet normal 0.469126832692351 -0.04620496010437286 0.8819212643483523
    outer loop
      vertex -27.562146625364512 14.87557024860592 0.1677188678166508
      vertex -27.33268343236509 15.45 0.07575392663191494
      vertex -27.5055702330196 15.45 0.1677188678166508
    endloop
  endfacet
  facet normal 0.46912683269235106 0.04620496010437029 0.8819212643483524
    outer loop
      vertex -27.33268343236509 15.45 0.07575392663191494
      vertex -27.39258179610656 16.058158293006105 0.07575392663191494
      vertex -27.5055702330196 15.45 0.1677188678166508
    endloop
  endfacet
  facet normal 0.6313385071030666 -0.06218141555799792 0.7730104533627437
    outer loop
      vertex -27.71077144124977 14.905133562585021 0.2914828579090054
      vertex -27.5055702330196 15.45 0.1677188678166508
      vertex -27.65710678118655 15.45 0.2914828579090054
    endloop
  endfacet
  facet normal 0.6313385071030665 0.062181415558000386 0.7730104533627435
    outer loop
      vertex -27.65710678118655 15.45 0.2914828579090054
      vertex -27.5055702330196 15.45 0.1677188678166508
      vertex -27.562146625364512 16.024429751394077 0.1677188678166508
    endloop
  endfacet
  facet normal 0.2888868771906071 0.028452873945971065 0.9569403357322094
    outer loop
      vertex -27.33268343236509 15.45 0.07575392663191494
      vertex -27.208593234771236 16.09475589331209 0.01912219546999383
      vertex -27.39258179610656 16.058158293006105 0.07575392663191494
    endloop
  endfacet
  facet normal 0.46912683269234356 0.046204960104372264 0.8819212643483563
    outer loop
      vertex -27.39258179610656 16.058158293006105 0.07575392663191494
      vertex -27.562146625364512 16.024429751394077 0.1677188678166508
      vertex -27.5055702330196 15.45 0.1677188678166508
    endloop
  endfacet
  facet normal 0.45109855160134027 0.13683924960834104 0.8819212643483539
    outer loop
      vertex -27.729701603369833 16.576784489586 0.1677188678166508
      vertex -27.562146625364512 16.024429751394077 0.1677188678166508
      vertex -27.56997502680377 16.64294540387109 0.07575392663191494
    endloop
  endfacet
  facet normal 0.45109855160133533 0.13683924960834135 0.8819212643483564
    outer loop
      vertex -27.39258179610656 16.058158293006105 0.07575392663191494
      vertex -27.56997502680377 16.64294540387109 0.07575392663191494
      vertex -27.562146625364512 16.024429751394077 0.1677188678166508
    endloop
  endfacet
  facet normal 0.6313385071030724 0.062181415557998485 0.7730104533627391
    outer loop
      vertex -27.65710678118655 15.45 0.2914828579090054
      vertex -27.562146625364512 16.024429751394077 0.1677188678166508
      vertex -27.71077144124977 15.994866437414977 0.2914828579090054
    endloop
  endfacet
  facet normal 0.6070765223338163 0.18415464974584034 0.7730104533627383
    outer loop
      vertex -27.729701603369833 16.576784489586 0.1677188678166508
      vertex -27.71077144124977 15.994866437414977 0.2914828579090054
      vertex -27.562146625364512 16.024429751394077 0.1677188678166508
    endloop
  endfacet
  facet normal 0.6070765223338196 0.18415464974583992 0.7730104533627359
    outer loop
      vertex -27.729701603369833 16.576784489586 0.1677188678166508
      vertex -27.869703118648683 16.518793963204715 0.2914828579090054
      vertex -27.71077144124977 15.994866437414977 0.2914828579090054
    endloop
  endfacet
  facet normal 0.7692881967445523 0.07576827408347309 0.6343932841636383
    outer loop
      vertex -27.65710678118655 15.45 0.2914828579090054
      vertex -27.71077144124977 15.994866437414977 0.2914828579090054
      vertex -27.781469612302544 15.45 0.4422897161773749
    endloop
  endfacet
  facet normal 0.7692881967445522 -0.0757682740834735 0.6343932841636383
    outer loop
      vertex -27.65710678118655 15.45 0.2914828579090054
      vertex -27.781469612302544 15.45 0.4422897161773749
      vertex -27.83274467543761 14.929395547354279 0.4422897161773749
    endloop
  endfacet
  facet normal 0.7692881967445514 0.07576827408347346 0.6343932841636393
    outer loop
      vertex -27.71077144124977 15.994866437414977 0.2914828579090054
      vertex -27.83274467543761 15.97060445264572 0.4422897161773749
      vertex -27.781469612302544 15.45 0.4422897161773749
    endloop
  endfacet
  facet normal 0.73972488276545 0.22439308996872578 0.6343932841636398
    outer loop
      vertex -27.71077144124977 15.994866437414977 0.2914828579090054
      vertex -27.869703118648683 16.518793963204715 0.2914828579090054
      vertex -27.83274467543761 15.97060445264572 0.4422897161773749
    endloop
  endfacet
  facet normal 0.2777851165097984 0.08426519384872697 0.9569403357322096
    outer loop
      vertex -27.39258179610656 16.058158293006105 0.07575392663191494
      vertex -27.39666159171223 16.71473417922747 0.01912219546999383
      vertex -27.56997502680377 16.64294540387109 0.07575392663191494
    endloop
  endfacet
  facet normal 0.2560082295852099 0.13683924960834198 0.9569403357322087
    outer loop
      vertex -27.70206803135182 17.286109439906237 0.01912219546999383
      vertex -27.8580460020843 17.181888291876792 0.07575392663191494
      vertex -27.56997502680377 16.64294540387109 0.07575392663191494
    endloop
  endfacet
  facet normal 0.41573480615127384 0.22221488349020013 0.8819212643483542
    outer loop
      vertex -27.729701603369833 16.576784489586 0.1677188678166508
      vertex -27.56997502680377 16.64294540387109 0.07575392663191494
      vertex -27.8580460020843 17.181888291876792 0.07575392663191494
    endloop
  endfacet
  facet normal 0.877674572406917 0.08644340032725667 0.4713967368259957
    outer loop
      vertex -27.781469612302544 15.45 0.4422897161773749
      vertex -27.83274467543761 15.97060445264572 0.4422897161773749
      vertex -27.873879532511285 15.45 0.6143440196319667
    endloop
  endfacet
  facet normal -0.8819212643483568 -0.47139673682599437 -2.8139112422523263e-18
    outer loop
      vertex -32.52867403075636 14.061074417450994 0.9951847266721967
      vertex -32.759698831278214 14.493291419087274 5
      vertex -32.759698831278214 14.493291419087274 0.9951847266721967
    endloop
  endfacet
  facet normal -0.9569403357322096 -0.2902846772544598 0
    outer loop
      vertex -32.90196320100807 14.96227419495968 0.9951847266721967
      vertex -32.759698831278214 14.493291419087274 0.9951847266721967
      vertex -32.90196320100807 14.96227419495968 5
    endloop
  endfacet
  facet normal -0.6343932841636442 -0.773010453362738 -7.610358526630436e-19
    outer loop
      vertex -31.838925582549006 13.371325969243635 0.9951847266721967
      vertex -32.21776695296637 13.68223304703363 5
      vertex -32.21776695296637 13.68223304703363 0.9951847266721967
    endloop
  endfacet
  facet normal -0.4713967368259957 -0.8819212643483562 0
    outer loop
      vertex -31.838925582549006 13.371325969243635 0.9951847266721967
      vertex -31.406708580912724 13.140301168721782 0.9951847266721967
      vertex -31.838925582549006 13.371325969243635 5
    endloop
  endfacet
  facet normal -0.2902846772544631 -0.9569403357322086 1.7104632416562736e-18
    outer loop
      vertex -30.93772580504032 12.998036798991922 0.9951847266721967
      vertex -31.406708580912724 13.140301168721782 5
      vertex -31.406708580912724 13.140301168721782 0.9951847266721967
    endloop
  endfacet
  facet normal -0.09801714032955905 -0.995184726672197 0
    outer loop
      vertex -30.93772580504032 12.998036798991922 0.9951847266721967
      vertex -30.45 12.95 0.9951847266721967
      vertex -30.93772580504032 12.998036798991922 5
    endloop
  endfacet
  facet normal 0.09801714032955905 -0.995184726672197 0
    outer loop
      vertex -30.45 12.95 0.9951847266721967
      vertex -29.96227419495968 12.998036798991922 0.9951847266721967
      vertex -30.45 12.95 5
    endloop
  endfacet
  facet normal -0.7730104533627401 -0.6343932841636416 0
    outer loop
      vertex -32.52867403075636 14.061074417450994 0.9951847266721967
      vertex -32.21776695296637 13.68223304703363 0.9951847266721967
      vertex -32.52867403075636 14.061074417450994 5
    endloop
  endfacet
  facet normal 0.2902846772544631 -0.9569403357322086 0
    outer loop
      vertex -29.96227419495968 12.998036798991922 0.9951847266721967
      vertex -29.493291419087274 13.140301168721782 0.9951847266721967
      vertex -29.96227419495968 12.998036798991922 5
    endloop
  endfacet
  facet normal 0.4713967368259957 -0.8819212643483562 0
    outer loop
      vertex -29.493291419087274 13.140301168721782 0.9951847266721967
      vertex -29.061074417450993 13.371325969243635 0.9951847266721967
      vertex -29.493291419087274 13.140301168721782 5
    endloop
  endfacet
  facet normal 0.6343932841636477 -0.7730104533627352 0
    outer loop
      vertex -29.061074417450993 13.371325969243635 0.9951847266721967
      vertex -28.68223304703363 13.68223304703363 0.9951847266721967
      vertex -29.061074417450993 13.371325969243635 5
    endloop
  endfacet
  facet normal 0.7730104533627365 -0.6343932841636459 0
    outer loop
      vertex -28.68223304703363 13.68223304703363 0.9951847266721967
      vertex -28.371325969243635 14.061074417450994 0.9951847266721967
      vertex -28.68223304703363 13.68223304703363 5
    endloop
  endfacet
  facet normal 0.8819212643483568 -0.47139673682599437 0
    outer loop
      vertex -28.371325969243635 14.061074417450994 0.9951847266721967
      vertex -28.140301168721784 14.493291419087274 0.9951847266721967
      vertex -28.371325969243635 14.061074417450994 5
    endloop
  endfacet
  facet normal 0.9569403357322076 -0.29028467725446644 0
    outer loop
      vertex -28.140301168721784 14.493291419087274 0.9951847266721967
      vertex -27.998036798991922 14.96227419495968 0.9951847266721967
      vertex -28.140301168721784 14.493291419087274 5
    endloop
  endfacet
  facet normal 0.995184726672197 -0.09801714032955905 0
    outer loop
      vertex -27.998036798991922 14.96227419495968 0.9951847266721967
      vertex -27.95 15.45 0.9951847266721967
      vertex -27.998036798991922 14.96227419495968 5
    endloop
  endfacet
  facet normal -0.9951847266721956 -0.0980171403295734 1.9650429053140413e-19
    outer loop
      vertex -32.90196320100807 14.96227419495968 0.9951847266721967
      vertex -32.95 15.45 5
      vertex -32.95 15.45 0.9951847266721967
    endloop
  endfacet
  facet normal -0.9951847266721956 0.0980171403295734 -1.9650429053140413e-19
    outer loop
      vertex -32.95 15.45 0.9951847266721967
      vertex -32.90196320100807 15.93772580504032 5
      vertex -32.90196320100807 15.93772580504032 0.9951847266721967
    endloop
  endfacet
  facet normal -0.9569403357322096 0.2902846772544598 -1.9211385580554913e-18
    outer loop
      vertex -32.90196320100807 15.93772580504032 0.9951847266721967
      vertex -32.759698831278214 16.406708580912724 5
      vertex -32.759698831278214 16.406708580912724 0.9951847266721967
    endloop
  endfacet
  facet normal -0.8819212643483576 0.47139673682599287 -2.1820857225960318e-19
    outer loop
      vertex -32.759698831278214 16.406708580912724 0.9951847266721967
      vertex -32.52867403075636 16.838925582549006 5
      vertex -32.52867403075636 16.838925582549006 0.9951847266721967
    endloop
  endfacet
  facet normal -0.7730104533627387 0.6343932841636434 -3.308909477994577e-18
    outer loop
      vertex -32.52867403075636 16.838925582549006 0.9951847266721967
      vertex -32.21776695296637 17.217766952966368 5
      vertex -32.21776695296637 17.217766952966368 0.9951847266721967
    endloop
  endfacet
  facet normal -0.6343932841636442 0.773010453362738 7.610358526630436e-19
    outer loop
      vertex -32.21776695296637 17.217766952966368 0.9951847266721967
      vertex -31.838925582549006 17.528674030756363 5
      vertex -31.838925582549006 17.528674030756363 0.9951847266721967
    endloop
  endfacet
  facet normal -0.47139673682599287 0.8819212643483576 -2.1820857225960318e-19
    outer loop
      vertex -31.838925582549006 17.528674030756363 0.9951847266721967
      vertex -31.406708580912724 17.759698831278214 5
      vertex -31.406708580912724 17.759698831278214 0.9951847266721967
    endloop
  endfacet
  facet normal 0.995184726672197 0.09801714032955905 0
    outer loop
      vertex -27.95 15.45 0.9951847266721967
      vertex -27.998036798991922 15.93772580504032 0.9951847266721967
      vertex -27.95 15.45 5
    endloop
  endfacet
  facet normal 0.9569403357322076 0.29028467725446644 0
    outer loop
      vertex -27.998036798991922 15.93772580504032 0.9951847266721967
      vertex -28.140301168721784 16.406708580912724 0.9951847266721967
      vertex -27.998036798991922 15.93772580504032 5
    endloop
  endfacet
  facet normal 0.47139673682599287 0.8819212643483576 2.1820857225960318e-19
    outer loop
      vertex -29.493291419087274 17.759698831278214 0.9951847266721967
      vertex -29.061074417450993 17.528674030756363 5
      vertex -29.061074417450993 17.528674030756363 0.9951847266721967
    endloop
  endfacet
  facet normal 0.7730104533627352 0.6343932841636477 3.4263488539820117e-18
    outer loop
      vertex -28.68223304703363 17.217766952966368 0.9951847266721967
      vertex -28.371325969243635 16.838925582549006 5
      vertex -28.371325969243635 16.838925582549006 0.9951847266721967
    endloop
  endfacet
  facet normal 0.8819212643483576 0.47139673682599287 0
    outer loop
      vertex -28.140301168721784 16.406708580912724 0.9951847266721967
      vertex -28.371325969243635 16.838925582549006 0.9951847266721967
      vertex -28.140301168721784 16.406708580912724 5
    endloop
  endfacet
  facet normal 0.6343932841636477 0.7730104533627352 0
    outer loop
      vertex -28.68223304703363 17.217766952966368 0.9951847266721967
      vertex -29.061074417450993 17.528674030756363 0.9951847266721967
      vertex -28.68223304703363 17.217766952966368 5
    endloop
  endfacet
  facet normal -0.29028467725446644 0.9569403357322076 -1.4997879252570566e-18
    outer loop
      vertex -31.406708580912724 17.759698831278214 0.9951847266721967
      vertex -30.93772580504032 17.901963201008076 5
      vertex -30.93772580504032 17.901963201008076 0.9951847266721967
    endloop
  endfacet
  facet normal -0.09801714032955905 0.995184726672197 4.6643517550284134e-20
    outer loop
      vertex -30.93772580504032 17.901963201008076 0.9951847266721967
      vertex -30.45 17.95 5
      vertex -30.45 17.95 0.9951847266721967
    endloop
  endfacet
  facet normal 0.09801714032955905 0.995184726672197 -4.6643517550284134e-20
    outer loop
      vertex -30.45 17.95 0.9951847266721967
      vertex -29.96227419495968 17.901963201008076 5
      vertex -29.96227419495968 17.901963201008076 0.9951847266721967
    endloop
  endfacet
  facet normal 0.29028467725446644 0.9569403357322076 1.4997879252570566e-18
    outer loop
      vertex -29.96227419495968 17.901963201008076 0.9951847266721967
      vertex -29.493291419087274 17.759698831278214 5
      vertex -29.493291419087274 17.759698831278214 0.9951847266721967
    endloop
  endfacet
  facet normal -0.8819212643483568 -0.47139673682599437 0
    outer loop
      vertex -32.52867403075636 14.061074417450994 0.9951847266721967
      vertex -32.52867403075636 14.061074417450994 5
      vertex -32.759698831278214 14.493291419087274 5
    endloop
  endfacet
  facet normal -0.9569403357322096 -0.2902846772544598 0
    outer loop
      vertex -32.759698831278214 14.493291419087274 0.9951847266721967
      vertex -32.759698831278214 14.493291419087274 5
      vertex -32.90196320100807 14.96227419495968 5
    endloop
  endfacet
  facet normal -0.9951847266721956 -0.0980171403295734 0
    outer loop
      vertex -32.90196320100807 14.96227419495968 0.9951847266721967
      vertex -32.90196320100807 14.96227419495968 5
      vertex -32.95 15.45 5
    endloop
  endfacet
  facet normal -0.4713967368259957 -0.8819212643483562 0
    outer loop
      vertex -31.406708580912724 13.140301168721782 0.9951847266721967
      vertex -31.406708580912724 13.140301168721782 5
      vertex -31.838925582549006 13.371325969243635 5
    endloop
  endfacet
  facet normal -0.6343932841636442 -0.773010453362738 0
    outer loop
      vertex -31.838925582549006 13.371325969243635 0.9951847266721967
      vertex -31.838925582549006 13.371325969243635 5
      vertex -32.21776695296637 13.68223304703363 5
    endloop
  endfacet
  facet normal -0.7730104533627401 -0.6343932841636416 0
    outer loop
      vertex -32.21776695296637 13.68223304703363 0.9951847266721967
      vertex -32.21776695296637 13.68223304703363 5
      vertex -32.52867403075636 14.061074417450994 5
    endloop
  endfacet
  facet normal -0.2902846772544631 -0.9569403357322086 0
    outer loop
      vertex -30.93772580504032 12.998036798991922 0.9951847266721967
      vertex -30.93772580504032 12.998036798991922 5
      vertex -31.406708580912724 13.140301168721782 5
    endloop
  endfacet
  facet normal -0.09801714032955905 -0.995184726672197 0
    outer loop
      vertex -30.45 12.95 0.9951847266721967
      vertex -30.45 12.95 5
      vertex -30.93772580504032 12.998036798991922 5
    endloop
  endfacet
  facet normal 0.09801714032955905 -0.995184726672197 0
    outer loop
      vertex -29.96227419495968 12.998036798991922 0.9951847266721967
      vertex -29.96227419495968 12.998036798991922 5
      vertex -30.45 12.95 5
    endloop
  endfacet
  facet normal 0.2902846772544631 -0.9569403357322086 0
    outer loop
      vertex -29.493291419087274 13.140301168721782 0.9951847266721967
      vertex -29.493291419087274 13.140301168721782 5
      vertex -29.96227419495968 12.998036798991922 5
    endloop
  endfacet
  facet normal 0.4713967368259957 -0.8819212643483562 0
    outer loop
      vertex -29.061074417450993 13.371325969243635 0.9951847266721967
      vertex -29.061074417450993 13.371325969243635 5
      vertex -29.493291419087274 13.140301168721782 5
    endloop
  endfacet
  facet normal 0.6343932841636477 -0.7730104533627352 0
    outer loop
      vertex -28.68223304703363 13.68223304703363 0.9951847266721967
      vertex -28.68223304703363 13.68223304703363 5
      vertex -29.061074417450993 13.371325969243635 5
    endloop
  endfacet
  facet normal 0.7730104533627365 -0.6343932841636459 0
    outer loop
      vertex -28.371325969243635 14.061074417450994 0.9951847266721967
      vertex -28.371325969243635 14.061074417450994 5
      vertex -28.68223304703363 13.68223304703363 5
    endloop
  endfacet
  facet normal 0.8819212643483568 -0.47139673682599437 0
    outer loop
      vertex -28.140301168721784 14.493291419087274 0.9951847266721967
      vertex -28.140301168721784 14.493291419087274 5
      vertex -28.371325969243635 14.061074417450994 5
    endloop
  endfacet
  facet normal 0.9569403357322076 -0.29028467725446644 0
    outer loop
      vertex -27.998036798991922 14.96227419495968 0.9951847266721967
      vertex -27.998036798991922 14.96227419495968 5
      vertex -28.140301168721784 14.493291419087274 5
    endloop
  endfacet
  facet normal 0 0 1
    outer loop
      vertex -32.90196320100807 14.96227419495968 5
      vertex -32.759698831278214 14.493291419087274 5
      vertex -31.921177920604844 15.157364516975807 5
    endloop
  endfacet
  facet normal 0 0 1
    outer loop
      vertex -31.838925582549006 13.371325969243635 5
      vertex -31.406708580912724 13.140301168721782 5
      vertex -31.2833553495294 14.202795581546182 5
    endloop
  endfacet
  facet normal 0 0 1
    outer loop
      vertex -31.838925582549006 13.371325969243635 5
      vertex -31.510660171779822 14.389339828220178 5
      vertex -32.21776695296637 13.68223304703363 5
    endloop
  endfacet
  facet normal 0 0 1
    outer loop
      vertex -30.93772580504032 12.998036798991922 5
      vertex -31.024025148547633 14.06418070123307 5
      vertex -31.406708580912724 13.140301168721782 5
    endloop
  endfacet
  facet normal 0 0 1
    outer loop
      vertex -31.406708580912724 13.140301168721782 5
      vertex -31.024025148547633 14.06418070123307 5
      vertex -31.2833553495294 14.202795581546182 5
    endloop
  endfacet
  facet normal 0 0 1
    outer loop
      vertex -30.93772580504032 12.998036798991922 5
      vertex -30.74263548302419 13.978822079395155 5
      vertex -31.024025148547633 14.06418070123307 5
    endloop
  endfacet
  facet normal 0 0 1
    outer loop
      vertex -30.93772580504032 12.998036798991922 5
      vertex -30.45 12.95 5
      vertex -30.74263548302419 13.978822079395155 5
    endloop
  endfacet
  facet normal 0 0 1
    outer loop
      vertex -30.45 12.95 5
      vertex -29.96227419495968 12.998036798991922 5
      vertex -30.45 13.95 5
    endloop
  endfacet
  facet normal 0 0 1
    outer loop
      vertex -30.45 12.95 5
      vertex -30.45 13.95 5
      vertex -30.74263548302419 13.978822079395155 5
    endloop
  endfacet
  facet normal 0 0 1
    outer loop
      vertex -29.96227419495968 12.998036798991922 5
      vertex -30.157364516975807 13.978822079395155 5
      vertex -30.45 13.95 5
    endloop
  endfacet
  facet normal 0 0 1
    outer loop
      vertex -32.52867403075636 14.061074417450994 5
      vertex -32.21776695296637 13.68223304703363 5
      vertex -31.69720441845382 14.616644650470596 5
    endloop
  endfacet
  facet normal 0 0 1
    outer loop
      vertex -32.52867403075636 14.061074417450994 5
      vertex -31.83581929876693 14.875974851452364 5
      vertex -32.759698831278214 14.493291419087274 5
    endloop
  endfacet
  facet normal 0 0 1
    outer loop
      vertex -32.52867403075636 14.061074417450994 5
      vertex -31.69720441845382 14.616644650470596 5
      vertex -31.83581929876693 14.875974851452364 5
    endloop
  endfacet
  facet normal 0 0 1
    outer loop
      vertex -32.21776695296637 13.68223304703363 5
      vertex -31.510660171779822 14.389339828220178 5
      vertex -31.69720441845382 14.616644650470596 5
    endloop
  endfacet
  facet normal 0 0 1
    outer loop
      vertex -31.838925582549006 13.371325969243635 5
      vertex -31.2833553495294 14.202795581546182 5
      vertex -31.510660171779822 14.389339828220178 5
    endloop
  endfacet
  facet normal 0 0 1
    outer loop
      vertex -32.759698831278214 14.493291419087274 5
      vertex -31.83581929876693 14.875974851452364 5
      vertex -31.921177920604844 15.157364516975807 5
    endloop
  endfacet
  facet normal 0 0 1
    outer loop
      vertex -29.96227419495968 12.998036798991922 5
      vertex -29.493291419087274 13.140301168721782 5
      vertex -30.157364516975807 13.978822079395155 5
    endloop
  endfacet
  facet normal 0 0 1
    outer loop
      vertex -30.157364516975807 13.978822079395155 5
      vertex -29.493291419087274 13.140301168721782 5
      vertex -29.875974851452366 14.06418070123307 5
    endloop
  endfacet
  facet normal 0 0 1
    outer loop
      vertex -29.875974851452366 14.06418070123307 5
      vertex -29.493291419087274 13.140301168721782 5
      vertex -29.061074417450993 13.371325969243635 5
    endloop
  endfacet
  facet normal 0 0 1
    outer loop
      vertex -29.875974851452366 14.06418070123307 5
      vertex -29.061074417450993 13.371325969243635 5
      vertex -29.616644650470597 14.202795581546182 5
    endloop
  endfacet
  facet normal 0 0 1
    outer loop
      vertex -29.061074417450993 13.371325969243635 5
      vertex -28.68223304703363 13.68223304703363 5
      vertex -29.616644650470597 14.202795581546182 5
    endloop
  endfacet
  facet normal 0 0 1
    outer loop
      vertex -29.616644650470597 14.202795581546182 5
      vertex -28.68223304703363 13.68223304703363 5
      vertex -29.389339828220177 14.389339828220178 5
    endloop
  endfacet
  facet normal 0 0 1
    outer loop
      vertex -28.68223304703363 13.68223304703363 5
      vertex -28.371325969243635 14.061074417450994 5
      vertex -29.389339828220177 14.389339828220178 5
    endloop
  endfacet
  facet normal 0 0 1
    outer loop
      vertex -28.371325969243635 14.061074417450994 5
      vertex -29.20279558154618 14.616644650470596 5
      vertex -29.389339828220177 14.389339828220178 5
    endloop
  endfacet
  facet normal 0 0 1
    outer loop
      vertex -28.371325969243635 14.061074417450994 5
      vertex -28.140301168721784 14.493291419087274 5
      vertex -29.20279558154618 14.616644650470596 5
    endloop
  endfacet
  facet normal 0 0 1
    outer loop
      vertex -29.20279558154618 14.616644650470596 5
      vertex -28.140301168721784 14.493291419087274 5
      vertex -29.06418070123307 14.875974851452364 5
    endloop
  endfacet
  facet normal 0 0 1
    outer loop
      vertex -29.06418070123307 14.875974851452364 5
      vertex -27.998036798991922 14.96227419495968 5
      vertex -28.978822079395155 15.157364516975807 5
    endloop
  endfacet
  facet normal 0 0 1
    outer loop
      vertex -29.06418070123307 14.875974851452364 5
      vertex -28.140301168721784 14.493291419087274 5
      vertex -27.998036798991922 14.96227419495968 5
    endloop
  endfacet
  facet normal -0.9951847266721956 0.0980171403295734 0
    outer loop
      vertex -32.95 15.45 0.9951847266721967
      vertex -32.95 15.45 5
      vertex -32.90196320100807 15.93772580504032 5
    endloop
  endfacet
  facet normal -0.9569403357322096 0.2902846772544598 0
    outer loop
      vertex -32.90196320100807 15.93772580504032 0.9951847266721967
      vertex -32.90196320100807 15.93772580504032 5
      vertex -32.759698831278214 16.406708580912724 5
    endloop
  endfacet
  facet normal -0.8819212643483576 0.47139673682599287 0
    outer loop
      vertex -32.759698831278214 16.406708580912724 0.9951847266721967
      vertex -32.759698831278214 16.406708580912724 5
      vertex -32.52867403075636 16.838925582549006 5
    endloop
  endfacet
  facet normal -0.7730104533627387 0.6343932841636434 0
    outer loop
      vertex -32.52867403075636 16.838925582549006 0.9951847266721967
      vertex -32.52867403075636 16.838925582549006 5
      vertex -32.21776695296637 17.217766952966368 5
    endloop
  endfacet
  facet normal -0.6343932841636442 0.773010453362738 0
    outer loop
      vertex -32.21776695296637 17.217766952966368 0.9951847266721967
      vertex -32.21776695296637 17.217766952966368 5
      vertex -31.838925582549006 17.528674030756363 5
    endloop
  endfacet
  facet normal -0.47139673682599287 0.8819212643483576 0
    outer loop
      vertex -31.838925582549006 17.528674030756363 0.9951847266721967
      vertex -31.838925582549006 17.528674030756363 5
      vertex -31.406708580912724 17.759698831278214 5
    endloop
  endfacet
  facet normal 0.995184726672197 -0.09801714032955905 0
    outer loop
      vertex -27.95 15.45 0.9951847266721967
      vertex -27.95 15.45 5
      vertex -27.998036798991922 14.96227419495968 5
    endloop
  endfacet
  facet normal 0.995184726672197 0.09801714032955905 0
    outer loop
      vertex -27.998036798991922 15.93772580504032 0.9951847266721967
      vertex -27.998036798991922 15.93772580504032 5
      vertex -27.95 15.45 5
    endloop
  endfacet
  facet normal 0.9569403357322076 0.29028467725446644 0
    outer loop
      vertex -28.140301168721784 16.406708580912724 0.9951847266721967
      vertex -28.140301168721784 16.406708580912724 5
      vertex -27.998036798991922 15.93772580504032 5
    endloop
  endfacet
  facet normal 0.47139673682599287 0.8819212643483576 0
    outer loop
      vertex -29.493291419087274 17.759698831278214 0.9951847266721967
      vertex -29.493291419087274 17.759698831278214 5
      vertex -29.061074417450993 17.528674030756363 5
    endloop
  endfacet
  facet normal 0.8819212643483576 0.47139673682599287 0
    outer loop
      vertex -28.371325969243635 16.838925582549006 0.9951847266721967
      vertex -28.371325969243635 16.838925582549006 5
      vertex -28.140301168721784 16.406708580912724 5
    endloop
  endfacet
  facet normal 0.7730104533627352 0.6343932841636477 0
    outer loop
      vertex -28.68223304703363 17.217766952966368 0.9951847266721967
      vertex -28.68223304703363 17.217766952966368 5
      vertex -28.371325969243635 16.838925582549006 5
    endloop
  endfacet
  facet normal 0.6343932841636477 0.7730104533627352 0
    outer loop
      vertex -29.061074417450993 17.528674030756363 0.9951847266721967
      vertex -29.061074417450993 17.528674030756363 5
      vertex -28.68223304703363 17.217766952966368 5
    endloop
  endfacet
  facet normal -0.29028467725446644 0.9569403357322076 0
    outer loop
      vertex -31.406708580912724 17.759698831278214 0.9951847266721967
      vertex -31.406708580912724 17.759698831278214 5
      vertex -30.93772580504032 17.901963201008076 5
    endloop
  endfacet
  facet normal -0.09801714032955905 0.995184726672197 0
    outer loop
      vertex -30.93772580504032 17.901963201008076 0.9951847266721967
      vertex -30.93772580504032 17.901963201008076 5
      vertex -30.45 17.95 5
    endloop
  endfacet
  facet normal 0.09801714032955905 0.995184726672197 0
    outer loop
      vertex -30.45 17.95 0.9951847266721967
      vertex -30.45 17.95 5
      vertex -29.96227419495968 17.901963201008076 5
    endloop
  endfacet
  facet normal 0.29028467725446644 0.9569403357322076 0
    outer loop
      vertex -29.96227419495968 17.901963201008076 0.9951847266721967
      vertex -29.96227419495968 17.901963201008076 5
      vertex -29.493291419087274 17.759698831278214 5
    endloop
  endfacet
  facet normal 0 0 1
    outer loop
      vertex -32.90196320100807 14.96227419495968 5
      vertex -31.95 15.45 5
      vertex -32.95 15.45 5
    endloop
  endfacet
  facet normal 0 0 1
    outer loop
      vertex -32.95 15.45 5
      vertex -31.921177920604844 15.742635483024191 5
      vertex -32.90196320100807 15.93772580504032 5
    endloop
  endfacet
  facet normal 0 0 1
    outer loop
      vertex -32.90196320100807 15.93772580504032 5
      vertex -31.83581929876693 16.024025148547633 5
      vertex -32.759698831278214 16.406708580912724 5
    endloop
  endfacet
  facet normal 0 0 1
    outer loop
      vertex -32.90196320100807 14.96227419495968 5
      vertex -31.921177920604844 15.157364516975807 5
      vertex -31.95 15.45 5
    endloop
  endfacet
  facet normal 0 0 1
    outer loop
      vertex -32.95 15.45 5
      vertex -31.95 15.45 5
      vertex -31.921177920604844 15.742635483024191 5
    endloop
  endfacet
  facet normal 0 0 1
    outer loop
      vertex -32.90196320100807 15.93772580504032 5
      vertex -31.921177920604844 15.742635483024191 5
      vertex -31.83581929876693 16.024025148547633 5
    endloop
  endfacet
  facet normal 0 0 1
    outer loop
      vertex -32.759698831278214 16.406708580912724 5
      vertex -31.83581929876693 16.024025148547633 5
      vertex -31.69720441845382 16.2833553495294 5
    endloop
  endfacet
  facet normal 0 0 1
    outer loop
      vertex -32.759698831278214 16.406708580912724 5
      vertex -31.69720441845382 16.2833553495294 5
      vertex -32.52867403075636 16.838925582549006 5
    endloop
  endfacet
  facet normal 0 0 1
    outer loop
      vertex -31.69720441845382 16.2833553495294 5
      vertex -31.510660171779822 16.510660171779822 5
      vertex -32.52867403075636 16.838925582549006 5
    endloop
  endfacet
  facet normal 0 0 1
    outer loop
      vertex -31.510660171779822 16.510660171779822 5
      vertex -32.21776695296637 17.217766952966368 5
      vertex -32.52867403075636 16.838925582549006 5
    endloop
  endfacet
  facet normal 0 0 1
    outer loop
      vertex -31.510660171779822 16.510660171779822 5
      vertex -31.2833553495294 16.69720441845382 5
      vertex -32.21776695296637 17.217766952966368 5
    endloop
  endfacet
  facet normal 0 0 1
    outer loop
      vertex -31.838925582549006 17.528674030756363 5
      vertex -31.2833553495294 16.69720441845382 5
      vertex -31.024025148547633 16.83581929876693 5
    endloop
  endfacet
  facet normal 0 0 1
    outer loop
      vertex -32.21776695296637 17.217766952966368 5
      vertex -31.2833553495294 16.69720441845382 5
      vertex -31.838925582549006 17.528674030756363 5
    endloop
  endfacet
  facet normal 0 0 1
    outer loop
      vertex -31.838925582549006 17.528674030756363 5
      vertex -31.024025148547633 16.83581929876693 5
      vertex -31.406708580912724 17.759698831278214 5
    endloop
  endfacet
  facet normal 0 0 1
    outer loop
      vertex -31.024025148547633 16.83581929876693 5
      vertex -30.74263548302419 16.921177920604844 5
      vertex -31.406708580912724 17.759698831278214 5
    endloop
  endfacet
  facet normal 0 0 1
    outer loop
      vertex -31.406708580912724 17.759698831278214 5
      vertex -30.74263548302419 16.921177920604844 5
      vertex -30.93772580504032 17.901963201008076 5
    endloop
  endfacet
  facet normal 0 0 1
    outer loop
      vertex -30.74263548302419 16.921177920604844 5
      vertex -30.45 16.95 5
      vertex -30.93772580504032 17.901963201008076 5
    endloop
  endfacet
  facet normal 0 0 1
    outer loop
      vertex -30.45 16.95 5
      vertex -30.157364516975807 16.921177920604844 5
      vertex -30.45 17.95 5
    endloop
  endfacet
  facet normal 0 0 1
    outer loop
      vertex -30.45 16.95 5
      vertex -30.45 17.95 5
      vertex -30.93772580504032 17.901963201008076 5
    endloop
  endfacet
  facet normal 0 0 1
    outer loop
      vertex -30.157364516975807 16.921177920604844 5
      vertex -29.96227419495968 17.901963201008076 5
      vertex -30.45 17.95 5
    endloop
  endfacet
  facet normal 0 0 1
    outer loop
      vertex -28.978822079395155 15.157364516975807 5
      vertex -27.95 15.45 5
      vertex -28.95 15.45 5
    endloop
  endfacet
  facet normal 0 0 1
    outer loop
      vertex -28.95 15.45 5
      vertex -27.998036798991922 15.93772580504032 5
      vertex -28.978822079395155 15.742635483024191 5
    endloop
  endfacet
  facet normal 0 0 1
    outer loop
      vertex -28.978822079395155 15.157364516975807 5
      vertex -27.998036798991922 14.96227419495968 5
      vertex -27.95 15.45 5
    endloop
  endfacet
  facet normal 0 0 1
    outer loop
      vertex -28.95 15.45 5
      vertex -27.95 15.45 5
      vertex -27.998036798991922 15.93772580504032 5
    endloop
  endfacet
  facet normal 0 0 1
    outer loop
      vertex -28.978822079395155 15.742635483024191 5
      vertex -28.140301168721784 16.406708580912724 5
      vertex -29.06418070123307 16.024025148547633 5
    endloop
  endfacet
  facet normal 0 0 1
    outer loop
      vertex -29.20279558154618 16.2833553495294 5
      vertex -29.06418070123307 16.024025148547633 5
      vertex -28.371325969243635 16.838925582549006 5
    endloop
  endfacet
  facet normal 0 0 1
    outer loop
      vertex -29.06418070123307 16.024025148547633 5
      vertex -28.140301168721784 16.406708580912724 5
      vertex -28.371325969243635 16.838925582549006 5
    endloop
  endfacet
  facet normal 0 0 1
    outer loop
      vertex -28.978822079395155 15.742635483024191 5
      vertex -27.998036798991922 15.93772580504032 5
      vertex -28.140301168721784 16.406708580912724 5
    endloop
  endfacet
  facet normal 0 0 1
    outer loop
      vertex -29.20279558154618 16.2833553495294 5
      vertex -28.68223304703363 17.217766952966368 5
      vertex -29.389339828220177 16.510660171779822 5
    endloop
  endfacet
  facet normal 0 0 1
    outer loop
      vertex -29.389339828220177 16.510660171779822 5
      vertex -29.061074417450993 17.528674030756363 5
      vertex -29.616644650470597 16.69720441845382 5
    endloop
  endfacet
  facet normal 0 0 1
    outer loop
      vertex -29.389339828220177 16.510660171779822 5
      vertex -28.68223304703363 17.217766952966368 5
      vertex -29.061074417450993 17.528674030756363 5
    endloop
  endfacet
  facet normal 0 0 1
    outer loop
      vertex -29.875974851452366 16.83581929876693 5
      vertex -29.96227419495968 17.901963201008076 5
      vertex -30.157364516975807 16.921177920604844 5
    endloop
  endfacet
  facet normal 0 0 1
    outer loop
      vertex -29.875974851452366 16.83581929876693 5
      vertex -29.616644650470597 16.69720441845382 5
      vertex -29.493291419087274 17.759698831278214 5
    endloop
  endfacet
  facet normal 0 0 1
    outer loop
      vertex -29.875974851452366 16.83581929876693 5
      vertex -29.493291419087274 17.759698831278214 5
      vertex -29.96227419495968 17.901963201008076 5
    endloop
  endfacet
  facet normal 0 0 1
    outer loop
      vertex -29.616644650470597 16.69720441845382 5
      vertex -29.061074417450993 17.528674030756363 5
      vertex -29.493291419087274 17.759698831278214 5
    endloop
  endfacet
  facet normal 0 0 1
    outer loop
      vertex -29.20279558154618 16.2833553495294 5
      vertex -28.371325969243635 16.838925582549006 5
      vertex -28.68223304703363 17.217766952966368 5
    endloop
  endfacet
  facet normal -0.06218141555799724 -0.07576827408347153 0.9951847266721972
    outer loop
      vertex -32.786924044511444 -17.786924044511444 0.01912219546999383
      vertex -32.394495815568604 -18.36014364305891 0
      vertex -32.286109439906234 -18.197931968648177 0.01912219546999383
    endloop
  endfacet
  facet normal -0.06218141555799802 -0.07576827408347209 0.995184726672197
    outer loop
      vertex -32.786924044511444 -17.786924044511444 0.01912219546999383
      vertex -32.92487373415292 -17.924873734152914 0
      vertex -32.394495815568604 -18.36014364305891 0
    endloop
  endfacet
  facet normal -0.18415464974584325 -0.2243930899687315 0.9569403357322078
    outer loop
      vertex -32.786924044511444 -17.786924044511444 0.01912219546999383
      vertex -32.286109439906234 -18.197931968648177 0.01912219546999383
      vertex -32.65427568407982 -17.654275684079817 0.07575392663191494
    endloop
  endfacet
  facet normal -0.07576827408347254 -0.06218141555799822 0.9951847266721969
    outer loop
      vertex -33.19793196864818 -17.286109439906237 0.01912219546999383
      vertex -33.360143643058905 -17.394495815568607 0
      vertex -32.92487373415292 -17.924873734152914 0
    endloop
  endfacet
  facet normal -0.08644340032725574 -0.04620496010437088 0.9951847266721968
    outer loop
      vertex -33.19793196864818 -17.286109439906237 0.01912219546999383
      vertex -33.50333840828777 -16.71473417922747 0.01912219546999383
      vertex -33.360143643058905 -17.394495815568607 0
    endloop
  endfacet
  facet normal -0.07576827408347184 -0.06218141555799792 0.995184726672197
    outer loop
      vertex -32.786924044511444 -17.786924044511444 0.01912219546999383
      vertex -33.19793196864818 -17.286109439906237 0.01912219546999383
      vertex -32.92487373415292 -17.924873734152914 0
    endloop
  endfacet
  facet normal -0.22439308996872825 -0.1841546497458419 0.9569403357322087
    outer loop
      vertex -32.786924044511444 -17.786924044511444 0.01912219546999383
      vertex -33.0419539979157 -17.181888291876792 0.07575392663191494
      vertex -33.19793196864818 -17.286109439906237 0.01912219546999383
    endloop
  endfacet
  facet normal -0.0864434003272571 -0.046204960104371175 0.9951847266721969
    outer loop
      vertex -33.50333840828777 -16.71473417922747 0.01912219546999383
      vertex -33.6835783637895 -16.789392013277812 0
      vertex -33.360143643058905 -17.394495815568607 0
    endloop
  endfacet
  facet normal -0.2560082295852117 -0.1368392496083437 0.956940335732208
    outer loop
      vertex -33.19793196864818 -17.286109439906237 0.01912219546999383
      vertex -33.33002497319623 -16.64294540387109 0.07575392663191494
      vertex -33.50333840828777 -16.71473417922747 0.01912219546999383
    endloop
  endfacet
  facet normal -0.09379655517448174 -0.028452873945972162 0.9951847266721967
    outer loop
      vertex -33.50333840828777 -16.71473417922747 0.01912219546999383
      vertex -33.69140676522876 -16.09475589331209 0.01912219546999383
      vertex -33.6835783637895 -16.789392013277812 0
    endloop
  endfacet
  facet normal -0.09379655517448104 -0.02845287394597216 0.9951847266721969
    outer loop
      vertex -33.69140676522876 -16.09475589331209 0.01912219546999383
      vertex -33.882748481411305 -16.132816127056447 0
      vertex -33.6835783637895 -16.789392013277812 0
    endloop
  endfacet
  facet normal -0.09754516100806472 -0.00960735979838409 0.9951847266721969
    outer loop
      vertex -33.69140676522876 -16.09475589331209 0.01912219546999383
      vertex -33.75490967798387 -15.45 0.01912219546999383
      vertex -33.882748481411305 -16.132816127056447 0
    endloop
  endfacet
  facet normal -0.09754516100805984 -0.00960735979838501 0.9951847266721972
    outer loop
      vertex -33.75490967798387 -15.45 0.01912219546999383
      vertex -33.95 -15.45 0
      vertex -33.882748481411305 -16.132816127056447 0
    endloop
  endfacet
  facet normal -0.28888687719061723 -0.02845287394597046 0.9569403357322066
    outer loop
      vertex -33.69140676522876 -16.09475589331209 0.01912219546999383
      vertex -33.56731656763491 -15.45 0.07575392663191494
      vertex -33.75490967798387 -15.45 0.01912219546999383
    endloop
  endfacet
  facet normal -0.09754516100805988 0.009607359798383586 0.9951847266721975
    outer loop
      vertex -33.75490967798387 -15.45 0.01912219546999383
      vertex -33.69140676522876 -14.805244106687907 0.01912219546999383
      vertex -33.95 -15.45 0
    endloop
  endfacet
  facet normal -0.2777851165097949 -0.08426519384872555 0.9569403357322108
    outer loop
      vertex -33.50333840828777 -16.71473417922747 0.01912219546999383
      vertex -33.50741820389344 -16.058158293006105 0.07575392663191494
      vertex -33.69140676522876 -16.09475589331209 0.01912219546999383
    endloop
  endfacet
  facet normal -0.046204960104370016 -0.08644340032725444 0.995184726672197
    outer loop
      vertex -32.286109439906234 -18.197931968648177 0.01912219546999383
      vertex -32.394495815568604 -18.36014364305891 0
      vertex -31.789392013277812 -18.683578363789504 0
    endloop
  endfacet
  facet normal -0.046204960104371036 -0.08644340032725549 0.995184726672197
    outer loop
      vertex -32.286109439906234 -18.197931968648177 0.01912219546999383
      vertex -31.789392013277812 -18.683578363789504 0
      vertex -31.71473417922747 -18.503338408287767 0.01912219546999383
    endloop
  endfacet
  facet normal -0.028452873945971405 -0.09379655517448023 0.995184726672197
    outer loop
      vertex -31.71473417922747 -18.503338408287767 0.01912219546999383
      vertex -31.789392013277812 -18.683578363789504 0
      vertex -31.132816127056447 -18.882748481411305 0
    endloop
  endfacet
  facet normal -0.08426519384872667 -0.27778511650979865 0.9569403357322097
    outer loop
      vertex -31.71473417922747 -18.503338408287767 0.01912219546999383
      vertex -31.09475589331209 -18.691406765228763 0.01912219546999383
      vertex -31.64294540387109 -18.330024973196227 0.07575392663191494
    endloop
  endfacet
  facet normal -0.13683924960834545 -0.25600822958521335 0.9569403357322074
    outer loop
      vertex -32.286109439906234 -18.197931968648177 0.01912219546999383
      vertex -31.71473417922747 -18.503338408287767 0.01912219546999383
      vertex -32.181888291876795 -18.041953997915698 0.07575392663191494
    endloop
  endfacet
  facet normal -0.028452873945971967 -0.0937965551744811 0.995184726672197
    outer loop
      vertex -31.71473417922747 -18.503338408287767 0.01912219546999383
      vertex -31.132816127056447 -18.882748481411305 0
      vertex -31.09475589331209 -18.691406765228763 0.01912219546999383
    endloop
  endfacet
  facet normal -0.009607359798384965 -0.09754516100806455 0.9951847266721969
    outer loop
      vertex -31.09475589331209 -18.691406765228763 0.01912219546999383
      vertex -31.132816127056447 -18.882748481411305 0
      vertex -30.45 -18.95 0
    endloop
  endfacet
  facet normal -0.028452873945971048 -0.2888868771906071 0.9569403357322094
    outer loop
      vertex -31.09475589331209 -18.691406765228763 0.01912219546999383
      vertex -30.45 -18.75490967798387 0.01912219546999383
      vertex -31.058158293006105 -18.50741820389344 0.07575392663191494
    endloop
  endfacet
  facet normal -0.009607359798384498 -0.09754516100806339 0.995184726672197
    outer loop
      vertex -31.09475589331209 -18.691406765228763 0.01912219546999383
      vertex -30.45 -18.95 0
      vertex -30.45 -18.75490967798387 0.01912219546999383
    endloop
  endfacet
  facet normal 0.009607359798384852 -0.09754516100806337 0.995184726672197
    outer loop
      vertex -30.45 -18.75490967798387 0.01912219546999383
      vertex -30.45 -18.95 0
      vertex -29.76718387294355 -18.882748481411305 0
    endloop
  endfacet
  facet normal 0.028452873945971055 -0.2888868771906072 0.9569403357322094
    outer loop
      vertex -30.45 -18.75490967798387 0.01912219546999383
      vertex -29.80524410668791 -18.691406765228763 0.01912219546999383
      vertex -30.45 -18.567316567634908 0.07575392663191494
    endloop
  endfacet
  facet normal 0.009607359798384618 -0.09754516100806461 0.9951847266721969
    outer loop
      vertex -30.45 -18.75490967798387 0.01912219546999383
      vertex -29.76718387294355 -18.882748481411305 0
      vertex -29.80524410668791 -18.691406765228763 0.01912219546999383
    endloop
  endfacet
  facet normal 0.08426519384872695 -0.27778511650979953 0.9569403357322093
    outer loop
      vertex -29.80524410668791 -18.691406765228763 0.01912219546999383
      vertex -29.18526582077253 -18.503338408287767 0.01912219546999383
      vertex -29.841841706993893 -18.50741820389344 0.07575392663191494
    endloop
  endfacet
  facet normal 0.028452873945971676 -0.09379655517448113 0.9951847266721967
    outer loop
      vertex -29.80524410668791 -18.691406765228763 0.01912219546999383
      vertex -29.76718387294355 -18.882748481411305 0
      vertex -29.110607986722187 -18.683578363789504 0
    endloop
  endfacet
  facet normal 0.028452873945971676 -0.09379655517448013 0.995184726672197
    outer loop
      vertex -29.80524410668791 -18.691406765228763 0.01912219546999383
      vertex -29.110607986722187 -18.683578363789504 0
      vertex -29.18526582077253 -18.503338408287767 0.01912219546999383
    endloop
  endfacet
  facet normal 0.1368392496083416 -0.25600822958520775 0.9569403357322095
    outer loop
      vertex -29.18526582077253 -18.503338408287767 0.01912219546999383
      vertex -28.61389056009376 -18.197931968648177 0.01912219546999383
      vertex -29.25705459612891 -18.330024973196227 0.07575392663191494
    endloop
  endfacet
  facet normal 0.04620496010437044 -0.08644340032725571 0.995184726672197
    outer loop
      vertex -29.18526582077253 -18.503338408287767 0.01912219546999383
      vertex -29.110607986722187 -18.683578363789504 0
      vertex -28.50550418443139 -18.36014364305891 0
    endloop
  endfacet
  facet normal 0.046204960104370155 -0.08644340032725437 0.9951847266721972
    outer loop
      vertex -29.18526582077253 -18.503338408287767 0.01912219546999383
      vertex -28.50550418443139 -18.36014364305891 0
      vertex -28.61389056009376 -18.197931968648177 0.01912219546999383
    endloop
  endfacet
  facet normal 0.1841546497458419 -0.22439308996872825 0.9569403357322087
    outer loop
      vertex -28.718111708123207 -18.041953997915698 0.07575392663191494
      vertex -28.61389056009376 -18.197931968648177 0.01912219546999383
      vertex -28.113075955488554 -17.786924044511444 0.01912219546999383
    endloop
  endfacet
  facet normal 0.062181415557998006 -0.07576827408347103 0.995184726672197
    outer loop
      vertex -28.61389056009376 -18.197931968648177 0.01912219546999383
      vertex -28.50550418443139 -18.36014364305891 0
      vertex -27.975126265847084 -17.924873734152914 0
    endloop
  endfacet
  facet normal 0.0621814155579988 -0.07576827408347289 0.995184726672197
    outer loop
      vertex -28.61389056009376 -18.197931968648177 0.01912219546999383
      vertex -27.975126265847084 -17.924873734152914 0
      vertex -28.113075955488554 -17.786924044511444 0.01912219546999383
    endloop
  endfacet
  facet normal 0.0757682740834725 -0.06218141555799919 0.9951847266721969
    outer loop
      vertex -28.113075955488554 -17.786924044511444 0.01912219546999383
      vertex -27.975126265847084 -17.924873734152914 0
      vertex -27.53985635694109 -17.394495815568607 0
    endloop
  endfacet
  facet normal 0.22439308996872828 -0.18415464974584192 0.9569403357322087
    outer loop
      vertex -28.113075955488554 -17.786924044511444 0.01912219546999383
      vertex -27.70206803135182 -17.286109439906237 0.01912219546999383
      vertex -28.24572431592018 -17.654275684079817 0.07575392663191494
    endloop
  endfacet
  facet normal -0.2888868771906022 0.028452873945968894 0.956940335732211
    outer loop
      vertex -33.75490967798387 -15.45 0.01912219546999383
      vertex -33.50741820389344 -14.841841706993893 0.07575392663191494
      vertex -33.69140676522876 -14.805244106687907 0.01912219546999383
    endloop
  endfacet
  facet normal -0.09754516100806447 0.009607359798385442 0.9951847266721969
    outer loop
      vertex -33.69140676522876 -14.805244106687907 0.01912219546999383
      vertex -33.882748481411305 -14.76718387294355 0
      vertex -33.95 -15.45 0
    endloop
  endfacet
  facet normal -0.09379655517448107 0.028452873945972044 0.9951847266721969
    outer loop
      vertex -33.69140676522876 -14.805244106687907 0.01912219546999383
      vertex -33.50333840828777 -14.185265820772528 0.01912219546999383
      vertex -33.882748481411305 -14.76718387294355 0
    endloop
  endfacet
  facet normal -0.09379655517448143 0.02845287394597227 0.9951847266721967
    outer loop
      vertex -33.50333840828777 -14.185265820772528 0.01912219546999383
      vertex -33.6835783637895 -14.110607986722185 0
      vertex -33.882748481411305 -14.76718387294355 0
    endloop
  endfacet
  facet normal -0.2777851165098024 0.08426519384872806 0.9569403357322084
    outer loop
      vertex -33.69140676522876 -14.805244106687907 0.01912219546999383
      vertex -33.33002497319623 -14.257054596128912 0.07575392663191494
      vertex -33.50333840828777 -14.185265820772528 0.01912219546999383
    endloop
  endfacet
  facet normal -0.08644340032725657 0.04620496010437133 0.9951847266721968
    outer loop
      vertex -33.50333840828777 -14.185265820772528 0.01912219546999383
      vertex -33.19793196864818 -13.613890560093761 0.01912219546999383
      vertex -33.6835783637895 -14.110607986722185 0
    endloop
  endfacet
  facet normal -0.08644340032725589 0.04620496010437067 0.995184726672197
    outer loop
      vertex -33.19793196864818 -13.613890560093761 0.01912219546999383
      vertex -33.360143643058905 -13.505504184431391 0
      vertex -33.6835783637895 -14.110607986722185 0
    endloop
  endfacet
  facet normal -0.2560082295852096 0.13683924960834257 0.9569403357322087
    outer loop
      vertex -33.50333840828777 -14.185265820772528 0.01912219546999383
      vertex -33.0419539979157 -13.718111708123207 0.07575392663191494
      vertex -33.19793196864818 -13.613890560093761 0.01912219546999383
    endloop
  endfacet
  facet normal -0.07576827408347242 0.0621814155579984 0.995184726672197
    outer loop
      vertex -33.19793196864818 -13.613890560093761 0.01912219546999383
      vertex -32.786924044511444 -13.113075955488554 0.01912219546999383
      vertex -33.360143643058905 -13.505504184431391 0
    endloop
  endfacet
  facet normal -0.22439308996873134 0.18415464974584442 0.9569403357322077
    outer loop
      vertex -33.19793196864818 -13.613890560093761 0.01912219546999383
      vertex -32.65427568407982 -13.245724315920182 0.07575392663191494
      vertex -32.786924044511444 -13.113075955488554 0.01912219546999383
    endloop
  endfacet
  facet normal -0.07576827408347166 0.06218141555799728 0.995184726672197
    outer loop
      vertex -32.786924044511444 -13.113075955488554 0.01912219546999383
      vertex -32.92487373415292 -12.975126265847083 0
      vertex -33.360143643058905 -13.505504184431391 0
    endloop
  endfacet
  facet normal -0.06218141555799754 0.07576827408347159 0.9951847266721972
    outer loop
      vertex -32.786924044511444 -13.113075955488554 0.01912219546999383
      vertex -32.286109439906234 -12.70206803135182 0.01912219546999383
      vertex -32.92487373415292 -12.975126265847083 0
    endloop
  endfacet
  facet normal -0.06218141555799775 0.07576827408347205 0.995184726672197
    outer loop
      vertex -32.286109439906234 -12.70206803135182 0.01912219546999383
      vertex -32.394495815568604 -12.53985635694109 0
      vertex -32.92487373415292 -12.975126265847083 0
    endloop
  endfacet
  facet normal -0.18415464974584442 0.22439308996873195 0.9569403357322075
    outer loop
      vertex -32.786924044511444 -13.113075955488554 0.01912219546999383
      vertex -32.181888291876795 -12.8580460020843 0.07575392663191494
      vertex -32.286109439906234 -12.70206803135182 0.01912219546999383
    endloop
  endfacet
  facet normal 0.22439308996872825 0.18415464974584192 0.9569403357322087
    outer loop
      vertex -27.8580460020843 -13.718111708123207 0.07575392663191494
      vertex -27.70206803135182 -13.613890560093761 0.01912219546999383
      vertex -28.113075955488554 -13.113075955488554 0.01912219546999383
    endloop
  endfacet
  facet normal 0.1841546497458424 0.22439308996872784 0.9569403357322088
    outer loop
      vertex -28.24572431592018 -13.245724315920182 0.07575392663191494
      vertex -28.113075955488554 -13.113075955488554 0.01912219546999383
      vertex -28.61389056009376 -12.70206803135182 0.01912219546999383
    endloop
  endfacet
  facet normal 0.07576827408347246 0.06218141555799844 0.995184726672197
    outer loop
      vertex -27.70206803135182 -13.613890560093761 0.01912219546999383
      vertex -27.975126265847084 -12.975126265847083 0
      vertex -28.113075955488554 -13.113075955488554 0.01912219546999383
    endloop
  endfacet
  facet normal 0.06218141555799861 0.0757682740834721 0.995184726672197
    outer loop
      vertex -28.113075955488554 -13.113075955488554 0.01912219546999383
      vertex -27.975126265847084 -12.975126265847083 0
      vertex -28.50550418443139 -12.53985635694109 0
    endloop
  endfacet
  facet normal 0.062181415557998145 0.07576827408347178 0.995184726672197
    outer loop
      vertex -28.113075955488554 -13.113075955488554 0.01912219546999383
      vertex -28.50550418443139 -12.53985635694109 0
      vertex -28.61389056009376 -12.70206803135182 0.01912219546999383
    endloop
  endfacet
  facet normal -0.046204960104370335 0.08644340032725518 0.995184726672197
    outer loop
      vertex -32.286109439906234 -12.70206803135182 0.01912219546999383
      vertex -31.71473417922747 -12.396661591712233 0.01912219546999383
      vertex -32.394495815568604 -12.53985635694109 0
    endloop
  endfacet
  facet normal -0.04620496010437044 0.0864434003272557 0.9951847266721968
    outer loop
      vertex -31.71473417922747 -12.396661591712233 0.01912219546999383
      vertex -31.789392013277812 -12.216421636210496 0
      vertex -32.394495815568604 -12.53985635694109 0
    endloop
  endfacet
  facet normal -0.13683924960834307 0.2560082295852119 0.9569403357322079
    outer loop
      vertex -32.286109439906234 -12.70206803135182 0.01912219546999383
      vertex -31.64294540387109 -12.56997502680377 0.07575392663191494
      vertex -31.71473417922747 -12.396661591712233 0.01912219546999383
    endloop
  endfacet
  facet normal -0.028452873945971676 0.09379655517448013 0.995184726672197
    outer loop
      vertex -31.71473417922747 -12.396661591712233 0.01912219546999383
      vertex -31.09475589331209 -12.208593234771238 0.01912219546999383
      vertex -31.789392013277812 -12.216421636210496 0
    endloop
  endfacet
  facet normal -0.02845287394597167 0.09379655517448027 0.995184726672197
    outer loop
      vertex -31.09475589331209 -12.208593234771238 0.01912219546999383
      vertex -31.132816127056447 -12.017251518588694 0
      vertex -31.789392013277812 -12.216421636210496 0
    endloop
  endfacet
  facet normal -0.08426519384872766 0.27778511650980187 0.9569403357322086
    outer loop
      vertex -31.71473417922747 -12.396661591712233 0.01912219546999383
      vertex -31.058158293006105 -12.392581796106558 0.07575392663191494
      vertex -31.09475589331209 -12.208593234771238 0.01912219546999383
    endloop
  endfacet
  facet normal -0.009607359798384795 0.0975451610080637 0.995184726672197
    outer loop
      vertex -31.09475589331209 -12.208593234771238 0.01912219546999383
      vertex -30.45 -12.145090322016127 0.01912219546999383
      vertex -31.132816127056447 -12.017251518588694 0
    endloop
  endfacet
  facet normal -0.028452873945972096 0.2888868771906096 0.9569403357322086
    outer loop
      vertex -31.09475589331209 -12.208593234771238 0.01912219546999383
      vertex -30.45 -12.332683432365089 0.07575392663191494
      vertex -30.45 -12.145090322016127 0.01912219546999383
    endloop
  endfacet
  facet normal -0.009607359798384852 0.09754516100806337 0.995184726672197
    outer loop
      vertex -30.45 -12.145090322016127 0.01912219546999383
      vertex -30.45 -11.95 0
      vertex -31.132816127056447 -12.017251518588694 0
    endloop
  endfacet
  facet normal 0.009607359798384764 0.09754516100806337 0.995184726672197
    outer loop
      vertex -30.45 -12.145090322016127 0.01912219546999383
      vertex -29.80524410668791 -12.208593234771238 0.01912219546999383
      vertex -30.45 -11.95 0
    endloop
  endfacet
  facet normal 0.028452873945972075 0.28888687719060946 0.9569403357322087
    outer loop
      vertex -30.45 -12.145090322016127 0.01912219546999383
      vertex -29.841841706993893 -12.392581796106558 0.07575392663191494
      vertex -29.80524410668791 -12.208593234771238 0.01912219546999383
    endloop
  endfacet
  facet normal 0.009607359798384878 0.09754516100806367 0.995184726672197
    outer loop
      vertex -29.80524410668791 -12.208593234771238 0.01912219546999383
      vertex -29.76718387294355 -12.017251518588694 0
      vertex -30.45 -11.95 0
    endloop
  endfacet
  facet normal 0.028452873945971718 0.09379655517448028 0.995184726672197
    outer loop
      vertex -29.80524410668791 -12.208593234771238 0.01912219546999383
      vertex -29.18526582077253 -12.396661591712233 0.01912219546999383
      vertex -29.76718387294355 -12.017251518588694 0
    endloop
  endfacet
  facet normal 0.08426519384872809 0.27778511650980325 0.9569403357322083
    outer loop
      vertex -29.80524410668791 -12.208593234771238 0.01912219546999383
      vertex -29.25705459612891 -12.56997502680377 0.07575392663191494
      vertex -29.18526582077253 -12.396661591712233 0.01912219546999383
    endloop
  endfacet
  facet normal 0.028452873945971627 0.09379655517448013 0.995184726672197
    outer loop
      vertex -29.18526582077253 -12.396661591712233 0.01912219546999383
      vertex -29.110607986722187 -12.216421636210496 0
      vertex -29.76718387294355 -12.017251518588694 0
    endloop
  endfacet
  facet normal 0.13683924960834032 0.2560082295852083 0.9569403357322093
    outer loop
      vertex -28.718111708123207 -12.8580460020843 0.07575392663191494
      vertex -28.61389056009376 -12.70206803135182 0.01912219546999383
      vertex -29.18526582077253 -12.396661591712233 0.01912219546999383
    endloop
  endfacet
  facet normal 0.046204960104370356 0.08644340032725575 0.995184726672197
    outer loop
      vertex -29.18526582077253 -12.396661591712233 0.01912219546999383
      vertex -28.61389056009376 -12.70206803135182 0.01912219546999383
      vertex -29.110607986722187 -12.216421636210496 0
    endloop
  endfacet
  facet normal 0.04620496010437001 0.08644340032725539 0.995184726672197
    outer loop
      vertex -28.61389056009376 -12.70206803135182 0.01912219546999383
      vertex -28.50550418443139 -12.53985635694109 0
      vertex -29.110607986722187 -12.216421636210496 0
    endloop
  endfacet
  facet normal 0.07576827408347137 -0.06218141555799754 0.995184726672197
    outer loop
      vertex -28.113075955488554 -17.786924044511444 0.01912219546999383
      vertex -27.53985635694109 -17.394495815568607 0
      vertex -27.70206803135182 -17.286109439906237 0.01912219546999383
    endloop
  endfacet
  facet normal 0.08644340032725457 -0.04620496010436982 0.995184726672197
    outer loop
      vertex -27.70206803135182 -17.286109439906237 0.01912219546999383
      vertex -27.53985635694109 -17.394495815568607 0
      vertex -27.216421636210494 -16.789392013277812 0
    endloop
  endfacet
  facet normal 0.2560082295852096 -0.13683924960834257 0.9569403357322087
    outer loop
      vertex -27.70206803135182 -17.286109439906237 0.01912219546999383
      vertex -27.39666159171223 -16.71473417922747 0.01912219546999383
      vertex -27.8580460020843 -17.181888291876792 0.07575392663191494
    endloop
  endfacet
  facet normal 0.08644340032725555 -0.04620496010437078 0.9951847266721968
    outer loop
      vertex -27.70206803135182 -17.286109439906237 0.01912219546999383
      vertex -27.216421636210494 -16.789392013277812 0
      vertex -27.39666159171223 -16.71473417922747 0.01912219546999383
    endloop
  endfacet
  facet normal 0.27778511650979854 -0.08426519384872666 0.9569403357322097
    outer loop
      vertex -27.39666159171223 -16.71473417922747 0.01912219546999383
      vertex -27.208593234771236 -16.09475589331209 0.01912219546999383
      vertex -27.56997502680377 -16.64294540387109 0.07575392663191494
    endloop
  endfacet
  facet normal 0.09379655517448023 -0.028452873945971402 0.995184726672197
    outer loop
      vertex -27.39666159171223 -16.71473417922747 0.01912219546999383
      vertex -27.216421636210494 -16.789392013277812 0
      vertex -27.017251518588694 -16.132816127056447 0
    endloop
  endfacet
  facet normal 0.0937965551744811 -0.028452873945971967 0.995184726672197
    outer loop
      vertex -27.39666159171223 -16.71473417922747 0.01912219546999383
      vertex -27.017251518588694 -16.132816127056447 0
      vertex -27.208593234771236 -16.09475589331209 0.01912219546999383
    endloop
  endfacet
  facet normal 0.09754516100806455 -0.009607359798384969 0.9951847266721969
    outer loop
      vertex -27.208593234771236 -16.09475589331209 0.01912219546999383
      vertex -27.017251518588694 -16.132816127056447 0
      vertex -26.95 -15.45 0
    endloop
  endfacet
  facet normal 0.2888868771906071 -0.028452873945971048 0.9569403357322094
    outer loop
      vertex -27.208593234771236 -16.09475589331209 0.01912219546999383
      vertex -27.145090322016127 -15.45 0.01912219546999383
      vertex -27.39258179610656 -16.058158293006105 0.07575392663191494
    endloop
  endfacet
  facet normal 0.09754516100806337 -0.009607359798384495 0.995184726672197
    outer loop
      vertex -27.208593234771236 -16.09475589331209 0.01912219546999383
      vertex -26.95 -15.45 0
      vertex -27.145090322016127 -15.45 0.01912219546999383
    endloop
  endfacet
  facet normal 0.09754516100806337 0.009607359798384826 0.995184726672197
    outer loop
      vertex -27.145090322016127 -15.45 0.01912219546999383
      vertex -26.95 -15.45 0
      vertex -27.017251518588694 -14.76718387294355 0
    endloop
  endfacet
  facet normal 0.2888868771906072 0.02845287394597098 0.9569403357322095
    outer loop
      vertex -27.145090322016127 -15.45 0.01912219546999383
      vertex -27.208593234771236 -14.805244106687907 0.01912219546999383
      vertex -27.33268343236509 -15.45 0.07575392663191494
    endloop
  endfacet
  facet normal 0.2777851165097988 0.08426519384872698 0.9569403357322096
    outer loop
      vertex -27.208593234771236 -14.805244106687907 0.01912219546999383
      vertex -27.39666159171223 -14.185265820772528 0.01912219546999383
      vertex -27.39258179610656 -14.841841706993893 0.07575392663191494
    endloop
  endfacet
  facet normal 0.09754516100806462 0.009607359798384592 0.995184726672197
    outer loop
      vertex -27.145090322016127 -15.45 0.01912219546999383
      vertex -27.017251518588694 -14.76718387294355 0
      vertex -27.208593234771236 -14.805244106687907 0.01912219546999383
    endloop
  endfacet
  facet normal 0.09379655517448113 0.028452873945971673 0.9951847266721967
    outer loop
      vertex -27.208593234771236 -14.805244106687907 0.01912219546999383
      vertex -27.017251518588694 -14.76718387294355 0
      vertex -27.216421636210494 -14.110607986722185 0
    endloop
  endfacet
  facet normal 0.09379655517447984 0.02845287394597167 0.995184726672197
    outer loop
      vertex -27.208593234771236 -14.805244106687907 0.01912219546999383
      vertex -27.216421636210494 -14.110607986722185 0
      vertex -27.39666159171223 -14.185265820772528 0.01912219546999383
    endloop
  endfacet
  facet normal 0.2560082295852067 0.13683924960834104 0.9569403357322097
    outer loop
      vertex -27.56997502680377 -14.257054596128912 0.07575392663191494
      vertex -27.39666159171223 -14.185265820772528 0.01912219546999383
      vertex -27.70206803135182 -13.613890560093761 0.01912219546999383
    endloop
  endfacet
  facet normal 0.0864434003272553 0.04620496010437035 0.995184726672197
    outer loop
      vertex -27.39666159171223 -14.185265820772528 0.01912219546999383
      vertex -27.216421636210494 -14.110607986722185 0
      vertex -27.53985635694109 -13.505504184431391 0
    endloop
  endfacet
  facet normal 0.08644340032725435 0.04620496010437014 0.9951847266721972
    outer loop
      vertex -27.70206803135182 -13.613890560093761 0.01912219546999383
      vertex -27.39666159171223 -14.185265820772528 0.01912219546999383
      vertex -27.53985635694109 -13.505504184431391 0
    endloop
  endfacet
  facet normal 0.07576827408347114 0.06218141555799787 0.995184726672197
    outer loop
      vertex -27.70206803135182 -13.613890560093761 0.01912219546999383
      vertex -27.53985635694109 -13.505504184431391 0
      vertex -27.975126265847084 -12.975126265847083 0
    endloop
  endfacet
  facet normal -0.22439308996873225 -0.18415464974584347 0.9569403357322076
    outer loop
      vertex -32.786924044511444 -17.786924044511444 0.01912219546999383
      vertex -32.65427568407982 -17.654275684079817 0.07575392663191494
      vertex -33.0419539979157 -17.181888291876792 0.07575392663191494
    endloop
  endfacet
  facet normal -0.36439460524757167 -0.2990509240190668 0.8819212643483594
    outer loop
      vertex -32.65427568407982 -17.654275684079817 0.07575392663191494
      vertex -32.53202625495936 -17.532026254959366 0.1677188678166508
      vertex -32.898203876803265 -17.085837531751153 0.1677188678166508
    endloop
  endfacet
  facet normal -0.3643946052475857 -0.29905092401907163 0.8819212643483519
    outer loop
      vertex -33.0419539979157 -17.181888291876792 0.07575392663191494
      vertex -32.65427568407982 -17.654275684079817 0.07575392663191494
      vertex -32.898203876803265 -17.085837531751153 0.1677188678166508
    endloop
  endfacet
  facet normal -0.4903926402016197 -0.4024548389919374 0.7730104533627332
    outer loop
      vertex -32.53202625495936 -17.532026254959366 0.1677188678166508
      vertex -32.42487373415292 -17.424873734152914 0.2914828579090054
      vertex -32.77220584184923 -17.001648336375055 0.2914828579090054
    endloop
  endfacet
  facet normal -0.4903926402016094 -0.4024548389919346 0.7730104533627413
    outer loop
      vertex -32.898203876803265 -17.085837531751153 0.1677188678166508
      vertex -32.53202625495936 -17.532026254959366 0.1677188678166508
      vertex -32.77220584184923 -17.001648336375055 0.2914828579090054
    endloop
  endfacet
  facet normal -0.25600822958520913 -0.13683924960834326 0.9569403357322088
    outer loop
      vertex -33.19793196864818 -17.286109439906237 0.01912219546999383
      vertex -33.0419539979157 -17.181888291876792 0.07575392663191494
      vertex -33.33002497319623 -16.64294540387109 0.07575392663191494
    endloop
  endfacet
  facet normal -0.4157348061512669 -0.22221488349019916 0.8819212643483576
    outer loop
      vertex -33.0419539979157 -17.181888291876792 0.07575392663191494
      vertex -33.170298396630166 -16.576784489586 0.1677188678166508
      vertex -33.33002497319623 -16.64294540387109 0.07575392663191494
    endloop
  endfacet
  facet normal -0.2777851165098043 -0.08426519384872538 0.956940335732208
    outer loop
      vertex -33.50333840828777 -16.71473417922747 0.01912219546999383
      vertex -33.33002497319623 -16.64294540387109 0.07575392663191494
      vertex -33.50741820389344 -16.058158293006105 0.07575392663191494
    endloop
  endfacet
  facet normal -0.4157348061512782 -0.22221488349020074 0.8819212643483519
    outer loop
      vertex -33.0419539979157 -17.181888291876792 0.07575392663191494
      vertex -32.898203876803265 -17.085837531751153 0.1677188678166508
      vertex -33.170298396630166 -16.576784489586 0.1677188678166508
    endloop
  endfacet
  facet normal -0.5594849272637044 -0.29905092401906586 0.773010453362741
    outer loop
      vertex -32.898203876803265 -17.085837531751153 0.1677188678166508
      vertex -32.77220584184923 -17.001648336375055 0.2914828579090054
      vertex -33.03029688135131 -16.518793963204715 0.2914828579090054
    endloop
  endfacet
  facet normal -0.5594849272637016 -0.29905092401906563 0.7730104533627431
    outer loop
      vertex -32.898203876803265 -17.085837531751153 0.1677188678166508
      vertex -33.03029688135131 -16.518793963204715 0.2914828579090054
      vertex -33.170298396630166 -16.576784489586 0.1677188678166508
    endloop
  endfacet
  facet normal -0.5975451610080666 -0.4903926402016146 0.6343932841636436
    outer loop
      vertex -32.42487373415292 -17.424873734152914 0.2914828579090054
      vertex -32.66880192687636 -16.932556049312964 0.4422897161773749
      vertex -32.77220584184923 -17.001648336375055 0.2914828579090054
    endloop
  endfacet
  facet normal -0.6817343563841619 -0.3643946052475767 0.6343932841636449
    outer loop
      vertex -32.77220584184923 -17.001648336375055 0.2914828579090054
      vertex -32.915400607078084 -16.471202368134605 0.4422897161773749
      vertex -33.03029688135131 -16.518793963204715 0.2914828579090054
    endloop
  endfacet
  facet normal -0.6817343563841629 -0.36439460524757666 0.634393284163644
    outer loop
      vertex -32.77220584184923 -17.001648336375055 0.2914828579090054
      vertex -32.66880192687636 -16.932556049312964 0.4422897161773749
      vertex -32.915400607078084 -16.471202368134605 0.4422897161773749
    endloop
  endfacet
  facet normal -0.45109855160134343 -0.1368392496083383 0.8819212643483527
    outer loop
      vertex -33.33002497319623 -16.64294540387109 0.07575392663191494
      vertex -33.337853374635486 -16.024429751394077 0.1677188678166508
      vertex -33.50741820389344 -16.058158293006105 0.07575392663191494
    endloop
  endfacet
  facet normal -0.4510985516013334 -0.13683924960833893 0.8819212643483577
    outer loop
      vertex -33.33002497319623 -16.64294540387109 0.07575392663191494
      vertex -33.170298396630166 -16.576784489586 0.1677188678166508
      vertex -33.337853374635486 -16.024429751394077 0.1677188678166508
    endloop
  endfacet
  facet normal -0.28888687719060147 -0.028452873945973883 0.956940335732211
    outer loop
      vertex -33.69140676522876 -16.09475589331209 0.01912219546999383
      vertex -33.50741820389344 -16.058158293006105 0.07575392663191494
      vertex -33.56731656763491 -15.45 0.07575392663191494
    endloop
  endfacet
  facet normal -0.46912683269235156 -0.046204960104370155 0.881921264348352
    outer loop
      vertex -33.50741820389344 -16.058158293006105 0.07575392663191494
      vertex -33.337853374635486 -16.024429751394077 0.1677188678166508
      vertex -33.394429766980394 -15.45 0.1677188678166508
    endloop
  endfacet
  facet normal -0.60707652233381 -0.18415464974584114 0.7730104533627431
    outer loop
      vertex -33.170298396630166 -16.576784489586 0.1677188678166508
      vertex -33.03029688135131 -16.518793963204715 0.2914828579090054
      vertex -33.18922855875023 -15.994866437414977 0.2914828579090054
    endloop
  endfacet
  facet normal -0.6070765223338163 -0.18415464974584034 0.7730104533627383
    outer loop
      vertex -33.170298396630166 -16.576784489586 0.1677188678166508
      vertex -33.18922855875023 -15.994866437414977 0.2914828579090054
      vertex -33.337853374635486 -16.024429751394077 0.1677188678166508
    endloop
  endfacet
  facet normal -0.6313385071030724 -0.06218141555799849 0.7730104533627391
    outer loop
      vertex -33.337853374635486 -16.024429751394077 0.1677188678166508
      vertex -33.18922855875023 -15.994866437414977 0.2914828579090054
      vertex -33.24289321881345 -15.45 0.2914828579090054
    endloop
  endfacet
  facet normal -0.4691268326923359 -0.046204960104374276 0.8819212643483602
    outer loop
      vertex -33.50741820389344 -16.058158293006105 0.07575392663191494
      vertex -33.394429766980394 -15.45 0.1677188678166508
      vertex -33.56731656763491 -15.45 0.07575392663191494
    endloop
  endfacet
  facet normal -0.2888868771906172 0.02845287394597542 0.9569403357322063
    outer loop
      vertex -33.75490967798387 -15.45 0.01912219546999383
      vertex -33.56731656763491 -15.45 0.07575392663191494
      vertex -33.50741820389344 -14.841841706993893 0.07575392663191494
    endloop
  endfacet
  facet normal -0.46912683269233607 0.04620496010436847 0.8819212643483605
    outer loop
      vertex -33.56731656763491 -15.45 0.07575392663191494
      vertex -33.394429766980394 -15.45 0.1677188678166508
      vertex -33.337853374635486 -14.87557024860592 0.1677188678166508
    endloop
  endfacet
  facet normal -0.6313385071030756 -0.06218141555799737 0.7730104533627364
    outer loop
      vertex -33.337853374635486 -16.024429751394077 0.1677188678166508
      vertex -33.24289321881345 -15.45 0.2914828579090054
      vertex -33.394429766980394 -15.45 0.1677188678166508
    endloop
  endfacet
  facet normal -0.6313385071030756 0.06218141555799881 0.7730104533627363
    outer loop
      vertex -33.394429766980394 -15.45 0.1677188678166508
      vertex -33.24289321881345 -15.45 0.2914828579090054
      vertex -33.18922855875023 -14.905133562585021 0.2914828579090054
    endloop
  endfacet
  facet normal -0.7397248827654488 -0.22439308996873047 0.6343932841636396
    outer loop
      vertex -33.03029688135131 -16.518793963204715 0.2914828579090054
      vertex -33.06725532456239 -15.97060445264572 0.4422897161773749
      vertex -33.18922855875023 -15.994866437414977 0.2914828579090054
    endloop
  endfacet
  facet normal -0.7397248827654435 -0.22439308996873172 0.6343932841636454
    outer loop
      vertex -33.03029688135131 -16.518793963204715 0.2914828579090054
      vertex -32.915400607078084 -16.471202368134605 0.4422897161773749
      vertex -33.06725532456239 -15.97060445264572 0.4422897161773749
    endloop
  endfacet
  facet normal -0.7692881967445523 -0.07576827408347309 0.6343932841636383
    outer loop
      vertex -33.18922855875023 -15.994866437414977 0.2914828579090054
      vertex -33.118530387697454 -15.45 0.4422897161773749
      vertex -33.24289321881345 -15.45 0.2914828579090054
    endloop
  endfacet
  facet normal -0.7692881967445514 -0.07576827408347346 0.6343932841636393
    outer loop
      vertex -33.18922855875023 -15.994866437414977 0.2914828579090054
      vertex -33.06725532456239 -15.97060445264572 0.4422897161773749
      vertex -33.118530387697454 -15.45 0.4422897161773749
    endloop
  endfacet
  facet normal -0.7692881967445522 0.0757682740834735 0.6343932841636383
    outer loop
      vertex -33.24289321881345 -15.45 0.2914828579090054
      vertex -33.118530387697454 -15.45 0.4422897161773749
      vertex -33.06725532456239 -14.929395547354279 0.4422897161773749
    endloop
  endfacet
  facet normal -0.6817343563841626 -0.5594849272637115 0.4713967368259894
    outer loop
      vertex -32.336935932943234 -17.336935932943238 0.4422897161773749
      vertex -32.591965886347495 -16.88121584840927 0.6143440196319667
      vertex -32.66880192687636 -16.932556049312964 0.4422897161773749
    endloop
  endfacet
  facet normal -0.77778511650981 -0.41573480615127273 0.47139673682598293
    outer loop
      vertex -32.66880192687636 -16.932556049312964 0.4422897161773749
      vertex -32.83002497319623 -16.43583862268454 0.6143440196319667
      vertex -32.915400607078084 -16.471202368134605 0.4422897161773749
    endloop
  endfacet
  facet normal -0.7777851165098076 -0.41573480615127323 0.4713967368259865
    outer loop
      vertex -32.66880192687636 -16.932556049312964 0.4422897161773749
      vertex -32.591965886347495 -16.88121584840927 0.6143440196319667
      vertex -32.83002497319623 -16.43583862268454 0.6143440196319667
    endloop
  endfacet
  facet normal -0.8439460307948906 -0.45109855160133566 0.2902846772544611
    outer loop
      vertex -32.591965886347495 -16.88121584840927 0.6143440196319667
      vertex -32.77745091743662 -16.414061735759947 0.8010338178801852
      vertex -32.83002497319623 -16.43583862268454 0.6143440196319667
    endloop
  endfacet
  facet normal -0.8439460307948806 -0.4510985516013404 0.290284677254483
    outer loop
      vertex -32.591965886347495 -16.88121584840927 0.6143440196319667
      vertex -32.54465048620999 -16.84960070879279 0.8010338178801852
      vertex -32.77745091743662 -16.414061735759947 0.8010338178801852
    endloop
  endfacet
  facet normal -0.8776745724069117 -0.469126832692351 0.09801714032957495
    outer loop
      vertex -32.54465048620999 -16.84960070879279 0.8010338178801852
      vertex -32.759698831278214 -16.406708580912724 0.9951847266721967
      vertex -32.77745091743662 -16.414061735759947 0.8010338178801852
    endloop
  endfacet
  facet normal -0.8439460307949005 -0.25600822958520386 0.47139673682598016
    outer loop
      vertex -32.915400607078084 -16.471202368134605 0.4422897161773749
      vertex -32.83002497319623 -16.43583862268454 0.6143440196319667
      vertex -32.976621035058415 -15.95257617155471 0.6143440196319667
    endloop
  endfacet
  facet normal -0.8439460307948804 -0.25600822958521197 0.4713967368260118
    outer loop
      vertex -32.915400607078084 -16.471202368134605 0.4422897161773749
      vertex -32.976621035058415 -15.95257617155471 0.6143440196319667
      vertex -33.06725532456239 -15.97060445264572 0.4422897161773749
    endloop
  endfacet
  facet normal -0.8776745724069096 -0.08644340032725593 0.47139673682600985
    outer loop
      vertex -33.06725532456239 -15.97060445264572 0.4422897161773749
      vertex -33.02612046748871 -15.45 0.6143440196319667
      vertex -33.118530387697454 -15.45 0.4422897161773749
    endloop
  endfacet
  facet normal -0.8776745724069084 -0.0864434003272566 0.47139673682601163
    outer loop
      vertex -33.06725532456239 -15.97060445264572 0.4422897161773749
      vertex -32.976621035058415 -15.95257617155471 0.6143440196319667
      vertex -33.02612046748871 -15.45 0.6143440196319667
    endloop
  endfacet
  facet normal -0.8776745724069094 0.08644340032725671 0.4713967368260097
    outer loop
      vertex -33.118530387697454 -15.45 0.4422897161773749
      vertex -33.02612046748871 -15.45 0.6143440196319667
      vertex -32.976621035058415 -14.947423828445288 0.6143440196319667
    endloop
  endfacet
  facet normal -0.9157348061512726 -0.2777851165098029 0.2902846772544609
    outer loop
      vertex -32.83002497319623 -16.43583862268454 0.6143440196319667
      vertex -32.77745091743662 -16.414061735759947 0.8010338178801852
      vertex -32.920808715155665 -15.941474410873903 0.8010338178801852
    endloop
  endfacet
  facet normal -0.9157348061512838 -0.2777851165097945 0.2902846772544331
    outer loop
      vertex -32.976621035058415 -15.95257617155471 0.6143440196319667
      vertex -32.83002497319623 -16.43583862268454 0.6143440196319667
      vertex -32.920808715155665 -15.941474410873903 0.8010338178801852
    endloop
  endfacet
  facet normal -0.9523324064572554 -0.2888868771906099 0.09801714032958903
    outer loop
      vertex -32.920808715155665 -15.941474410873903 0.8010338178801852
      vertex -32.77745091743662 -16.414061735759947 0.8010338178801852
      vertex -32.90196320100807 -15.93772580504032 0.9951847266721967
    endloop
  endfacet
  facet normal -0.952332406457265 -0.09379655517448261 0.2902846772544405
    outer loop
      vertex -32.976621035058415 -15.95257617155471 0.6143440196319667
      vertex -32.96921471959677 -15.45 0.8010338178801852
      vertex -33.02612046748871 -15.45 0.6143440196319667
    endloop
  endfacet
  facet normal -0.9523324064572679 -0.09379655517447948 0.29028467725443224
    outer loop
      vertex -32.976621035058415 -15.95257617155471 0.6143440196319667
      vertex -32.920808715155665 -15.941474410873903 0.8010338178801852
      vertex -32.96921471959677 -15.45 0.8010338178801852
    endloop
  endfacet
  facet normal -0.9523324064572655 0.09379655517447921 0.2902846772544407
    outer loop
      vertex -33.02612046748871 -15.45 0.6143440196319667
      vertex -32.96921471959677 -15.45 0.8010338178801852
      vertex -32.920808715155665 -14.958525589126095 0.8010338178801852
    endloop
  endfacet
  facet normal -0.9903926402016163 -0.09754516100806195 0.09801714032955175
    outer loop
      vertex -32.920808715155665 -15.941474410873903 0.8010338178801852
      vertex -32.95 -15.45 0.9951847266721967
      vertex -32.96921471959677 -15.45 0.8010338178801852
    endloop
  endfacet
  facet normal -0.22221488349019927 -0.41573480615127495 0.8819212643483538
    outer loop
      vertex -32.181888291876795 -18.041953997915698 0.07575392663191494
      vertex -31.64294540387109 -18.330024973196227 0.07575392663191494
      vertex -32.08583753175115 -17.898203876803265 0.1677188678166508
    endloop
  endfacet
  facet normal -0.18415464974584597 -0.22439308996873322 0.9569403357322068
    outer loop
      vertex -32.286109439906234 -18.197931968648177 0.01912219546999383
      vertex -32.181888291876795 -18.041953997915698 0.07575392663191494
      vertex -32.65427568407982 -17.654275684079817 0.07575392663191494
    endloop
  endfacet
  facet normal -0.2990509240190659 -0.36439460524757544 0.881921264348358
    outer loop
      vertex -32.181888291876795 -18.041953997915698 0.07575392663191494
      vertex -32.53202625495936 -17.532026254959366 0.1677188678166508
      vertex -32.65427568407982 -17.654275684079817 0.07575392663191494
    endloop
  endfacet
  facet normal -0.29905092401907246 -0.3643946052475793 0.8819212643483544
    outer loop
      vertex -32.181888291876795 -18.041953997915698 0.07575392663191494
      vertex -32.08583753175115 -17.898203876803265 0.1677188678166508
      vertex -32.53202625495936 -17.532026254959366 0.1677188678166508
    endloop
  endfacet
  facet normal -0.13683924960834018 -0.25600822958520825 0.9569403357322094
    outer loop
      vertex -32.181888291876795 -18.041953997915698 0.07575392663191494
      vertex -31.71473417922747 -18.503338408287767 0.01912219546999383
      vertex -31.64294540387109 -18.330024973196227 0.07575392663191494
    endloop
  endfacet
  facet normal -0.2222148834901987 -0.41573480615127445 0.8819212643483543
    outer loop
      vertex -32.08583753175115 -17.898203876803265 0.1677188678166508
      vertex -31.64294540387109 -18.330024973196227 0.07575392663191494
      vertex -31.576784489586 -18.170298396630166 0.1677188678166508
    endloop
  endfacet
  facet normal -0.13683924960834265 -0.4510985516013396 0.8819212643483539
    outer loop
      vertex -31.058158293006105 -18.50741820389344 0.07575392663191494
      vertex -31.576784489586 -18.170298396630166 0.1677188678166508
      vertex -31.64294540387109 -18.330024973196227 0.07575392663191494
    endloop
  endfacet
  facet normal -0.1841546497458412 -0.6070765223338191 0.7730104533627359
    outer loop
      vertex -31.576784489586 -18.170298396630166 0.1677188678166508
      vertex -31.024429751394077 -18.337853374635486 0.1677188678166508
      vertex -31.518793963204715 -18.030296881351315 0.2914828579090054
    endloop
  endfacet
  facet normal -0.29905092401906674 -0.5594849272637037 0.773010453362741
    outer loop
      vertex -32.08583753175115 -17.898203876803265 0.1677188678166508
      vertex -31.576784489586 -18.170298396630166 0.1677188678166508
      vertex -32.001648336375055 -17.772205841849228 0.2914828579090054
    endloop
  endfacet
  facet normal -0.2990509240190716 -0.5594849272637075 0.7730104533627367
    outer loop
      vertex -32.001648336375055 -17.772205841849228 0.2914828579090054
      vertex -31.576784489586 -18.170298396630166 0.1677188678166508
      vertex -31.518793963204715 -18.030296881351315 0.2914828579090054
    endloop
  endfacet
  facet normal -0.08426519384872727 -0.2777851165097995 0.9569403357322093
    outer loop
      vertex -31.09475589331209 -18.691406765228763 0.01912219546999383
      vertex -31.058158293006105 -18.50741820389344 0.07575392663191494
      vertex -31.64294540387109 -18.330024973196227 0.07575392663191494
    endloop
  endfacet
  facet normal -0.0462049601043696 -0.46912683269234406 0.8819212643483562
    outer loop
      vertex -31.058158293006105 -18.50741820389344 0.07575392663191494
      vertex -30.45 -18.567316567634908 0.07575392663191494
      vertex -31.024429751394077 -18.337853374635486 0.1677188678166508
    endloop
  endfacet
  facet normal -0.02845287394597107 -0.2888868771906072 0.9569403357322094
    outer loop
      vertex -31.058158293006105 -18.50741820389344 0.07575392663191494
      vertex -30.45 -18.75490967798387 0.01912219546999383
      vertex -30.45 -18.567316567634908 0.07575392663191494
    endloop
  endfacet
  facet normal -0.046204960104372986 -0.469126832692351 0.8819212643483522
    outer loop
      vertex -30.45 -18.567316567634908 0.07575392663191494
      vertex -30.45 -18.394429766980398 0.1677188678166508
      vertex -31.024429751394077 -18.337853374635486 0.1677188678166508
    endloop
  endfacet
  facet normal 0.04620496010437029 -0.46912683269235106 0.8819212643483524
    outer loop
      vertex -30.45 -18.567316567634908 0.07575392663191494
      vertex -29.841841706993893 -18.50741820389344 0.07575392663191494
      vertex -30.45 -18.394429766980398 0.1677188678166508
    endloop
  endfacet
  facet normal -0.13683924960833965 -0.4510985516013357 0.8819212643483565
    outer loop
      vertex -31.058158293006105 -18.50741820389344 0.07575392663191494
      vertex -31.024429751394077 -18.337853374635486 0.1677188678166508
      vertex -31.576784489586 -18.170298396630166 0.1677188678166508
    endloop
  endfacet
  facet normal -0.184154649745839 -0.6070765223338166 0.7730104533627383
    outer loop
      vertex -31.024429751394077 -18.337853374635486 0.1677188678166508
      vertex -30.994866437414977 -18.18922855875023 0.2914828579090054
      vertex -31.518793963204715 -18.030296881351315 0.2914828579090054
    endloop
  endfacet
  facet normal -0.06218141555800091 -0.6313385071030719 0.7730104533627392
    outer loop
      vertex -31.024429751394077 -18.337853374635486 0.1677188678166508
      vertex -30.45 -18.394429766980398 0.1677188678166508
      vertex -30.994866437414977 -18.18922855875023 0.2914828579090054
    endloop
  endfacet
  facet normal -0.06218141555799792 -0.6313385071030666 0.7730104533627437
    outer loop
      vertex -30.994866437414977 -18.18922855875023 0.2914828579090054
      vertex -30.45 -18.394429766980398 0.1677188678166508
      vertex -30.45 -18.24289321881345 0.2914828579090054
    endloop
  endfacet
  facet normal 0.062181415558000386 -0.6313385071030665 0.7730104533627435
    outer loop
      vertex -30.45 -18.394429766980398 0.1677188678166508
      vertex -29.87557024860592 -18.337853374635486 0.1677188678166508
      vertex -30.45 -18.24289321881345 0.2914828579090054
    endloop
  endfacet
  facet normal -0.22439308996872454 -0.7397248827654459 0.634393284163645
    outer loop
      vertex -31.518793963204715 -18.030296881351315 0.2914828579090054
      vertex -30.994866437414977 -18.18922855875023 0.2914828579090054
      vertex -31.471202368134605 -17.915400607078087 0.4422897161773749
    endloop
  endfacet
  facet normal -0.3643946052475809 -0.6817343563841605 0.6343932841636443
    outer loop
      vertex -32.001648336375055 -17.772205841849228 0.2914828579090054
      vertex -31.518793963204715 -18.030296881351315 0.2914828579090054
      vertex -31.932556049312964 -17.668801926876363 0.4422897161773749
    endloop
  endfacet
  facet normal -0.36439460524758044 -0.6817343563841601 0.6343932841636449
    outer loop
      vertex -31.518793963204715 -18.030296881351315 0.2914828579090054
      vertex -31.471202368134605 -17.915400607078087 0.4422897161773749
      vertex -31.932556049312964 -17.668801926876363 0.4422897161773749
    endloop
  endfacet
  facet normal -0.075768274083473 -0.7692881967445514 0.6343932841636393
    outer loop
      vertex -30.994866437414977 -18.18922855875023 0.2914828579090054
      vertex -30.45 -18.24289321881345 0.2914828579090054
      vertex -30.97060445264572 -18.06725532456239 0.4422897161773749
    endloop
  endfacet
  facet normal 0.07576827408347309 -0.7692881967445523 0.6343932841636383
    outer loop
      vertex -30.45 -18.24289321881345 0.2914828579090054
      vertex -29.90513356258502 -18.18922855875023 0.2914828579090054
      vertex -30.45 -18.118530387697454 0.4422897161773749
    endloop
  endfacet
  facet normal -0.2243930899687283 -0.7397248827654495 0.6343932841636396
    outer loop
      vertex -30.994866437414977 -18.18922855875023 0.2914828579090054
      vertex -30.97060445264572 -18.06725532456239 0.4422897161773749
      vertex -31.471202368134605 -17.915400607078087 0.4422897161773749
    endloop
  endfacet
  facet normal -0.07576827408347352 -0.7692881967445522 0.6343932841636383
    outer loop
      vertex -30.45 -18.24289321881345 0.2914828579090054
      vertex -30.45 -18.118530387697454 0.4422897161773749
      vertex -30.97060445264572 -18.06725532456239 0.4422897161773749
    endloop
  endfacet
  facet normal 0.028452873945971065 -0.2888868771906071 0.9569403357322096
    outer loop
      vertex -30.45 -18.567316567634908 0.07575392663191494
      vertex -29.80524410668791 -18.691406765228763 0.01912219546999383
      vertex -29.841841706993893 -18.50741820389344 0.07575392663191494
    endloop
  endfacet
  facet normal 0.046204960104372264 -0.46912683269234356 0.8819212643483563
    outer loop
      vertex -29.841841706993893 -18.50741820389344 0.07575392663191494
      vertex -29.87557024860592 -18.337853374635486 0.1677188678166508
      vertex -30.45 -18.394429766980398 0.1677188678166508
    endloop
  endfacet
  facet normal 0.13683924960834135 -0.45109855160133533 0.8819212643483564
    outer loop
      vertex -29.841841706993893 -18.50741820389344 0.07575392663191494
      vertex -29.25705459612891 -18.330024973196227 0.07575392663191494
      vertex -29.87557024860592 -18.337853374635486 0.1677188678166508
    endloop
  endfacet
  facet normal 0.08426519384872697 -0.2777851165097984 0.9569403357322096
    outer loop
      vertex -29.841841706993893 -18.50741820389344 0.07575392663191494
      vertex -29.18526582077253 -18.503338408287767 0.01912219546999383
      vertex -29.25705459612891 -18.330024973196227 0.07575392663191494
    endloop
  endfacet
  facet normal 0.13683924960834104 -0.45109855160134027 0.8819212643483539
    outer loop
      vertex -29.87557024860592 -18.337853374635486 0.1677188678166508
      vertex -29.25705459612891 -18.330024973196227 0.07575392663191494
      vertex -29.323215510414 -18.170298396630166 0.1677188678166508
    endloop
  endfacet
  facet normal 0.22221488349020013 -0.4157348061512738 0.8819212643483542
    outer loop
      vertex -29.25705459612891 -18.330024973196227 0.07575392663191494
      vertex -28.718111708123207 -18.041953997915698 0.07575392663191494
      vertex -29.323215510414 -18.170298396630166 0.1677188678166508
    endloop
  endfacet
  facet normal 0.06218141555799848 -0.6313385071030724 0.7730104533627391
    outer loop
      vertex -29.87557024860592 -18.337853374635486 0.1677188678166508
      vertex -29.90513356258502 -18.18922855875023 0.2914828579090054
      vertex -30.45 -18.24289321881345 0.2914828579090054
    endloop
  endfacet
  facet normal 0.18415464974584034 -0.6070765223338163 0.7730104533627383
    outer loop
      vertex -29.87557024860592 -18.337853374635486 0.1677188678166508
      vertex -29.323215510414 -18.170298396630166 0.1677188678166508
      vertex -29.90513356258502 -18.18922855875023 0.2914828579090054
    endloop
  endfacet
  facet normal 0.18415464974583992 -0.6070765223338196 0.7730104533627359
    outer loop
      vertex -29.90513356258502 -18.18922855875023 0.2914828579090054
      vertex -29.323215510414 -18.170298396630166 0.1677188678166508
      vertex -29.381206036795284 -18.030296881351315 0.2914828579090054
    endloop
  endfacet
  facet normal 0.2990509240190693 -0.5594849272637085 0.7730104533627365
    outer loop
      vertex -29.323215510414 -18.170298396630166 0.1677188678166508
      vertex -28.814162468248846 -17.898203876803265 0.1677188678166508
      vertex -29.381206036795284 -18.030296881351315 0.2914828579090054
    endloop
  endfacet
  facet normal 0.2990509240190689 -0.5594849272637025 0.7730104533627412
    outer loop
      vertex -28.814162468248846 -17.898203876803265 0.1677188678166508
      vertex -28.898351663624943 -17.772205841849228 0.2914828579090054
      vertex -29.381206036795284 -18.030296881351315 0.2914828579090054
    endloop
  endfacet
  facet normal 0.13683924960834198 -0.2560082295852099 0.9569403357322087
    outer loop
      vertex -29.25705459612891 -18.330024973196227 0.07575392663191494
      vertex -28.61389056009376 -18.197931968648177 0.01912219546999383
      vertex -28.718111708123207 -18.041953997915698 0.07575392663191494
    endloop
  endfacet
  facet normal 0.22221488349020072 -0.4157348061512782 0.8819212643483519
    outer loop
      vertex -28.718111708123207 -18.041953997915698 0.07575392663191494
      vertex -28.814162468248846 -17.898203876803265 0.1677188678166508
      vertex -29.323215510414 -18.170298396630166 0.1677188678166508
    endloop
  endfacet
  facet normal 0.29905092401907335 -0.36439460524758444 0.8819212643483519
    outer loop
      vertex -28.718111708123207 -18.041953997915698 0.07575392663191494
      vertex -28.24572431592018 -17.654275684079817 0.07575392663191494
      vertex -28.814162468248846 -17.898203876803265 0.1677188678166508
    endloop
  endfacet
  facet normal 0.18415464974584192 -0.2243930899687283 0.9569403357322088
    outer loop
      vertex -28.718111708123207 -18.041953997915698 0.07575392663191494
      vertex -28.113075955488554 -17.786924044511444 0.01912219546999383
      vertex -28.24572431592018 -17.654275684079817 0.07575392663191494
    endloop
  endfacet
  facet normal 0.4024548389919322 -0.4903926402016111 0.7730104533627415
    outer loop
      vertex -28.814162468248846 -17.898203876803265 0.1677188678166508
      vertex -28.367973745040633 -17.532026254959366 0.1677188678166508
      vertex -28.898351663624943 -17.772205841849228 0.2914828579090054
    endloop
  endfacet
  facet normal 0.2243930899687258 -0.7397248827654501 0.6343932841636397
    outer loop
      vertex -29.90513356258502 -18.18922855875023 0.2914828579090054
      vertex -29.381206036795284 -18.030296881351315 0.2914828579090054
      vertex -29.92939554735428 -18.06725532456239 0.4422897161773749
    endloop
  endfacet
  facet normal 0.36439460524758066 -0.68173435638416 0.6343932841636448
    outer loop
      vertex -29.381206036795284 -18.030296881351315 0.2914828579090054
      vertex -28.898351663624943 -17.772205841849228 0.2914828579090054
      vertex -29.428797631865393 -17.915400607078087 0.4422897161773749
    endloop
  endfacet
  facet normal 0.07576827408347345 -0.7692881967445514 0.6343932841636393
    outer loop
      vertex -29.90513356258502 -18.18922855875023 0.2914828579090054
      vertex -29.92939554735428 -18.06725532456239 0.4422897161773749
      vertex -30.45 -18.118530387697454 0.4422897161773749
    endloop
  endfacet
  facet normal 0.22439308996872698 -0.7397248827654451 0.6343932841636452
    outer loop
      vertex -29.92939554735428 -18.06725532456239 0.4422897161773749
      vertex -29.381206036795284 -18.030296881351315 0.2914828579090054
      vertex -29.428797631865393 -17.915400607078087 0.4422897161773749
    endloop
  endfacet
  facet normal 0.3643946052475807 -0.6817343563841606 0.6343932841636443
    outer loop
      vertex -28.898351663624943 -17.772205841849228 0.2914828579090054
      vertex -28.967443950687034 -17.668801926876363 0.4422897161773749
      vertex -29.428797631865393 -17.915400607078087 0.4422897161773749
    endloop
  endfacet
  facet normal -0.4157348061512733 -0.7777851165097999 0.47139673682599914
    outer loop
      vertex -31.932556049312964 -17.668801926876363 0.4422897161773749
      vertex -31.471202368134605 -17.915400607078087 0.4422897161773749
      vertex -31.88121584840927 -17.59196588634749 0.6143440196319667
    endloop
  endfacet
  facet normal -0.41573480615127584 -0.7777851165098009 0.4713967368259952
    outer loop
      vertex -31.88121584840927 -17.59196588634749 0.6143440196319667
      vertex -31.471202368134605 -17.915400607078087 0.4422897161773749
      vertex -31.43583862268454 -17.83002497319623 0.6143440196319667
    endloop
  endfacet
  facet normal -0.08644340032725657 -0.877674572406916 0.4713967368259975
    outer loop
      vertex -30.97060445264572 -18.06725532456239 0.4422897161773749
      vertex -30.45 -18.118530387697454 0.4422897161773749
      vertex -30.95257617155471 -17.976621035058418 0.6143440196319667
    endloop
  endfacet
  facet normal -0.2560082295852092 -0.8439460307948912 0.4713967368259941
    outer loop
      vertex -31.471202368134605 -17.915400607078087 0.4422897161773749
      vertex -30.97060445264572 -18.06725532456239 0.4422897161773749
      vertex -31.43583862268454 -17.83002497319623 0.6143440196319667
    endloop
  endfacet
  facet normal -0.25600822958520675 -0.8439460307948894 0.4713967368259986
    outer loop
      vertex -30.97060445264572 -18.06725532456239 0.4422897161773749
      vertex -30.95257617155471 -17.976621035058418 0.6143440196319667
      vertex -31.43583862268454 -17.83002497319623 0.6143440196319667
    endloop
  endfacet
  facet normal 0.08644340032725667 -0.877674572406917 0.4713967368259957
    outer loop
      vertex -30.45 -18.118530387697454 0.4422897161773749
      vertex -29.92939554735428 -18.06725532456239 0.4422897161773749
      vertex -30.45 -18.026120467488713 0.6143440196319667
    endloop
  endfacet
  facet normal -0.08644340032725743 -0.8776745724069169 0.47139673682599564
    outer loop
      vertex -30.45 -18.118530387697454 0.4422897161773749
      vertex -30.45 -18.026120467488713 0.6143440196319667
      vertex -30.95257617155471 -17.976621035058418 0.6143440196319667
    endloop
  endfacet
  facet normal -0.2777851165097968 -0.9157348061512692 0.29028467725447665
    outer loop
      vertex -31.43583862268454 -17.83002497319623 0.6143440196319667
      vertex -30.95257617155471 -17.976621035058418 0.6143440196319667
      vertex -31.414061735759947 -17.777450917436614 0.8010338178801852
    endloop
  endfacet
  facet normal -0.09379655517448189 -0.9523324064572578 0.2902846772544647
    outer loop
      vertex -30.95257617155471 -17.976621035058418 0.6143440196319667
      vertex -30.45 -18.026120467488713 0.6143440196319667
      vertex -30.941474410873905 -17.920808715155662 0.8010338178801852
    endloop
  endfacet
  facet normal -0.2777851165098037 -0.9157348061512719 0.2902846772544622
    outer loop
      vertex -30.95257617155471 -17.976621035058418 0.6143440196319667
      vertex -30.941474410873905 -17.920808715155662 0.8010338178801852
      vertex -31.414061735759947 -17.777450917436614 0.8010338178801852
    endloop
  endfacet
  facet normal 0.09379655517448213 -0.95233240645726 0.29028467725445717
    outer loop
      vertex -30.45 -18.026120467488713 0.6143440196319667
      vertex -29.947423828445288 -17.976621035058418 0.6143440196319667
      vertex -30.45 -17.96921471959677 0.8010338178801852
    endloop
  endfacet
  facet normal -0.0937965551744852 -0.9523324064572597 0.290284677254457
    outer loop
      vertex -30.45 -18.026120467488713 0.6143440196319667
      vertex -30.45 -17.96921471959677 0.8010338178801852
      vertex -30.941474410873905 -17.920808715155662 0.8010338178801852
    endloop
  endfacet
  facet normal -0.28888687719061173 -0.9523324064572578 0.09801714032956056
    outer loop
      vertex -31.414061735759947 -17.777450917436614 0.8010338178801852
      vertex -30.941474410873905 -17.920808715155662 0.8010338178801852
      vertex -31.406708580912724 -17.759698831278214 0.9951847266721967
    endloop
  endfacet
  facet normal -0.09754516100806866 -0.9903926402016154 0.09801714032955454
    outer loop
      vertex -30.941474410873905 -17.920808715155662 0.8010338178801852
      vertex -30.45 -17.96921471959677 0.8010338178801852
      vertex -30.93772580504032 -17.901963201008076 0.9951847266721967
    endloop
  endfacet
  facet normal 0.09754516100806852 -0.990392640201614 0.09801714032956965
    outer loop
      vertex -30.45 -17.96921471959677 0.8010338178801852
      vertex -29.958525589126094 -17.920808715155662 0.8010338178801852
      vertex -30.45 -17.95 0.9951847266721967
    endloop
  endfacet
  facet normal 0.2560082295852085 -0.8439460307948888 0.47139673682599836
    outer loop
      vertex -29.92939554735428 -18.06725532456239 0.4422897161773749
      vertex -29.428797631865393 -17.915400607078087 0.4422897161773749
      vertex -29.947423828445288 -17.976621035058418 0.6143440196319667
    endloop
  endfacet
  facet normal 0.08644340032725735 -0.877674572406916 0.4713967368259975
    outer loop
      vertex -29.92939554735428 -18.06725532456239 0.4422897161773749
      vertex -29.947423828445288 -17.976621035058418 0.6143440196319667
      vertex -30.45 -18.026120467488713 0.6143440196319667
    endloop
  endfacet
  facet normal 0.2560082295852074 -0.8439460307948917 0.4713967368259941
    outer loop
      vertex -29.947423828445288 -17.976621035058418 0.6143440196319667
      vertex -29.428797631865393 -17.915400607078087 0.4422897161773749
      vertex -29.46416137731546 -17.83002497319623 0.6143440196319667
    endloop
  endfacet
  facet normal 0.41573480615127434 -0.7777851165098018 0.47139673682599526
    outer loop
      vertex -29.428797631865393 -17.915400607078087 0.4422897161773749
      vertex -28.967443950687034 -17.668801926876363 0.4422897161773749
      vertex -29.46416137731546 -17.83002497319623 0.6143440196319667
    endloop
  endfacet
  facet normal 0.2777851165097981 -0.9157348061512736 0.29028467725446244
    outer loop
      vertex -29.947423828445288 -17.976621035058418 0.6143440196319667
      vertex -29.46416137731546 -17.83002497319623 0.6143440196319667
      vertex -29.958525589126094 -17.920808715155662 0.8010338178801852
    endloop
  endfacet
  facet normal 0.09379655517448497 -0.9523324064572575 0.2902846772544648
    outer loop
      vertex -29.947423828445288 -17.976621035058418 0.6143440196319667
      vertex -29.958525589126094 -17.920808715155662 0.8010338178801852
      vertex -30.45 -17.96921471959677 0.8010338178801852
    endloop
  endfacet
  facet normal 0.2777851165098025 -0.9157348061512677 0.2902846772544769
    outer loop
      vertex -29.46416137731546 -17.83002497319623 0.6143440196319667
      vertex -29.48593826424005 -17.777450917436614 0.8010338178801852
      vertex -29.958525589126094 -17.920808715155662 0.8010338178801852
    endloop
  endfacet
  facet normal 0.4510985516013388 -0.8439460307948838 0.29028467725447565
    outer loop
      vertex -29.46416137731546 -17.83002497319623 0.6143440196319667
      vertex -29.01878415159073 -17.59196588634749 0.6143440196319667
      vertex -29.48593826424005 -17.777450917436614 0.8010338178801852
    endloop
  endfacet
  facet normal 0.28888687719061185 -0.952332406457258 0.09801714032955713
    outer loop
      vertex -29.958525589126094 -17.920808715155662 0.8010338178801852
      vertex -29.48593826424005 -17.777450917436614 0.8010338178801852
      vertex -29.96227419495968 -17.901963201008076 0.9951847266721967
    endloop
  endfacet
  facet normal -0.4024548389919387 -0.49039264020161516 0.7730104533627356
    outer loop
      vertex -32.08583753175115 -17.898203876803265 0.1677188678166508
      vertex -32.42487373415292 -17.424873734152914 0.2914828579090054
      vertex -32.53202625495936 -17.532026254959366 0.1677188678166508
    endloop
  endfacet
  facet normal -0.4024548389919315 -0.49039264020161166 0.7730104533627415
    outer loop
      vertex -32.08583753175115 -17.898203876803265 0.1677188678166508
      vertex -32.001648336375055 -17.772205841849228 0.2914828579090054
      vertex -32.42487373415292 -17.424873734152914 0.2914828579090054
    endloop
  endfacet
  facet normal -0.4903926402016131 -0.5975451610080635 0.6343932841636476
    outer loop
      vertex -32.001648336375055 -17.772205841849228 0.2914828579090054
      vertex -32.336935932943234 -17.336935932943238 0.4422897161773749
      vertex -32.42487373415292 -17.424873734152914 0.2914828579090054
    endloop
  endfacet
  facet normal -0.49039264020161666 -0.597545161008065 0.6343932841636434
    outer loop
      vertex -32.001648336375055 -17.772205841849228 0.2914828579090054
      vertex -31.932556049312964 -17.668801926876363 0.4422897161773749
      vertex -32.336935932943234 -17.336935932943238 0.4422897161773749
    endloop
  endfacet
  facet normal -0.59754516100806 -0.4903926402016136 0.6343932841636507
    outer loop
      vertex -32.42487373415292 -17.424873734152914 0.2914828579090054
      vertex -32.336935932943234 -17.336935932943238 0.4422897161773749
      vertex -32.66880192687636 -16.932556049312964 0.4422897161773749
    endloop
  endfacet
  facet normal 0.2990509240190726 -0.36439460524758227 0.881921264348353
    outer loop
      vertex -28.814162468248846 -17.898203876803265 0.1677188678166508
      vertex -28.24572431592018 -17.654275684079817 0.07575392663191494
      vertex -28.367973745040633 -17.532026254959366 0.1677188678166508
    endloop
  endfacet
  facet normal 0.3643946052475828 -0.299050924019072 0.881921264348353
    outer loop
      vertex -28.24572431592018 -17.654275684079817 0.07575392663191494
      vertex -27.8580460020843 -17.181888291876792 0.07575392663191494
      vertex -28.367973745040633 -17.532026254959366 0.1677188678166508
    endloop
  endfacet
  facet normal 0.22439308996872825 -0.1841546497458419 0.9569403357322088
    outer loop
      vertex -28.24572431592018 -17.654275684079817 0.07575392663191494
      vertex -27.70206803135182 -17.286109439906237 0.01912219546999383
      vertex -27.8580460020843 -17.181888291876792 0.07575392663191494
    endloop
  endfacet
  facet normal 0.364394605247584 -0.2990509240190739 0.8819212643483518
    outer loop
      vertex -27.8580460020843 -17.181888291876792 0.07575392663191494
      vertex -28.001796123196733 -17.085837531751153 0.1677188678166508
      vertex -28.367973745040633 -17.532026254959366 0.1677188678166508
    endloop
  endfacet
  facet normal 0.4024548389919311 -0.490392640201607 0.7730104533627448
    outer loop
      vertex -28.898351663624943 -17.772205841849228 0.2914828579090054
      vertex -28.367973745040633 -17.532026254959366 0.1677188678166508
      vertex -28.475126265847084 -17.424873734152914 0.2914828579090054
    endloop
  endfacet
  facet normal 0.4903926402016081 -0.4024548389919297 0.7730104533627447
    outer loop
      vertex -28.367973745040633 -17.532026254959366 0.1677188678166508
      vertex -28.001796123196733 -17.085837531751153 0.1677188678166508
      vertex -28.475126265847084 -17.424873734152914 0.2914828579090054
    endloop
  endfacet
  facet normal 0.4903926402016101 -0.40245483899193363 0.7730104533627413
    outer loop
      vertex -28.475126265847084 -17.424873734152914 0.2914828579090054
      vertex -28.001796123196733 -17.085837531751153 0.1677188678166508
      vertex -28.12779415815077 -17.001648336375055 0.2914828579090054
    endloop
  endfacet
  facet normal 0.5594849272637037 -0.29905092401906674 0.773010453362741
    outer loop
      vertex -28.001796123196733 -17.085837531751153 0.1677188678166508
      vertex -27.729701603369833 -16.576784489586 0.1677188678166508
      vertex -28.12779415815077 -17.001648336375055 0.2914828579090054
    endloop
  endfacet
  facet normal 0.5594849272637075 -0.2990509240190716 0.7730104533627364
    outer loop
      vertex -28.12779415815077 -17.001648336375055 0.2914828579090054
      vertex -27.729701603369833 -16.576784489586 0.1677188678166508
      vertex -27.869703118648683 -16.518793963204715 0.2914828579090054
    endloop
  endfacet
  facet normal 0.4903926402016177 -0.5975451610080643 0.6343932841636434
    outer loop
      vertex -28.898351663624943 -17.772205841849228 0.2914828579090054
      vertex -28.475126265847084 -17.424873734152914 0.2914828579090054
      vertex -28.967443950687034 -17.668801926876363 0.4422897161773749
    endloop
  endfacet
  facet normal 0.5975451610080703 -0.4903926402016227 0.6343932841636338
    outer loop
      vertex -28.475126265847084 -17.424873734152914 0.2914828579090054
      vertex -28.12779415815077 -17.001648336375055 0.2914828579090054
      vertex -28.56306406705676 -17.336935932943238 0.4422897161773749
    endloop
  endfacet
  facet normal 0.4903926402016193 -0.5975451610080735 0.6343932841636336
    outer loop
      vertex -28.475126265847084 -17.424873734152914 0.2914828579090054
      vertex -28.56306406705676 -17.336935932943238 0.4422897161773749
      vertex -28.967443950687034 -17.668801926876363 0.4422897161773749
    endloop
  endfacet
  facet normal 0.5975451610080671 -0.4903926402016141 0.6343932841636436
    outer loop
      vertex -28.12779415815077 -17.001648336375055 0.2914828579090054
      vertex -28.231198073123636 -16.932556049312964 0.4422897161773749
      vertex -28.56306406705676 -17.336935932943238 0.4422897161773749
    endloop
  endfacet
  facet normal 0.6817343563841605 -0.3643946052475809 0.6343932841636443
    outer loop
      vertex -28.12779415815077 -17.001648336375055 0.2914828579090054
      vertex -27.869703118648683 -16.518793963204715 0.2914828579090054
      vertex -28.231198073123636 -16.932556049312964 0.4422897161773749
    endloop
  endfacet
  facet normal 0.6817343563841601 -0.36439460524758044 0.6343932841636448
    outer loop
      vertex -28.231198073123636 -16.932556049312964 0.4422897161773749
      vertex -27.869703118648683 -16.518793963204715 0.2914828579090054
      vertex -27.98459939292191 -16.471202368134605 0.4422897161773749
    endloop
  endfacet
  facet normal 0.7397248827654459 -0.22439308996872454 0.634393284163645
    outer loop
      vertex -27.869703118648683 -16.518793963204715 0.2914828579090054
      vertex -27.71077144124977 -15.994866437414977 0.2914828579090054
      vertex -27.98459939292191 -16.471202368134605 0.4422897161773749
    endloop
  endfacet
  facet normal -0.5594849272637117 -0.6817343563841642 0.47139673682598676
    outer loop
      vertex -31.932556049312964 -17.668801926876363 0.4422897161773749
      vertex -32.27159225171473 -17.27159225171473 0.6143440196319667
      vertex -32.336935932943234 -17.336935932943238 0.4422897161773749
    endloop
  endfacet
  facet normal -0.5594849272637022 -0.6817343563841622 0.4713967368260007
    outer loop
      vertex -31.932556049312964 -17.668801926876363 0.4422897161773749
      vertex -31.88121584840927 -17.59196588634749 0.6143440196319667
      vertex -32.27159225171473 -17.27159225171473 0.6143440196319667
    endloop
  endfacet
  facet normal -0.6817343563841658 -0.5594849272637115 0.4713967368259846
    outer loop
      vertex -32.336935932943234 -17.336935932943238 0.4422897161773749
      vertex -32.27159225171473 -17.27159225171473 0.6143440196319667
      vertex -32.591965886347495 -16.88121584840927 0.6143440196319667
    endloop
  endfacet
  facet normal -0.6070765223338125 -0.7397248827654471 0.29028467725446616
    outer loop
      vertex -31.88121584840927 -17.59196588634749 0.6143440196319667
      vertex -31.84960070879279 -17.54465048620999 0.8010338178801852
      vertex -32.23135381149184 -17.231353811491843 0.8010338178801852
    endloop
  endfacet
  facet normal -0.6070765223338122 -0.7397248827654472 0.29028467725446666
    outer loop
      vertex -31.88121584840927 -17.59196588634749 0.6143440196319667
      vertex -32.23135381149184 -17.231353811491843 0.8010338178801852
      vertex -32.27159225171473 -17.27159225171473 0.6143440196319667
    endloop
  endfacet
  facet normal -0.7397248827654471 -0.6070765223338123 0.29028467725446666
    outer loop
      vertex -32.27159225171473 -17.27159225171473 0.6143440196319667
      vertex -32.23135381149184 -17.231353811491843 0.8010338178801852
      vertex -32.54465048620999 -16.84960070879279 0.8010338178801852
    endloop
  endfacet
  facet normal -0.4510985516013399 -0.8439460307948858 0.2902846772544682
    outer loop
      vertex -31.88121584840927 -17.59196588634749 0.6143440196319667
      vertex -31.43583862268454 -17.83002497319623 0.6143440196319667
      vertex -31.84960070879279 -17.54465048620999 0.8010338178801852
    endloop
  endfacet
  facet normal -0.4510985516013361 -0.8439460307948854 0.29028467725447576
    outer loop
      vertex -31.43583862268454 -17.83002497319623 0.6143440196319667
      vertex -31.414061735759947 -17.777450917436614 0.8010338178801852
      vertex -31.84960070879279 -17.54465048620999 0.8010338178801852
    endloop
  endfacet
  facet normal -0.6313385071030707 -0.7692881967445504 0.09801714032955634
    outer loop
      vertex -31.84960070879279 -17.54465048620999 0.8010338178801852
      vertex -32.21776695296637 -17.217766952966368 0.9951847266721967
      vertex -32.23135381149184 -17.231353811491843 0.8010338178801852
    endloop
  endfacet
  facet normal -0.46912683269234673 -0.8776745724069173 0.09801714032954537
    outer loop
      vertex -31.84960070879279 -17.54465048620999 0.8010338178801852
      vertex -31.414061735759947 -17.777450917436614 0.8010338178801852
      vertex -31.838925582549006 -17.528674030756363 0.9951847266721967
    endloop
  endfacet
  facet normal -0.7397248827654409 -0.6070765223338138 0.290284677254479
    outer loop
      vertex -32.27159225171473 -17.27159225171473 0.6143440196319667
      vertex -32.54465048620999 -16.84960070879279 0.8010338178801852
      vertex -32.591965886347495 -16.88121584840927 0.6143440196319667
    endloop
  endfacet
  facet normal -0.7692881967445512 -0.6313385071030713 0.09801714032954618
    outer loop
      vertex -32.23135381149184 -17.231353811491843 0.8010338178801852
      vertex -32.52867403075636 -16.838925582549006 0.9951847266721967
      vertex -32.54465048620999 -16.84960070879279 0.8010338178801852
    endloop
  endfacet
  facet normal 0.4157348061512748 -0.777785116509799 0.4713967368259992
    outer loop
      vertex -29.46416137731546 -17.83002497319623 0.6143440196319667
      vertex -28.967443950687034 -17.668801926876363 0.4422897161773749
      vertex -29.01878415159073 -17.59196588634749 0.6143440196319667
    endloop
  endfacet
  facet normal 0.559484927263704 -0.6817343563841609 0.47139673682600053
    outer loop
      vertex -28.967443950687034 -17.668801926876363 0.4422897161773749
      vertex -28.56306406705676 -17.336935932943238 0.4422897161773749
      vertex -29.01878415159073 -17.59196588634749 0.6143440196319667
    endloop
  endfacet
  facet normal 0.681734356384163 -0.5594849272637058 0.4713967368259955
    outer loop
      vertex -28.56306406705676 -17.336935932943238 0.4422897161773749
      vertex -28.231198073123636 -16.932556049312964 0.4422897161773749
      vertex -28.62840774828527 -17.27159225171473 0.6143440196319667
    endloop
  endfacet
  facet normal 0.5594849272637041 -0.6817343563841644 0.47139673682599537
    outer loop
      vertex -28.56306406705676 -17.336935932943238 0.4422897161773749
      vertex -28.62840774828527 -17.27159225171473 0.6143440196319667
      vertex -29.01878415159073 -17.59196588634749 0.6143440196319667
    endloop
  endfacet
  facet normal 0.6817343563841622 -0.5594849272637024 0.47139673682600064
    outer loop
      vertex -28.231198073123636 -16.932556049312964 0.4422897161773749
      vertex -28.308034113652507 -16.88121584840927 0.6143440196319667
      vertex -28.62840774828527 -17.27159225171473 0.6143440196319667
    endloop
  endfacet
  facet normal 0.7777851165097999 -0.4157348061512733 0.47139673682599914
    outer loop
      vertex -28.231198073123636 -16.932556049312964 0.4422897161773749
      vertex -27.98459939292191 -16.471202368134605 0.4422897161773749
      vertex -28.308034113652507 -16.88121584840927 0.6143440196319667
    endloop
  endfacet
  facet normal 0.7777851165098009 -0.41573480615127584 0.47139673682599514
    outer loop
      vertex -28.308034113652507 -16.88121584840927 0.6143440196319667
      vertex -27.98459939292191 -16.471202368134605 0.4422897161773749
      vertex -28.069975026803768 -16.43583862268454 0.6143440196319667
    endloop
  endfacet
  facet normal 0.4510985516013371 -0.8439460307948874 0.2902846772544681
    outer loop
      vertex -29.01878415159073 -17.59196588634749 0.6143440196319667
      vertex -29.05039929120721 -17.54465048620999 0.8010338178801852
      vertex -29.48593826424005 -17.777450917436614 0.8010338178801852
    endloop
  endfacet
  facet normal 0.4691268326923461 -0.8776745724069162 0.09801714032955917
    outer loop
      vertex -29.48593826424005 -17.777450917436614 0.8010338178801852
      vertex -29.05039929120721 -17.54465048620999 0.8010338178801852
      vertex -29.493291419087274 -17.759698831278214 0.9951847266721967
    endloop
  endfacet
  facet normal 0.6070765223338123 -0.7397248827654472 0.29028467725446616
    outer loop
      vertex -29.01878415159073 -17.59196588634749 0.6143440196319667
      vertex -28.62840774828527 -17.27159225171473 0.6143440196319667
      vertex -29.05039929120721 -17.54465048620999 0.8010338178801852
    endloop
  endfacet
  facet normal 0.7397248827654472 -0.6070765223338122 0.29028467725446666
    outer loop
      vertex -28.62840774828527 -17.27159225171473 0.6143440196319667
      vertex -28.308034113652507 -16.88121584840927 0.6143440196319667
      vertex -28.668646188508156 -17.231353811491843 0.8010338178801852
    endloop
  endfacet
  facet normal 0.6070765223338125 -0.739724882765447 0.29028467725446666
    outer loop
      vertex -28.62840774828527 -17.27159225171473 0.6143440196319667
      vertex -28.668646188508156 -17.231353811491843 0.8010338178801852
      vertex -29.05039929120721 -17.54465048620999 0.8010338178801852
    endloop
  endfacet
  facet normal 0.6313385071030713 -0.7692881967445512 0.09801714032954613
    outer loop
      vertex -29.05039929120721 -17.54465048620999 0.8010338178801852
      vertex -28.668646188508156 -17.231353811491843 0.8010338178801852
      vertex -29.061074417450993 -17.528674030756363 0.9951847266721967
    endloop
  endfacet
  facet normal 0.7692881967445495 -0.6313385071030699 0.09801714032956782
    outer loop
      vertex -28.668646188508156 -17.231353811491843 0.8010338178801852
      vertex -28.35534951379001 -16.84960070879279 0.8010338178801852
      vertex -28.68223304703363 -17.217766952966368 0.9951847266721967
    endloop
  endfacet
  facet normal 0.7397248827654472 -0.6070765223338124 0.2902846772544661
    outer loop
      vertex -28.308034113652507 -16.88121584840927 0.6143440196319667
      vertex -28.35534951379001 -16.84960070879279 0.8010338178801852
      vertex -28.668646188508156 -17.231353811491843 0.8010338178801852
    endloop
  endfacet
  facet normal 0.8439460307948858 -0.4510985516013399 0.2902846772544682
    outer loop
      vertex -28.308034113652507 -16.88121584840927 0.6143440196319667
      vertex -28.069975026803768 -16.43583862268454 0.6143440196319667
      vertex -28.35534951379001 -16.84960070879279 0.8010338178801852
    endloop
  endfacet
  facet normal 0.8439460307948854 -0.45109855160133605 0.2902846772544757
    outer loop
      vertex -28.069975026803768 -16.43583862268454 0.6143440196319667
      vertex -28.122549082563385 -16.414061735759947 0.8010338178801852
      vertex -28.35534951379001 -16.84960070879279 0.8010338178801852
    endloop
  endfacet
  facet normal 0.8776745724069173 -0.46912683269234673 0.09801714032954537
    outer loop
      vertex -28.35534951379001 -16.84960070879279 0.8010338178801852
      vertex -28.122549082563385 -16.414061735759947 0.8010338178801852
      vertex -28.371325969243635 -16.838925582549006 0.9951847266721967
    endloop
  endfacet
  facet normal 0.8439460307948912 -0.2560082295852092 0.4713967368259941
    outer loop
      vertex -27.98459939292191 -16.471202368134605 0.4422897161773749
      vertex -27.83274467543761 -15.97060445264572 0.4422897161773749
      vertex -28.069975026803768 -16.43583862268454 0.6143440196319667
    endloop
  endfacet
  facet normal 0.8439460307948895 -0.25600822958520675 0.4713967368259984
    outer loop
      vertex -27.83274467543761 -15.97060445264572 0.4422897161773749
      vertex -27.92337896494158 -15.95257617155471 0.6143440196319667
      vertex -28.069975026803768 -16.43583862268454 0.6143440196319667
    endloop
  endfacet
  facet normal 0.877674572406916 -0.08644340032725657 0.4713967368259975
    outer loop
      vertex -27.83274467543761 -15.97060445264572 0.4422897161773749
      vertex -27.781469612302544 -15.45 0.4422897161773749
      vertex -27.92337896494158 -15.95257617155471 0.6143440196319667
    endloop
  endfacet
  facet normal 0.8776745724069169 -0.08644340032725745 0.47139673682599564
    outer loop
      vertex -27.781469612302544 -15.45 0.4422897161773749
      vertex -27.873879532511285 -15.45 0.6143440196319667
      vertex -27.92337896494158 -15.95257617155471 0.6143440196319667
    endloop
  endfacet
  facet normal 0.9157348061512692 -0.2777851165097968 0.2902846772544767
    outer loop
      vertex -28.069975026803768 -16.43583862268454 0.6143440196319667
      vertex -27.92337896494158 -15.95257617155471 0.6143440196319667
      vertex -28.122549082563385 -16.414061735759947 0.8010338178801852
    endloop
  endfacet
  facet normal 0.9157348061512713 -0.27778511650980253 0.29028467725446466
    outer loop
      vertex -27.92337896494158 -15.95257617155471 0.6143440196319667
      vertex -27.979191284844337 -15.941474410873903 0.8010338178801852
      vertex -28.122549082563385 -16.414061735759947 0.8010338178801852
    endloop
  endfacet
  facet normal 0.952332406457258 -0.28888687719061074 0.09801714032956052
    outer loop
      vertex -28.122549082563385 -16.414061735759947 0.8010338178801852
      vertex -27.979191284844337 -15.941474410873903 0.8010338178801852
      vertex -28.140301168721784 -16.406708580912724 0.9951847266721967
    endloop
  endfacet
  facet normal 0.9523324064572575 -0.09379655517448188 0.2902846772544655
    outer loop
      vertex -27.92337896494158 -15.95257617155471 0.6143440196319667
      vertex -27.873879532511285 -15.45 0.6143440196319667
      vertex -27.979191284844337 -15.941474410873903 0.8010338178801852
    endloop
  endfacet
  facet normal 0.9523324064572598 -0.09379655517448554 0.29028467725445706
    outer loop
      vertex -27.873879532511285 -15.45 0.6143440196319667
      vertex -27.930785280403228 -15.45 0.8010338178801852
      vertex -27.979191284844337 -15.941474410873903 0.8010338178801852
    endloop
  endfacet
  facet normal 0.95233240645726 0.09379655517448213 0.29028467725445717
    outer loop
      vertex -27.873879532511285 -15.45 0.6143440196319667
      vertex -27.92337896494158 -14.947423828445288 0.6143440196319667
      vertex -27.930785280403228 -15.45 0.8010338178801852
    endloop
  endfacet
  facet normal 0.9903926402016155 -0.09754516100806904 0.09801714032955366
    outer loop
      vertex -27.979191284844337 -15.941474410873903 0.8010338178801852
      vertex -27.930785280403228 -15.45 0.8010338178801852
      vertex -27.998036798991922 -15.93772580504032 0.9951847266721967
    endloop
  endfacet
  facet normal 0.9903926402016139 0.09754516100806887 0.09801714032956964
    outer loop
      vertex -27.930785280403228 -15.45 0.8010338178801852
      vertex -27.979191284844337 -14.958525589126095 0.8010338178801852
      vertex -27.95 -15.45 0.9951847266721967
    endloop
  endfacet
  facet normal -0.8776745724069199 -0.46912683269234196 0.09801714032954531
    outer loop
      vertex -32.54465048620999 -16.84960070879279 0.8010338178801852
      vertex -32.52867403075636 -16.838925582549006 0.9951847266721967
      vertex -32.759698831278214 -16.406708580912724 0.9951847266721967
    endloop
  endfacet
  facet normal -0.9523324064572578 -0.28888687719060596 0.09801714032957776
    outer loop
      vertex -32.77745091743662 -16.414061735759947 0.8010338178801852
      vertex -32.759698831278214 -16.406708580912724 0.9951847266721967
      vertex -32.90196320100807 -15.93772580504032 0.9951847266721967
    endloop
  endfacet
  facet normal -0.9903926402016111 -0.0975451610080766 0.09801714032958964
    outer loop
      vertex -32.920808715155665 -15.941474410873903 0.8010338178801852
      vertex -32.90196320100807 -15.93772580504032 0.9951847266721967
      vertex -32.95 -15.45 0.9951847266721967
    endloop
  endfacet
  facet normal -0.9903926402016148 0.09754516100807696 0.0980171403295516
    outer loop
      vertex -32.96921471959677 -15.45 0.8010338178801852
      vertex -32.95 -15.45 0.9951847266721967
      vertex -32.90196320100807 -14.96227419495968 0.9951847266721967
    endloop
  endfacet
  facet normal -0.28888687719061307 -0.9523324064572576 0.09801714032955709
    outer loop
      vertex -30.941474410873905 -17.920808715155662 0.8010338178801852
      vertex -30.93772580504032 -17.901963201008076 0.9951847266721967
      vertex -31.406708580912724 -17.759698831278214 0.9951847266721967
    endloop
  endfacet
  facet normal -0.0975451610080625 -0.9903926402016144 0.0980171403295697
    outer loop
      vertex -30.45 -17.96921471959677 0.8010338178801852
      vertex -30.45 -17.95 0.9951847266721967
      vertex -30.93772580504032 -17.901963201008076 0.9951847266721967
    endloop
  endfacet
  facet normal 0.09754516100806264 -0.9903926402016159 0.09801714032955447
    outer loop
      vertex -29.958525589126094 -17.920808715155662 0.8010338178801852
      vertex -29.96227419495968 -17.901963201008076 0.9951847266721967
      vertex -30.45 -17.95 0.9951847266721967
    endloop
  endfacet
  facet normal 0.28888687719061307 -0.9523324064572575 0.09801714032956056
    outer loop
      vertex -29.96227419495968 -17.901963201008076 0.9951847266721967
      vertex -29.48593826424005 -17.777450917436614 0.8010338178801852
      vertex -29.493291419087274 -17.759698831278214 0.9951847266721967
    endloop
  endfacet
  facet normal -0.6313385071030744 -0.7692881967445487 0.09801714032954609
    outer loop
      vertex -31.84960070879279 -17.54465048620999 0.8010338178801852
      vertex -31.838925582549006 -17.528674030756363 0.9951847266721967
      vertex -32.21776695296637 -17.217766952966368 0.9951847266721967
    endloop
  endfacet
  facet normal -0.7692881967445486 -0.6313385071030732 0.0980171403295539
    outer loop
      vertex -32.23135381149184 -17.231353811491843 0.8010338178801852
      vertex -32.21776695296637 -17.217766952966368 0.9951847266721967
      vertex -32.52867403075636 -16.838925582549006 0.9951847266721967
    endloop
  endfacet
  facet normal -0.4691268326923413 -0.8776745724069186 0.0980171403295592
    outer loop
      vertex -31.414061735759947 -17.777450917436614 0.8010338178801852
      vertex -31.406708580912724 -17.759698831278214 0.9951847266721967
      vertex -31.838925582549006 -17.528674030756363 0.9951847266721967
    endloop
  endfacet
  facet normal 0.46912683269234196 -0.8776745724069199 0.09801714032954531
    outer loop
      vertex -29.05039929120721 -17.54465048620999 0.8010338178801852
      vertex -29.061074417450993 -17.528674030756363 0.9951847266721967
      vertex -29.493291419087274 -17.759698831278214 0.9951847266721967
    endloop
  endfacet
  facet normal 0.6313385071030766 -0.769288196744544 0.09801714032956789
    outer loop
      vertex -28.668646188508156 -17.231353811491843 0.8010338178801852
      vertex -28.68223304703363 -17.217766952966368 0.9951847266721967
      vertex -29.061074417450993 -17.528674030756363 0.9951847266721967
    endloop
  endfacet
  facet normal 0.7692881967445456 -0.6313385071030779 0.09801714032954603
    outer loop
      vertex -28.35534951379001 -16.84960070879279 0.8010338178801852
      vertex -28.371325969243635 -16.838925582549006 0.9951847266721967
      vertex -28.68223304703363 -17.217766952966368 0.9951847266721967
    endloop
  endfacet
  facet normal 0.8776745724069187 -0.46912683269234134 0.09801714032955917
    outer loop
      vertex -28.371325969243635 -16.838925582549006 0.9951847266721967
      vertex -28.122549082563385 -16.414061735759947 0.8010338178801852
      vertex -28.140301168721784 -16.406708580912724 0.9951847266721967
    endloop
  endfacet
  facet normal 0.9523324064572579 -0.28888687719061323 0.0980171403295545
    outer loop
      vertex -27.979191284844337 -15.941474410873903 0.8010338178801852
      vertex -27.998036798991922 -15.93772580504032 0.9951847266721967
      vertex -28.140301168721784 -16.406708580912724 0.9951847266721967
    endloop
  endfacet
  facet normal 0.9903926402016144 -0.0975451610080625 0.0980171403295697
    outer loop
      vertex -27.930785280403228 -15.45 0.8010338178801852
      vertex -27.95 -15.45 0.9951847266721967
      vertex -27.998036798991922 -15.93772580504032 0.9951847266721967
    endloop
  endfacet
  facet normal -0.4691268326923509 0.046204960104375754 0.881921264348352
    outer loop
      vertex -33.56731656763491 -15.45 0.07575392663191494
      vertex -33.337853374635486 -14.87557024860592 0.1677188678166508
      vertex -33.50741820389344 -14.841841706993893 0.07575392663191494
    endloop
  endfacet
  facet normal -0.27778511650979476 0.08426519384872273 0.956940335732211
    outer loop
      vertex -33.69140676522876 -14.805244106687907 0.01912219546999383
      vertex -33.50741820389344 -14.841841706993893 0.07575392663191494
      vertex -33.33002497319623 -14.257054596128912 0.07575392663191494
    endloop
  endfacet
  facet normal -0.4510985516013436 0.13683924960834246 0.8819212643483519
    outer loop
      vertex -33.50741820389344 -14.841841706993893 0.07575392663191494
      vertex -33.337853374635486 -14.87557024860592 0.1677188678166508
      vertex -33.170298396630166 -14.323215510413998 0.1677188678166508
    endloop
  endfacet
  facet normal -0.6313385071030722 0.06218141555799684 0.7730104533627393
    outer loop
      vertex -33.394429766980394 -15.45 0.1677188678166508
      vertex -33.18922855875023 -14.905133562585021 0.2914828579090054
      vertex -33.337853374635486 -14.87557024860592 0.1677188678166508
    endloop
  endfacet
  facet normal -0.6070765223338145 0.1841546497458425 0.7730104533627392
    outer loop
      vertex -33.337853374635486 -14.87557024860592 0.1677188678166508
      vertex -33.18922855875023 -14.905133562585021 0.2914828579090054
      vertex -33.03029688135131 -14.381206036795284 0.2914828579090054
    endloop
  endfacet
  facet normal -0.4510985516013356 0.13683924960833635 0.881921264348357
    outer loop
      vertex -33.50741820389344 -14.841841706993893 0.07575392663191494
      vertex -33.170298396630166 -14.323215510413998 0.1677188678166508
      vertex -33.33002497319623 -14.257054596128912 0.07575392663191494
    endloop
  endfacet
  facet normal -0.25600822958521047 0.1368392496083435 0.9569403357322084
    outer loop
      vertex -33.33002497319623 -14.257054596128912 0.07575392663191494
      vertex -33.0419539979157 -13.718111708123207 0.07575392663191494
      vertex -33.50333840828777 -14.185265820772528 0.01912219546999383
    endloop
  endfacet
  facet normal -0.41573480615126984 0.22221488349019702 0.8819212643483568
    outer loop
      vertex -33.33002497319623 -14.257054596128912 0.07575392663191494
      vertex -33.170298396630166 -14.323215510413998 0.1677188678166508
      vertex -32.898203876803265 -13.814162468248847 0.1677188678166508
    endloop
  endfacet
  facet normal -0.41573480615127484 0.22221488349020269 0.8819212643483529
    outer loop
      vertex -33.33002497319623 -14.257054596128912 0.07575392663191494
      vertex -32.898203876803265 -13.814162468248847 0.1677188678166508
      vertex -33.0419539979157 -13.718111708123207 0.07575392663191494
    endloop
  endfacet
  facet normal -0.6070765223338107 0.18415464974583926 0.7730104533627431
    outer loop
      vertex -33.337853374635486 -14.87557024860592 0.1677188678166508
      vertex -33.03029688135131 -14.381206036795284 0.2914828579090054
      vertex -33.170298396630166 -14.323215510413998 0.1677188678166508
    endloop
  endfacet
  facet normal -0.559484927263702 0.29905092401906447 0.7730104533627431
    outer loop
      vertex -33.170298396630166 -14.323215510413998 0.1677188678166508
      vertex -33.03029688135131 -14.381206036795284 0.2914828579090054
      vertex -32.77220584184923 -13.898351663624943 0.2914828579090054
    endloop
  endfacet
  facet normal -0.5594849272637051 0.2990509240190686 0.7730104533627393
    outer loop
      vertex -33.170298396630166 -14.323215510413998 0.1677188678166508
      vertex -32.77220584184923 -13.898351663624943 0.2914828579090054
      vertex -32.898203876803265 -13.814162468248847 0.1677188678166508
    endloop
  endfacet
  facet normal -0.7692881967445514 0.075768274083473 0.6343932841636393
    outer loop
      vertex -33.24289321881345 -15.45 0.2914828579090054
      vertex -33.06725532456239 -14.929395547354279 0.4422897161773749
      vertex -33.18922855875023 -14.905133562585021 0.2914828579090054
    endloop
  endfacet
  facet normal -0.7397248827654442 0.22439308996872906 0.6343932841636453
    outer loop
      vertex -33.18922855875023 -14.905133562585021 0.2914828579090054
      vertex -32.915400607078084 -14.428797631865393 0.4422897161773749
      vertex -33.03029688135131 -14.381206036795284 0.2914828579090054
    endloop
  endfacet
  facet normal -0.7397248827654481 0.22439308996873314 0.6343932841636394
    outer loop
      vertex -33.18922855875023 -14.905133562585021 0.2914828579090054
      vertex -33.06725532456239 -14.929395547354279 0.4422897161773749
      vertex -32.915400607078084 -14.428797631865393 0.4422897161773749
    endloop
  endfacet
  facet normal -0.6817343563841626 0.36439460524757705 0.634393284163644
    outer loop
      vertex -33.03029688135131 -14.381206036795284 0.2914828579090054
      vertex -32.66880192687636 -13.967443950687034 0.4422897161773749
      vertex -32.77220584184923 -13.898351663624943 0.2914828579090054
    endloop
  endfacet
  facet normal -0.6817343563841621 0.36439460524757633 0.634393284163645
    outer loop
      vertex -33.03029688135131 -14.381206036795284 0.2914828579090054
      vertex -32.915400607078084 -14.428797631865393 0.4422897161773749
      vertex -32.66880192687636 -13.967443950687034 0.4422897161773749
    endloop
  endfacet
  facet normal -0.3643946052475808 0.29905092401907435 0.881921264348353
    outer loop
      vertex -33.0419539979157 -13.718111708123207 0.07575392663191494
      vertex -32.898203876803265 -13.814162468248847 0.1677188678166508
      vertex -32.53202625495936 -13.367973745040635 0.1677188678166508
    endloop
  endfacet
  facet normal -0.22439308996872898 0.1841546497458408 0.9569403357322088
    outer loop
      vertex -33.0419539979157 -13.718111708123207 0.07575392663191494
      vertex -32.65427568407982 -13.245724315920182 0.07575392663191494
      vertex -33.19793196864818 -13.613890560093761 0.01912219546999383
    endloop
  endfacet
  facet normal -0.36439460524757344 0.2990509240190615 0.8819212643483605
    outer loop
      vertex -33.0419539979157 -13.718111708123207 0.07575392663191494
      vertex -32.53202625495936 -13.367973745040635 0.1677188678166508
      vertex -32.65427568407982 -13.245724315920182 0.07575392663191494
    endloop
  endfacet
  facet normal -0.490392640201615 0.40245483899193174 0.7730104533627393
    outer loop
      vertex -32.898203876803265 -13.814162468248847 0.1677188678166508
      vertex -32.77220584184923 -13.898351663624943 0.2914828579090054
      vertex -32.42487373415292 -13.475126265847083 0.2914828579090054
    endloop
  endfacet
  facet normal -0.49039264020162115 0.4024548389919443 0.7730104533627289
    outer loop
      vertex -32.898203876803265 -13.814162468248847 0.1677188678166508
      vertex -32.42487373415292 -13.475126265847083 0.2914828579090054
      vertex -32.53202625495936 -13.367973745040635 0.1677188678166508
    endloop
  endfacet
  facet normal -0.18415464974584397 0.22439308996873078 0.9569403357322078
    outer loop
      vertex -32.786924044511444 -13.113075955488554 0.01912219546999383
      vertex -32.65427568407982 -13.245724315920182 0.07575392663191494
      vertex -32.181888291876795 -12.8580460020843 0.07575392663191494
    endloop
  endfacet
  facet normal -0.597545161008059 0.4903926402016062 0.6343932841636574
    outer loop
      vertex -32.77220584184923 -13.898351663624943 0.2914828579090054
      vertex -32.336935932943234 -13.563064067056763 0.4422897161773749
      vertex -32.42487373415292 -13.475126265847083 0.2914828579090054
    endloop
  endfacet
  facet normal -0.5975451610080637 0.49039264020161866 0.6343932841636433
    outer loop
      vertex -32.77220584184923 -13.898351663624943 0.2914828579090054
      vertex -32.66880192687636 -13.967443950687034 0.4422897161773749
      vertex -32.336935932943234 -13.563064067056763 0.4422897161773749
    endloop
  endfacet
  facet normal -0.8776745724069085 0.08644340032725582 0.4713967368260116
    outer loop
      vertex -33.118530387697454 -15.45 0.4422897161773749
      vertex -32.976621035058415 -14.947423828445288 0.6143440196319667
      vertex -33.06725532456239 -14.929395547354279 0.4422897161773749
    endloop
  endfacet
  facet normal -0.8439460307948963 0.25600822958521674 0.4713967368259808
    outer loop
      vertex -33.06725532456239 -14.929395547354279 0.4422897161773749
      vertex -32.83002497319623 -14.46416137731546 0.6143440196319667
      vertex -32.915400607078084 -14.428797631865393 0.4422897161773749
    endloop
  endfacet
  facet normal -0.8439460307948841 0.25600822958519887 0.4713967368260123
    outer loop
      vertex -33.06725532456239 -14.929395547354279 0.4422897161773749
      vertex -32.976621035058415 -14.947423828445288 0.6143440196319667
      vertex -32.83002497319623 -14.46416137731546 0.6143440196319667
    endloop
  endfacet
  facet normal -0.77778511650981 0.41573480615127284 0.47139673682598293
    outer loop
      vertex -32.915400607078084 -14.428797631865393 0.4422897161773749
      vertex -32.83002497319623 -14.46416137731546 0.6143440196319667
      vertex -32.591965886347495 -14.018784151590728 0.6143440196319667
    endloop
  endfacet
  facet normal -0.7777851165098099 0.4157348061512727 0.4713967368259831
    outer loop
      vertex -32.915400607078084 -14.428797631865393 0.4422897161773749
      vertex -32.591965886347495 -14.018784151590728 0.6143440196319667
      vertex -32.66880192687636 -13.967443950687034 0.4422897161773749
    endloop
  endfacet
  facet normal -0.9523324064572676 0.09379655517448286 0.2902846772544323
    outer loop
      vertex -33.02612046748871 -15.45 0.6143440196319667
      vertex -32.920808715155665 -14.958525589126095 0.8010338178801852
      vertex -32.976621035058415 -14.947423828445288 0.6143440196319667
    endloop
  endfacet
  facet normal -0.915734806151276 0.2777851165097921 0.29028467725446055
    outer loop
      vertex -32.976621035058415 -14.947423828445288 0.6143440196319667
      vertex -32.77745091743662 -14.485938264240051 0.8010338178801852
      vertex -32.83002497319623 -14.46416137731546 0.6143440196319667
    endloop
  endfacet
  facet normal -0.9157348061512807 0.27778511650980536 0.29028467725443274
    outer loop
      vertex -32.976621035058415 -14.947423828445288 0.6143440196319667
      vertex -32.920808715155665 -14.958525589126095 0.8010338178801852
      vertex -32.77745091743662 -14.485938264240051 0.8010338178801852
    endloop
  endfacet
  facet normal -0.9903926402016127 0.09754516100806158 0.09801714032958948
    outer loop
      vertex -32.96921471959677 -15.45 0.8010338178801852
      vertex -32.90196320100807 -14.96227419495968 0.9951847266721967
      vertex -32.920808715155665 -14.958525589126095 0.8010338178801852
    endloop
  endfacet
  facet normal -0.9523324064572564 0.28888687719061024 0.0980171403295778
    outer loop
      vertex -32.920808715155665 -14.958525589126095 0.8010338178801852
      vertex -32.759698831278214 -14.493291419087274 0.9951847266721967
      vertex -32.77745091743662 -14.485938264240051 0.8010338178801852
    endloop
  endfacet
  facet normal -0.8439460307948865 0.45109855160134343 0.29028467725446083
    outer loop
      vertex -32.83002497319623 -14.46416137731546 0.6143440196319667
      vertex -32.77745091743662 -14.485938264240051 0.8010338178801852
      vertex -32.54465048620999 -14.05039929120721 0.8010338178801852
    endloop
  endfacet
  facet normal -0.8439460307948846 0.45109855160133067 0.2902846772544866
    outer loop
      vertex -32.83002497319623 -14.46416137731546 0.6143440196319667
      vertex -32.54465048620999 -14.05039929120721 0.8010338178801852
      vertex -32.591965886347495 -14.018784151590728 0.6143440196319667
    endloop
  endfacet
  facet normal -0.8776745724069138 0.4691268326923521 0.09801714032954964
    outer loop
      vertex -32.77745091743662 -14.485938264240051 0.8010338178801852
      vertex -32.52867403075636 -14.061074417450994 0.9951847266721967
      vertex -32.54465048620999 -14.05039929120721 0.8010338178801852
    endloop
  endfacet
  facet normal -0.6817343563841632 0.5594849272637145 0.4713967368259849
    outer loop
      vertex -32.66880192687636 -13.967443950687034 0.4422897161773749
      vertex -32.591965886347495 -14.018784151590728 0.6143440196319667
      vertex -32.27159225171473 -13.628407748285271 0.6143440196319667
    endloop
  endfacet
  facet normal -0.40245483899193946 0.4903926402016239 0.7730104533627296
    outer loop
      vertex -32.53202625495936 -13.367973745040635 0.1677188678166508
      vertex -32.42487373415292 -13.475126265847083 0.2914828579090054
      vertex -32.001648336375055 -13.12779415815077 0.2914828579090054
    endloop
  endfacet
  facet normal -0.29905092401906597 0.36439460524757133 0.8819212643483598
    outer loop
      vertex -32.65427568407982 -13.245724315920182 0.07575392663191494
      vertex -32.53202625495936 -13.367973745040635 0.1677188678166508
      vertex -32.08583753175115 -13.001796123196735 0.1677188678166508
    endloop
  endfacet
  facet normal -0.2990509240190684 0.3643946052475785 0.881921264348356
    outer loop
      vertex -32.65427568407982 -13.245724315920182 0.07575392663191494
      vertex -32.08583753175115 -13.001796123196735 0.1677188678166508
      vertex -32.181888291876795 -12.8580460020843 0.07575392663191494
    endloop
  endfacet
  facet normal -0.13683924960834315 0.2560082295852122 0.9569403357322079
    outer loop
      vertex -32.181888291876795 -12.8580460020843 0.07575392663191494
      vertex -31.64294540387109 -12.56997502680377 0.07575392663191494
      vertex -32.286109439906234 -12.70206803135182 0.01912219546999383
    endloop
  endfacet
  facet normal -0.22221488349019855 0.4157348061512715 0.8819212643483557
    outer loop
      vertex -32.181888291876795 -12.8580460020843 0.07575392663191494
      vertex -32.08583753175115 -13.001796123196735 0.1677188678166508
      vertex -31.576784489586 -12.729701603369833 0.1677188678166508
    endloop
  endfacet
  facet normal -0.22221488349019847 0.4157348061512709 0.8819212643483559
    outer loop
      vertex -32.181888291876795 -12.8580460020843 0.07575392663191494
      vertex -31.576784489586 -12.729701603369833 0.1677188678166508
      vertex -31.64294540387109 -12.56997502680377 0.07575392663191494
    endloop
  endfacet
  facet normal -0.4024548389919364 0.4903926402016124 0.7730104533627385
    outer loop
      vertex -32.53202625495936 -13.367973745040635 0.1677188678166508
      vertex -32.001648336375055 -13.12779415815077 0.2914828579090054
      vertex -32.08583753175115 -13.001796123196735 0.1677188678166508
    endloop
  endfacet
  facet normal -0.2990509240190708 0.559484927263706 0.773010453362738
    outer loop
      vertex -32.001648336375055 -13.12779415815077 0.2914828579090054
      vertex -31.518793963204715 -12.869703118648683 0.2914828579090054
      vertex -32.08583753175115 -13.001796123196735 0.1677188678166508
    endloop
  endfacet
  facet normal -0.29905092401907085 0.5594849272637077 0.7730104533627365
    outer loop
      vertex -32.08583753175115 -13.001796123196735 0.1677188678166508
      vertex -31.518793963204715 -12.869703118648683 0.2914828579090054
      vertex -31.576784489586 -12.729701603369833 0.1677188678166508
    endloop
  endfacet
  facet normal -0.18415464974584178 0.6070765223338189 0.773010453362736
    outer loop
      vertex -31.576784489586 -12.729701603369833 0.1677188678166508
      vertex -31.518793963204715 -12.869703118648683 0.2914828579090054
      vertex -30.994866437414977 -12.710771441249767 0.2914828579090054
    endloop
  endfacet
  facet normal -0.18415464974584161 0.6070765223338205 0.7730104533627349
    outer loop
      vertex -31.576784489586 -12.729701603369833 0.1677188678166508
      vertex -30.994866437414977 -12.710771441249767 0.2914828579090054
      vertex -31.024429751394077 -12.562146625364512 0.1677188678166508
    endloop
  endfacet
  facet normal -0.4903926402016117 0.5975451610080558 0.6343932841636561
    outer loop
      vertex -32.42487373415292 -13.475126265847083 0.2914828579090054
      vertex -32.336935932943234 -13.563064067056763 0.4422897161773749
      vertex -31.932556049312964 -13.231198073123636 0.4422897161773749
    endloop
  endfacet
  facet normal -0.49039264020161366 0.5975451610080674 0.6343932841636436
    outer loop
      vertex -32.42487373415292 -13.475126265847083 0.2914828579090054
      vertex -31.932556049312964 -13.231198073123636 0.4422897161773749
      vertex -32.001648336375055 -13.12779415815077 0.2914828579090054
    endloop
  endfacet
  facet normal -0.36439460524758066 0.68173435638416 0.6343932841636448
    outer loop
      vertex -32.001648336375055 -13.12779415815077 0.2914828579090054
      vertex -31.471202368134605 -12.984599392921911 0.4422897161773749
      vertex -31.518793963204715 -12.869703118648683 0.2914828579090054
    endloop
  endfacet
  facet normal -0.3643946052475807 0.6817343563841606 0.6343932841636443
    outer loop
      vertex -32.001648336375055 -13.12779415815077 0.2914828579090054
      vertex -31.932556049312964 -13.231198073123636 0.4422897161773749
      vertex -31.471202368134605 -12.984599392921911 0.4422897161773749
    endloop
  endfacet
  facet normal -0.2243930899687269 0.7397248827654453 0.6343932841636448
    outer loop
      vertex -31.518793963204715 -12.869703118648683 0.2914828579090054
      vertex -30.97060445264572 -12.83274467543761 0.4422897161773749
      vertex -30.994866437414977 -12.710771441249767 0.2914828579090054
    endloop
  endfacet
  facet normal -0.07576827408347266 0.7692881967445478 0.6343932841636438
    outer loop
      vertex -30.994866437414977 -12.710771441249767 0.2914828579090054
      vertex -30.45 -12.781469612302544 0.4422897161773749
      vertex -30.45 -12.657106781186547 0.2914828579090054
    endloop
  endfacet
  facet normal -0.22439308996872695 0.739724882765445 0.6343932841636453
    outer loop
      vertex -31.518793963204715 -12.869703118648683 0.2914828579090054
      vertex -31.471202368134605 -12.984599392921911 0.4422897161773749
      vertex -30.97060445264572 -12.83274467543761 0.4422897161773749
    endloop
  endfacet
  facet normal -0.075768274083473 0.769288196744547 0.6343932841636447
    outer loop
      vertex -30.994866437414977 -12.710771441249767 0.2914828579090054
      vertex -30.97060445264572 -12.83274467543761 0.4422897161773749
      vertex -30.45 -12.781469612302544 0.4422897161773749
    endloop
  endfacet
  facet normal 0.07576827408347309 0.7692881967445477 0.6343932841636437
    outer loop
      vertex -30.45 -12.657106781186547 0.2914828579090054
      vertex -30.45 -12.781469612302544 0.4422897161773749
      vertex -29.92939554735428 -12.83274467543761 0.4422897161773749
    endloop
  endfacet
  facet normal 0.4157348061512763 0.22221488349020044 0.8819212643483529
    outer loop
      vertex -27.729701603369833 -14.323215510413998 0.1677188678166508
      vertex -27.8580460020843 -13.718111708123207 0.07575392663191494
      vertex -28.001796123196733 -13.814162468248847 0.1677188678166508
    endloop
  endfacet
  facet normal 0.5594849272637081 0.29905092401907013 0.7730104533627365
    outer loop
      vertex -27.729701603369833 -14.323215510413998 0.1677188678166508
      vertex -28.001796123196733 -13.814162468248847 0.1677188678166508
      vertex -27.869703118648683 -14.381206036795284 0.2914828579090054
    endloop
  endfacet
  facet normal 0.5594849272637044 0.2990509240190699 0.7730104533627394
    outer loop
      vertex -27.869703118648683 -14.381206036795284 0.2914828579090054
      vertex -28.001796123196733 -13.814162468248847 0.1677188678166508
      vertex -28.12779415815077 -13.898351663624943 0.2914828579090054
    endloop
  endfacet
  facet normal 0.7397248827654451 0.22439308996872698 0.6343932841636452
    outer loop
      vertex -27.869703118648683 -14.381206036795284 0.2914828579090054
      vertex -27.98459939292191 -14.428797631865393 0.4422897161773749
      vertex -27.83274467543761 -14.929395547354279 0.4422897161773749
    endloop
  endfacet
  facet normal 0.68173435638416 0.36439460524758066 0.6343932841636448
    outer loop
      vertex -27.869703118648683 -14.381206036795284 0.2914828579090054
      vertex -28.12779415815077 -13.898351663624943 0.2914828579090054
      vertex -27.98459939292191 -14.428797631865393 0.4422897161773749
    endloop
  endfacet
  facet normal 0.6817343563841606 0.3643946052475807 0.6343932841636443
    outer loop
      vertex -27.98459939292191 -14.428797631865393 0.4422897161773749
      vertex -28.12779415815077 -13.898351663624943 0.2914828579090054
      vertex -28.231198073123636 -13.967443950687034 0.4422897161773749
    endloop
  endfacet
  facet normal 0.2222148834901983 0.415734806151271 0.8819212643483559
    outer loop
      vertex -29.25705459612891 -12.56997502680377 0.07575392663191494
      vertex -29.323215510414 -12.729701603369833 0.1677188678166508
      vertex -28.814162468248846 -13.001796123196735 0.1677188678166508
    endloop
  endfacet
  facet normal 0.18415464974584217 0.6070765223338203 0.7730104533627348
    outer loop
      vertex -29.87557024860592 -12.562146625364512 0.1677188678166508
      vertex -29.90513356258502 -12.710771441249767 0.2914828579090054
      vertex -29.381206036795284 -12.869703118648683 0.2914828579090054
    endloop
  endfacet
  facet normal 0.1841546497458412 0.6070765223338191 0.7730104533627359
    outer loop
      vertex -29.87557024860592 -12.562146625364512 0.1677188678166508
      vertex -29.381206036795284 -12.869703118648683 0.2914828579090054
      vertex -29.323215510414 -12.729701603369833 0.1677188678166508
    endloop
  endfacet
  facet normal 0.2990509240190702 0.5594849272637065 0.7730104533627379
    outer loop
      vertex -28.898351663624943 -13.12779415815077 0.2914828579090054
      vertex -28.814162468248846 -13.001796123196735 0.1677188678166508
      vertex -29.323215510414 -12.729701603369833 0.1677188678166508
    endloop
  endfacet
  facet normal 0.2990509240190716 0.5594849272637075 0.7730104533627367
    outer loop
      vertex -28.898351663624943 -13.12779415815077 0.2914828579090054
      vertex -29.323215510414 -12.729701603369833 0.1677188678166508
      vertex -29.381206036795284 -12.869703118648683 0.2914828579090054
    endloop
  endfacet
  facet normal 0.2243930899687283 0.18415464974584192 0.9569403357322088
    outer loop
      vertex -27.8580460020843 -13.718111708123207 0.07575392663191494
      vertex -28.113075955488554 -13.113075955488554 0.01912219546999383
      vertex -28.24572431592018 -13.245724315920182 0.07575392663191494
    endloop
  endfacet
  facet normal 0.36439460524758044 0.299050924019071 0.8819212643483543
    outer loop
      vertex -28.24572431592018 -13.245724315920182 0.07575392663191494
      vertex -28.367973745040633 -13.367973745040635 0.1677188678166508
      vertex -28.001796123196733 -13.814162468248847 0.1677188678166508
    endloop
  endfacet
  facet normal 0.36439460524758266 0.29905092401907185 0.8819212643483532
    outer loop
      vertex -27.8580460020843 -13.718111708123207 0.07575392663191494
      vertex -28.24572431592018 -13.245724315920182 0.07575392663191494
      vertex -28.001796123196733 -13.814162468248847 0.1677188678166508
    endloop
  endfacet
  facet normal 0.49039264020161333 0.40245483899193396 0.7730104533627391
    outer loop
      vertex -28.001796123196733 -13.814162468248847 0.1677188678166508
      vertex -28.367973745040633 -13.367973745040635 0.1677188678166508
      vertex -28.12779415815077 -13.898351663624943 0.2914828579090054
    endloop
  endfacet
  facet normal 0.4903926402016121 0.40245483899193363 0.7730104533627401
    outer loop
      vertex -28.12779415815077 -13.898351663624943 0.2914828579090054
      vertex -28.367973745040633 -13.367973745040635 0.1677188678166508
      vertex -28.475126265847084 -13.475126265847083 0.2914828579090054
    endloop
  endfacet
  facet normal 0.29905092401907013 0.36439460524758055 0.8819212643483546
    outer loop
      vertex -28.24572431592018 -13.245724315920182 0.07575392663191494
      vertex -28.718111708123207 -12.8580460020843 0.07575392663191494
      vertex -28.367973745040633 -13.367973745040635 0.1677188678166508
    endloop
  endfacet
  facet normal 0.2990509240190722 0.36439460524758177 0.8819212643483534
    outer loop
      vertex -28.367973745040633 -13.367973745040635 0.1677188678166508
      vertex -28.718111708123207 -12.8580460020843 0.07575392663191494
      vertex -28.814162468248846 -13.001796123196735 0.1677188678166508
    endloop
  endfacet
  facet normal 0.1841546497458407 0.2243930899687268 0.9569403357322094
    outer loop
      vertex -28.24572431592018 -13.245724315920182 0.07575392663191494
      vertex -28.61389056009376 -12.70206803135182 0.01912219546999383
      vertex -28.718111708123207 -12.8580460020843 0.07575392663191494
    endloop
  endfacet
  facet normal 0.2222148834902015 0.4157348061512738 0.8819212643483539
    outer loop
      vertex -29.25705459612891 -12.56997502680377 0.07575392663191494
      vertex -28.814162468248846 -13.001796123196735 0.1677188678166508
      vertex -28.718111708123207 -12.8580460020843 0.07575392663191494
    endloop
  endfacet
  facet normal 0.4024548389919345 0.4903926402016137 0.7730104533627387
    outer loop
      vertex -28.898351663624943 -13.12779415815077 0.2914828579090054
      vertex -28.475126265847084 -13.475126265847083 0.2914828579090054
      vertex -28.814162468248846 -13.001796123196735 0.1677188678166508
    endloop
  endfacet
  facet normal 0.40245483899193407 0.49039264020161344 0.773010453362739
    outer loop
      vertex -28.367973745040633 -13.367973745040635 0.1677188678166508
      vertex -28.814162468248846 -13.001796123196735 0.1677188678166508
      vertex -28.475126265847084 -13.475126265847083 0.2914828579090054
    endloop
  endfacet
  facet normal 0.07576827408347257 0.7692881967445471 0.6343932841636447
    outer loop
      vertex -30.45 -12.657106781186547 0.2914828579090054
      vertex -29.92939554735428 -12.83274467543761 0.4422897161773749
      vertex -29.90513356258502 -12.710771441249767 0.2914828579090054
    endloop
  endfacet
  facet normal 0.3643946052475809 0.6817343563841605 0.6343932841636443
    outer loop
      vertex -28.898351663624943 -13.12779415815077 0.2914828579090054
      vertex -29.381206036795284 -12.869703118648683 0.2914828579090054
      vertex -28.967443950687034 -13.231198073123636 0.4422897161773749
    endloop
  endfacet
  facet normal 0.22439308996872678 0.739724882765445 0.6343932841636452
    outer loop
      vertex -29.90513356258502 -12.710771441249767 0.2914828579090054
      vertex -29.428797631865393 -12.984599392921911 0.4422897161773749
      vertex -29.381206036795284 -12.869703118648683 0.2914828579090054
    endloop
  endfacet
  facet normal 0.22439308996872703 0.7397248827654453 0.6343932841636447
    outer loop
      vertex -29.90513356258502 -12.710771441249767 0.2914828579090054
      vertex -29.92939554735428 -12.83274467543761 0.4422897161773749
      vertex -29.428797631865393 -12.984599392921911 0.4422897161773749
    endloop
  endfacet
  facet normal 0.36439460524758044 0.6817343563841601 0.6343932841636449
    outer loop
      vertex -29.381206036795284 -12.869703118648683 0.2914828579090054
      vertex -29.428797631865393 -12.984599392921911 0.4422897161773749
      vertex -28.967443950687034 -13.231198073123636 0.4422897161773749
    endloop
  endfacet
  facet normal 0.4903926402016168 0.5975451610080662 0.6343932841636422
    outer loop
      vertex -28.898351663624943 -13.12779415815077 0.2914828579090054
      vertex -28.56306406705676 -13.563064067056763 0.4422897161773749
      vertex -28.475126265847084 -13.475126265847083 0.2914828579090054
    endloop
  endfacet
  facet normal 0.5975451610080653 0.49039264020161655 0.6343932841636435
    outer loop
      vertex -28.12779415815077 -13.898351663624943 0.2914828579090054
      vertex -28.475126265847084 -13.475126265847083 0.2914828579090054
      vertex -28.231198073123636 -13.967443950687034 0.4422897161773749
    endloop
  endfacet
  facet normal 0.49039264020161566 0.5975451610080659 0.6343932841636435
    outer loop
      vertex -28.898351663624943 -13.12779415815077 0.2914828579090054
      vertex -28.967443950687034 -13.231198073123636 0.4422897161773749
      vertex -28.56306406705676 -13.563064067056763 0.4422897161773749
    endloop
  endfacet
  facet normal 0.597545161008068 0.49039264020161694 0.6343932841636406
    outer loop
      vertex -28.475126265847084 -13.475126265847083 0.2914828579090054
      vertex -28.56306406705676 -13.563064067056763 0.4422897161773749
      vertex -28.231198073123636 -13.967443950687034 0.4422897161773749
    endloop
  endfacet
  facet normal -0.6817343563841634 0.5594849272637145 0.4713967368259848
    outer loop
      vertex -32.66880192687636 -13.967443950687034 0.4422897161773749
      vertex -32.27159225171473 -13.628407748285271 0.6143440196319667
      vertex -32.336935932943234 -13.563064067056763 0.4422897161773749
    endloop
  endfacet
  facet normal -0.5594849272637088 0.6817343563841571 0.4713967368260003
    outer loop
      vertex -32.336935932943234 -13.563064067056763 0.4422897161773749
      vertex -31.88121584840927 -13.308034113652507 0.6143440196319667
      vertex -31.932556049312964 -13.231198073123636 0.4422897161773749
    endloop
  endfacet
  facet normal -0.559484927263709 0.6817343563841666 0.4713967368259865
    outer loop
      vertex -32.336935932943234 -13.563064067056763 0.4422897161773749
      vertex -32.27159225171473 -13.628407748285271 0.6143440196319667
      vertex -31.88121584840927 -13.308034113652507 0.6143440196319667
    endloop
  endfacet
  facet normal -0.41573480615127273 0.7777851165097988 0.4713967368260014
    outer loop
      vertex -31.932556049312964 -13.231198073123636 0.4422897161773749
      vertex -31.43583862268454 -13.06997502680377 0.6143440196319667
      vertex -31.471202368134605 -12.984599392921911 0.4422897161773749
    endloop
  endfacet
  facet normal -0.41573480615127245 0.7777851165098003 0.4713967368259991
    outer loop
      vertex -31.932556049312964 -13.231198073123636 0.4422897161773749
      vertex -31.88121584840927 -13.308034113652507 0.6143440196319667
      vertex -31.43583862268454 -13.06997502680377 0.6143440196319667
    endloop
  endfacet
  facet normal -0.2560082295852092 0.8439460307948873 0.4713967368260009
    outer loop
      vertex -31.43583862268454 -13.06997502680377 0.6143440196319667
      vertex -30.95257617155471 -12.92337896494158 0.6143440196319667
      vertex -31.471202368134605 -12.984599392921911 0.4422897161773749
    endloop
  endfacet
  facet normal -0.2560082295852085 0.843946030794889 0.47139673682599836
    outer loop
      vertex -31.471202368134605 -12.984599392921911 0.4422897161773749
      vertex -30.95257617155471 -12.92337896494158 0.6143440196319667
      vertex -30.97060445264572 -12.83274467543761 0.4422897161773749
    endloop
  endfacet
  facet normal -0.08644340032725735 0.877674572406916 0.4713967368259975
    outer loop
      vertex -30.97060445264572 -12.83274467543761 0.4422897161773749
      vertex -30.95257617155471 -12.92337896494158 0.6143440196319667
      vertex -30.45 -12.873879532511285 0.6143440196319667
    endloop
  endfacet
  facet normal -0.08644340032725667 0.877674572406917 0.4713967368259957
    outer loop
      vertex -30.97060445264572 -12.83274467543761 0.4422897161773749
      vertex -30.45 -12.873879532511285 0.6143440196319667
      vertex -30.45 -12.781469612302544 0.4422897161773749
    endloop
  endfacet
  facet normal 0.08644340032725743 0.8776745724069169 0.47139673682599564
    outer loop
      vertex -30.45 -12.781469612302544 0.4422897161773749
      vertex -30.45 -12.873879532511285 0.6143440196319667
      vertex -29.947423828445288 -12.92337896494158 0.6143440196319667
    endloop
  endfacet
  facet normal -0.7397248827654423 0.6070765223338205 0.2902846772544616
    outer loop
      vertex -32.591965886347495 -14.018784151590728 0.6143440196319667
      vertex -32.23135381149184 -13.668646188508156 0.8010338178801852
      vertex -32.27159225171473 -13.628407748285271 0.6143440196319667
    endloop
  endfacet
  facet normal -0.7397248827654429 0.6070765223338089 0.2902846772544843
    outer loop
      vertex -32.591965886347495 -14.018784151590728 0.6143440196319667
      vertex -32.54465048620999 -14.05039929120721 0.8010338178801852
      vertex -32.23135381149184 -13.668646188508156 0.8010338178801852
    endloop
  endfacet
  facet normal -0.6070765223338156 0.7397248827654472 0.2902846772544596
    outer loop
      vertex -32.27159225171473 -13.628407748285271 0.6143440196319667
      vertex -31.84960070879279 -13.355349513790008 0.8010338178801852
      vertex -31.88121584840927 -13.308034113652507 0.6143440196319667
    endloop
  endfacet
  facet normal -0.6070765223338156 0.7397248827654468 0.29028467725446033
    outer loop
      vertex -32.27159225171473 -13.628407748285271 0.6143440196319667
      vertex -32.23135381149184 -13.668646188508156 0.8010338178801852
      vertex -31.84960070879279 -13.355349513790008 0.8010338178801852
    endloop
  endfacet
  facet normal -0.7692881967445506 0.6313385071030708 0.09801714032955382
    outer loop
      vertex -32.54465048620999 -14.05039929120721 0.8010338178801852
      vertex -32.21776695296637 -13.68223304703363 0.9951847266721967
      vertex -32.23135381149184 -13.668646188508156 0.8010338178801852
    endloop
  endfacet
  facet normal -0.631338507103073 0.7692881967445488 0.09801714032955307
    outer loop
      vertex -32.23135381149184 -13.668646188508156 0.8010338178801852
      vertex -31.838925582549006 -13.371325969243635 0.9951847266721967
      vertex -31.84960070879279 -13.355349513790008 0.8010338178801852
    endloop
  endfacet
  facet normal -0.45109855160133827 0.8439460307948892 0.29028467725446105
    outer loop
      vertex -31.88121584840927 -13.308034113652507 0.6143440196319667
      vertex -31.414061735759947 -13.122549082563383 0.8010338178801852
      vertex -31.43583862268454 -13.06997502680377 0.6143440196319667
    endloop
  endfacet
  facet normal -0.45109855160133816 0.8439460307948894 0.2902846772544608
    outer loop
      vertex -31.88121584840927 -13.308034113652507 0.6143440196319667
      vertex -31.84960070879279 -13.355349513790008 0.8010338178801852
      vertex -31.414061735759947 -13.122549082563383 0.8010338178801852
    endloop
  endfacet
  facet normal -0.4691268326923461 0.8776745724069162 0.09801714032955913
    outer loop
      vertex -31.84960070879279 -13.355349513790008 0.8010338178801852
      vertex -31.406708580912724 -13.140301168721782 0.9951847266721967
      vertex -31.414061735759947 -13.122549082563383 0.8010338178801852
    endloop
  endfacet
  facet normal -0.2777851165098012 0.9157348061512726 0.29028467725446233
    outer loop
      vertex -31.43583862268454 -13.06997502680377 0.6143440196319667
      vertex -30.941474410873905 -12.979191284844337 0.8010338178801852
      vertex -30.95257617155471 -12.92337896494158 0.6143440196319667
    endloop
  endfacet
  facet normal -0.2777851165098007 0.9157348061512731 0.29028467725446083
    outer loop
      vertex -31.43583862268454 -13.06997502680377 0.6143440196319667
      vertex -31.414061735759947 -13.122549082563383 0.8010338178801852
      vertex -30.941474410873905 -12.979191284844337 0.8010338178801852
    endloop
  endfacet
  facet normal -0.09379655517448156 0.9523324064572578 0.29028467725446466
    outer loop
      vertex -30.95257617155471 -12.92337896494158 0.6143440196319667
      vertex -30.941474410873905 -12.979191284844337 0.8010338178801852
      vertex -30.45 -12.93078528040323 0.8010338178801852
    endloop
  endfacet
  facet normal -0.09379655517448188 0.9523324064572575 0.29028467725446544
    outer loop
      vertex -30.95257617155471 -12.92337896494158 0.6143440196319667
      vertex -30.45 -12.93078528040323 0.8010338178801852
      vertex -30.45 -12.873879532511285 0.6143440196319667
    endloop
  endfacet
  facet normal 0.09379655517448153 0.9523324064572575 0.29028467725446544
    outer loop
      vertex -30.45 -12.873879532511285 0.6143440196319667
      vertex -30.45 -12.93078528040323 0.8010338178801852
      vertex -29.958525589126094 -12.979191284844337 0.8010338178801852
    endloop
  endfacet
  facet normal -0.28888687719060857 0.952332406457259 0.09801714032955715
    outer loop
      vertex -31.414061735759947 -13.122549082563383 0.8010338178801852
      vertex -30.93772580504032 -12.998036798991922 0.9951847266721967
      vertex -30.941474410873905 -12.979191284844337 0.8010338178801852
    endloop
  endfacet
  facet normal -0.09754516100806505 0.9903926402016151 0.09801714032956069
    outer loop
      vertex -30.941474410873905 -12.979191284844337 0.8010338178801852
      vertex -30.45 -12.95 0.9951847266721967
      vertex -30.45 -12.93078528040323 0.8010338178801852
    endloop
  endfacet
  facet normal 0.877674572406916 0.08644340032725735 0.4713967368259975
    outer loop
      vertex -27.873879532511285 -15.45 0.6143440196319667
      vertex -27.83274467543761 -14.929395547354279 0.4422897161773749
      vertex -27.92337896494158 -14.947423828445288 0.6143440196319667
    endloop
  endfacet
  facet normal 0.8439460307948888 0.2560082295852085 0.47139673682599836
    outer loop
      vertex -27.83274467543761 -14.929395547354279 0.4422897161773749
      vertex -27.98459939292191 -14.428797631865393 0.4422897161773749
      vertex -27.92337896494158 -14.947423828445288 0.6143440196319667
    endloop
  endfacet
  facet normal 0.8439460307948917 0.25600822958520736 0.471396736825994
    outer loop
      vertex -27.98459939292191 -14.428797631865393 0.4422897161773749
      vertex -28.069975026803768 -14.46416137731546 0.6143440196319667
      vertex -27.92337896494158 -14.947423828445288 0.6143440196319667
    endloop
  endfacet
  facet normal 0.7777851165098018 0.41573480615127434 0.47139673682599526
    outer loop
      vertex -27.98459939292191 -14.428797631865393 0.4422897161773749
      vertex -28.231198073123636 -13.967443950687034 0.4422897161773749
      vertex -28.069975026803768 -14.46416137731546 0.6143440196319667
    endloop
  endfacet
  facet normal 0.7777851165098013 0.4157348061512744 0.4713967368259957
    outer loop
      vertex -28.069975026803768 -14.46416137731546 0.6143440196319667
      vertex -28.231198073123636 -13.967443950687034 0.4422897161773749
      vertex -28.308034113652507 -14.018784151590728 0.6143440196319667
    endloop
  endfacet
  facet normal 0.9523324064572573 0.0937965551744853 0.29028467725446566
    outer loop
      vertex -27.92337896494158 -14.947423828445288 0.6143440196319667
      vertex -27.979191284844337 -14.958525589126095 0.8010338178801852
      vertex -27.930785280403228 -15.45 0.8010338178801852
    endloop
  endfacet
  facet normal 0.9157348061512729 0.2777851165097979 0.2902846772544649
    outer loop
      vertex -27.92337896494158 -14.947423828445288 0.6143440196319667
      vertex -28.069975026803768 -14.46416137731546 0.6143440196319667
      vertex -27.979191284844337 -14.958525589126095 0.8010338178801852
    endloop
  endfacet
  facet normal 0.9157348061512679 0.27778511650980153 0.2902846772544769
    outer loop
      vertex -28.069975026803768 -14.46416137731546 0.6143440196319667
      vertex -28.122549082563385 -14.485938264240051 0.8010338178801852
      vertex -27.979191284844337 -14.958525589126095 0.8010338178801852
    endloop
  endfacet
  facet normal 0.9523324064572587 0.2888868771906109 0.09801714032955451
    outer loop
      vertex -27.979191284844337 -14.958525589126095 0.8010338178801852
      vertex -28.122549082563385 -14.485938264240051 0.8010338178801852
      vertex -27.998036798991922 -14.96227419495968 0.9951847266721967
    endloop
  endfacet
  facet normal 0.8439460307948847 0.4510985516013375 0.2902846772544757
    outer loop
      vertex -28.069975026803768 -14.46416137731546 0.6143440196319667
      vertex -28.308034113652507 -14.018784151590728 0.6143440196319667
      vertex -28.122549082563385 -14.485938264240051 0.8010338178801852
    endloop
  endfacet
  facet normal 0.8439460307948864 0.45109855160133666 0.29028467725447205
    outer loop
      vertex -28.122549082563385 -14.485938264240051 0.8010338178801852
      vertex -28.308034113652507 -14.018784151590728 0.6143440196319667
      vertex -28.35534951379001 -14.05039929120721 0.8010338178801852
    endloop
  endfacet
  facet normal 0.7692881967445507 0.6313385071030709 0.09801714032955189
    outer loop
      vertex -28.668646188508156 -13.668646188508156 0.8010338178801852
      vertex -28.371325969243635 -14.061074417450994 0.9951847266721967
      vertex -28.35534951379001 -14.05039929120721 0.8010338178801852
    endloop
  endfacet
  facet normal 0.8776745724069162 0.4691268326923461 0.09801714032955917
    outer loop
      vertex -28.122549082563385 -14.485938264240051 0.8010338178801852
      vertex -28.35534951379001 -14.05039929120721 0.8010338178801852
      vertex -28.140301168721784 -14.493291419087274 0.9951847266721967
    endloop
  endfacet
  facet normal 0.08644340032725657 0.877674572406916 0.47139673682599753
    outer loop
      vertex -30.45 -12.781469612302544 0.4422897161773749
      vertex -29.947423828445288 -12.92337896494158 0.6143440196319667
      vertex -29.92939554735428 -12.83274467543761 0.4422897161773749
    endloop
  endfacet
  facet normal 0.2560082295852082 0.8439460307948877 0.47139673682600086
    outer loop
      vertex -29.92939554735428 -12.83274467543761 0.4422897161773749
      vertex -29.46416137731546 -13.06997502680377 0.6143440196319667
      vertex -29.428797631865393 -12.984599392921911 0.4422897161773749
    endloop
  endfacet
  facet normal 0.25600822958520963 0.8439460307948886 0.4713967368259984
    outer loop
      vertex -29.92939554735428 -12.83274467543761 0.4422897161773749
      vertex -29.947423828445288 -12.92337896494158 0.6143440196319667
      vertex -29.46416137731546 -13.06997502680377 0.6143440196319667
    endloop
  endfacet
  facet normal 0.4157348061512733 0.7777851165097999 0.47139673682599914
    outer loop
      vertex -28.967443950687034 -13.231198073123636 0.4422897161773749
      vertex -29.428797631865393 -12.984599392921911 0.4422897161773749
      vertex -29.01878415159073 -13.308034113652507 0.6143440196319667
    endloop
  endfacet
  facet normal 0.41573480615127184 0.7777851165097992 0.4713967368260015
    outer loop
      vertex -29.46416137731546 -13.06997502680377 0.6143440196319667
      vertex -29.01878415159073 -13.308034113652507 0.6143440196319667
      vertex -29.428797631865393 -12.984599392921911 0.4422897161773749
    endloop
  endfacet
  facet normal 0.6817343563841618 0.5594849272637071 0.4713967368259956
    outer loop
      vertex -28.56306406705676 -13.563064067056763 0.4422897161773749
      vertex -28.62840774828527 -13.628407748285271 0.6143440196319667
      vertex -28.308034113652507 -14.018784151590728 0.6143440196319667
    endloop
  endfacet
  facet normal 0.5594849272637076 0.6817343563841615 0.47139673682599553
    outer loop
      vertex -28.967443950687034 -13.231198073123636 0.4422897161773749
      vertex -28.62840774828527 -13.628407748285271 0.6143440196319667
      vertex -28.56306406705676 -13.563064067056763 0.4422897161773749
    endloop
  endfacet
  facet normal 0.5594849272637042 0.6817343563841608 0.4713967368260006
    outer loop
      vertex -28.967443950687034 -13.231198073123636 0.4422897161773749
      vertex -29.01878415159073 -13.308034113652507 0.6143440196319667
      vertex -28.62840774828527 -13.628407748285271 0.6143440196319667
    endloop
  endfacet
  facet normal 0.6817343563841617 0.5594849272637071 0.47139673682599603
    outer loop
      vertex -28.231198073123636 -13.967443950687034 0.4422897161773749
      vertex -28.56306406705676 -13.563064067056763 0.4422897161773749
      vertex -28.308034113652507 -14.018784151590728 0.6143440196319667
    endloop
  endfacet
  facet normal 0.2777851165098013 0.915734806151273 0.29028467725446083
    outer loop
      vertex -29.947423828445288 -12.92337896494158 0.6143440196319667
      vertex -29.48593826424005 -13.122549082563383 0.8010338178801852
      vertex -29.46416137731546 -13.06997502680377 0.6143440196319667
    endloop
  endfacet
  facet normal 0.27778511650980053 0.9157348061512728 0.2902846772544623
    outer loop
      vertex -29.947423828445288 -12.92337896494158 0.6143440196319667
      vertex -29.958525589126094 -12.979191284844337 0.8010338178801852
      vertex -29.48593826424005 -13.122549082563383 0.8010338178801852
    endloop
  endfacet
  facet normal 0.09379655517448189 0.9523324064572578 0.29028467725446466
    outer loop
      vertex -30.45 -12.873879532511285 0.6143440196319667
      vertex -29.958525589126094 -12.979191284844337 0.8010338178801852
      vertex -29.947423828445288 -12.92337896494158 0.6143440196319667
    endloop
  endfacet
  facet normal 0.4510985516013383 0.8439460307948894 0.29028467725446083
    outer loop
      vertex -29.46416137731546 -13.06997502680377 0.6143440196319667
      vertex -29.05039929120721 -13.355349513790008 0.8010338178801852
      vertex -29.01878415159073 -13.308034113652507 0.6143440196319667
    endloop
  endfacet
  facet normal 0.45109855160133816 0.8439460307948894 0.29028467725446105
    outer loop
      vertex -29.46416137731546 -13.06997502680377 0.6143440196319667
      vertex -29.48593826424005 -13.122549082563383 0.8010338178801852
      vertex -29.05039929120721 -13.355349513790008 0.8010338178801852
    endloop
  endfacet
  facet normal 0.28888687719060846 0.9523324064572588 0.09801714032956056
    outer loop
      vertex -29.958525589126094 -12.979191284844337 0.8010338178801852
      vertex -29.493291419087274 -13.140301168721782 0.9951847266721967
      vertex -29.48593826424005 -13.122549082563383 0.8010338178801852
    endloop
  endfacet
  facet normal 0.09754516100806511 0.9903926402016157 0.0980171403295545
    outer loop
      vertex -30.45 -12.93078528040323 0.8010338178801852
      vertex -29.96227419495968 -12.998036798991922 0.9951847266721967
      vertex -29.958525589126094 -12.979191284844337 0.8010338178801852
    endloop
  endfacet
  facet normal 0.4691268326923464 0.8776745724069166 0.09801714032955329
    outer loop
      vertex -29.48593826424005 -13.122549082563383 0.8010338178801852
      vertex -29.061074417450993 -13.371325969243635 0.9951847266721967
      vertex -29.05039929120721 -13.355349513790008 0.8010338178801852
    endloop
  endfacet
  facet normal 0.7397248827654433 0.6070765223338146 0.29028467725447127
    outer loop
      vertex -28.308034113652507 -14.018784151590728 0.6143440196319667
      vertex -28.62840774828527 -13.628407748285271 0.6143440196319667
      vertex -28.35534951379001 -14.05039929120721 0.8010338178801852
    endloop
  endfacet
  facet normal 0.7397248827654483 0.6070765223338134 0.2902846772544614
    outer loop
      vertex -28.62840774828527 -13.628407748285271 0.6143440196319667
      vertex -28.668646188508156 -13.668646188508156 0.8010338178801852
      vertex -28.35534951379001 -14.05039929120721 0.8010338178801852
    endloop
  endfacet
  facet normal 0.6070765223338154 0.739724882765447 0.2902846772544603
    outer loop
      vertex -29.01878415159073 -13.308034113652507 0.6143440196319667
      vertex -28.668646188508156 -13.668646188508156 0.8010338178801852
      vertex -28.62840774828527 -13.628407748285271 0.6143440196319667
    endloop
  endfacet
  facet normal 0.6070765223338158 0.739724882765447 0.29028467725445967
    outer loop
      vertex -29.01878415159073 -13.308034113652507 0.6143440196319667
      vertex -29.05039929120721 -13.355349513790008 0.8010338178801852
      vertex -28.668646188508156 -13.668646188508156 0.8010338178801852
    endloop
  endfacet
  facet normal 0.631338507103072 0.7692881967445477 0.09801714032956783
    outer loop
      vertex -28.668646188508156 -13.668646188508156 0.8010338178801852
      vertex -29.05039929120721 -13.355349513790008 0.8010338178801852
      vertex -28.68223304703363 -13.68223304703363 0.9951847266721967
    endloop
  endfacet
  facet normal -0.08426519384872763 0.27778511650980336 0.9569403357322082
    outer loop
      vertex -31.64294540387109 -12.56997502680377 0.07575392663191494
      vertex -31.058158293006105 -12.392581796106558 0.07575392663191494
      vertex -31.71473417922747 -12.396661591712233 0.01912219546999383
    endloop
  endfacet
  facet normal -0.13683924960833999 0.45109855160133683 0.8819212643483558
    outer loop
      vertex -31.64294540387109 -12.56997502680377 0.07575392663191494
      vertex -31.576784489586 -12.729701603369833 0.1677188678166508
      vertex -31.024429751394077 -12.562146625364512 0.1677188678166508
    endloop
  endfacet
  facet normal -0.13683924960834004 0.4510985516013356 0.8819212643483564
    outer loop
      vertex -31.64294540387109 -12.56997502680377 0.07575392663191494
      vertex -31.024429751394077 -12.562146625364512 0.1677188678166508
      vertex -31.058158293006105 -12.392581796106558 0.07575392663191494
    endloop
  endfacet
  facet normal -0.04620496010437085 0.46912683269234384 0.8819212643483562
    outer loop
      vertex -31.058158293006105 -12.392581796106558 0.07575392663191494
      vertex -31.024429751394077 -12.562146625364512 0.1677188678166508
      vertex -30.45 -12.505570233019602 0.1677188678166508
    endloop
  endfacet
  facet normal -0.028452873945972144 0.2888868771906095 0.9569403357322087
    outer loop
      vertex -31.09475589331209 -12.208593234771238 0.01912219546999383
      vertex -31.058158293006105 -12.392581796106558 0.07575392663191494
      vertex -30.45 -12.332683432365089 0.07575392663191494
    endloop
  endfacet
  facet normal -0.04620496010437092 0.46912683269234356 0.8819212643483564
    outer loop
      vertex -31.058158293006105 -12.392581796106558 0.07575392663191494
      vertex -30.45 -12.505570233019602 0.1677188678166508
      vertex -30.45 -12.332683432365089 0.07575392663191494
    endloop
  endfacet
  facet normal 0.0462049601043708 0.46912683269234356 0.8819212643483564
    outer loop
      vertex -30.45 -12.332683432365089 0.07575392663191494
      vertex -30.45 -12.505570233019602 0.1677188678166508
      vertex -29.87557024860592 -12.562146625364512 0.1677188678166508
    endloop
  endfacet
  facet normal 0.028452873945972165 0.2888868771906097 0.9569403357322087
    outer loop
      vertex -30.45 -12.145090322016127 0.01912219546999383
      vertex -30.45 -12.332683432365089 0.07575392663191494
      vertex -29.841841706993893 -12.392581796106558 0.07575392663191494
    endloop
  endfacet
  facet normal -0.06218141555799891 0.6313385071030767 0.7730104533627354
    outer loop
      vertex -31.024429751394077 -12.562146625364512 0.1677188678166508
      vertex -30.994866437414977 -12.710771441249767 0.2914828579090054
      vertex -30.45 -12.657106781186547 0.2914828579090054
    endloop
  endfacet
  facet normal -0.06218141555799932 0.6313385071030755 0.7730104533627363
    outer loop
      vertex -31.024429751394077 -12.562146625364512 0.1677188678166508
      vertex -30.45 -12.657106781186547 0.2914828579090054
      vertex -30.45 -12.505570233019602 0.1677188678166508
    endloop
  endfacet
  facet normal 0.06218141555799881 0.6313385071030756 0.7730104533627363
    outer loop
      vertex -30.45 -12.505570233019602 0.1677188678166508
      vertex -30.45 -12.657106781186547 0.2914828579090054
      vertex -29.90513356258502 -12.710771441249767 0.2914828579090054
    endloop
  endfacet
  facet normal 0.08426519384872717 0.2777851165098019 0.9569403357322086
    outer loop
      vertex -29.80524410668791 -12.208593234771238 0.01912219546999383
      vertex -29.841841706993893 -12.392581796106558 0.07575392663191494
      vertex -29.25705459612891 -12.56997502680377 0.07575392663191494
    endloop
  endfacet
  facet normal 0.046204960104370946 0.46912683269234384 0.8819212643483562
    outer loop
      vertex -30.45 -12.332683432365089 0.07575392663191494
      vertex -29.87557024860592 -12.562146625364512 0.1677188678166508
      vertex -29.841841706993893 -12.392581796106558 0.07575392663191494
    endloop
  endfacet
  facet normal 0.13683924960833965 0.4510985516013357 0.8819212643483565
    outer loop
      vertex -29.841841706993893 -12.392581796106558 0.07575392663191494
      vertex -29.87557024860592 -12.562146625364512 0.1677188678166508
      vertex -29.323215510414 -12.729701603369833 0.1677188678166508
    endloop
  endfacet
  facet normal 0.13683924960834373 0.25600822958521163 0.956940335732208
    outer loop
      vertex -29.25705459612891 -12.56997502680377 0.07575392663191494
      vertex -28.718111708123207 -12.8580460020843 0.07575392663191494
      vertex -29.18526582077253 -12.396661591712233 0.01912219546999383
    endloop
  endfacet
  facet normal 0.13683924960834035 0.4510985516013366 0.8819212643483558
    outer loop
      vertex -29.841841706993893 -12.392581796106558 0.07575392663191494
      vertex -29.323215510414 -12.729701603369833 0.1677188678166508
      vertex -29.25705459612891 -12.56997502680377 0.07575392663191494
    endloop
  endfacet
  facet normal 0.06218141555799943 0.6313385071030767 0.7730104533627354
    outer loop
      vertex -30.45 -12.505570233019602 0.1677188678166508
      vertex -29.90513356258502 -12.710771441249767 0.2914828579090054
      vertex -29.87557024860592 -12.562146625364512 0.1677188678166508
    endloop
  endfacet
  facet normal -0.9523324064572567 0.28888687719060563 0.09801714032958907
    outer loop
      vertex -32.920808715155665 -14.958525589126095 0.8010338178801852
      vertex -32.90196320100807 -14.96227419495968 0.9951847266721967
      vertex -32.759698831278214 -14.493291419087274 0.9951847266721967
    endloop
  endfacet
  facet normal -0.8776745724069164 0.46912683269234207 0.09801714032957509
    outer loop
      vertex -32.77745091743662 -14.485938264240051 0.8010338178801852
      vertex -32.759698831278214 -14.493291419087274 0.9951847266721967
      vertex -32.52867403075636 -14.061074417450994 0.9951847266721967
    endloop
  endfacet
  facet normal -0.7692881967445502 0.6313385071030715 0.09801714032955183
    outer loop
      vertex -32.54465048620999 -14.05039929120721 0.8010338178801852
      vertex -32.52867403075636 -14.061074417450994 0.9951847266721967
      vertex -32.21776695296637 -13.68223304703363 0.9951847266721967
    endloop
  endfacet
  facet normal -0.6313385071030738 0.769288196744548 0.09801714032955643
    outer loop
      vertex -32.23135381149184 -13.668646188508156 0.8010338178801852
      vertex -32.21776695296637 -13.68223304703363 0.9951847266721967
      vertex -31.838925582549006 -13.371325969243635 0.9951847266721967
    endloop
  endfacet
  facet normal -0.4691268326923443 0.8776745724069176 0.09801714032955328
    outer loop
      vertex -31.84960070879279 -13.355349513790008 0.8010338178801852
      vertex -31.838925582549006 -13.371325969243635 0.9951847266721967
      vertex -31.406708580912724 -13.140301168721782 0.9951847266721967
    endloop
  endfacet
  facet normal -0.2888868771906098 0.9523324064572585 0.09801714032956053
    outer loop
      vertex -31.414061735759947 -13.122549082563383 0.8010338178801852
      vertex -31.406708580912724 -13.140301168721782 0.9951847266721967
      vertex -30.93772580504032 -12.998036798991922 0.9951847266721967
    endloop
  endfacet
  facet normal -0.09754516100806264 0.9903926402016159 0.09801714032955447
    outer loop
      vertex -30.941474410873905 -12.979191284844337 0.8010338178801852
      vertex -30.93772580504032 -12.998036798991922 0.9951847266721967
      vertex -30.45 -12.95 0.9951847266721967
    endloop
  endfacet
  facet normal 0.09754516100806258 0.9903926402016153 0.09801714032956073
    outer loop
      vertex -30.45 -12.93078528040323 0.8010338178801852
      vertex -30.45 -12.95 0.9951847266721967
      vertex -29.96227419495968 -12.998036798991922 0.9951847266721967
    endloop
  endfacet
  facet normal 0.990392640201616 0.09754516100806265 0.0980171403295536
    outer loop
      vertex -27.979191284844337 -14.958525589126095 0.8010338178801852
      vertex -27.998036798991922 -14.96227419495968 0.9951847266721967
      vertex -27.95 -15.45 0.9951847266721967
    endloop
  endfacet
  facet normal 0.9523324064572575 0.28888687719061307 0.09801714032956056
    outer loop
      vertex -28.122549082563385 -14.485938264240051 0.8010338178801852
      vertex -28.140301168721784 -14.493291419087274 0.9951847266721967
      vertex -27.998036798991922 -14.96227419495968 0.9951847266721967
    endloop
  endfacet
  facet normal 0.8776745724069187 0.4691268326923433 0.09801714032954957
    outer loop
      vertex -28.140301168721784 -14.493291419087274 0.9951847266721967
      vertex -28.35534951379001 -14.05039929120721 0.8010338178801852
      vertex -28.371325969243635 -14.061074417450994 0.9951847266721967
    endloop
  endfacet
  facet normal 0.28888687719060985 0.9523324064572587 0.09801714032955713
    outer loop
      vertex -29.958525589126094 -12.979191284844337 0.8010338178801852
      vertex -29.96227419495968 -12.998036798991922 0.9951847266721967
      vertex -29.493291419087274 -13.140301168721782 0.9951847266721967
    endloop
  endfacet
  facet normal 0.4691268326923441 0.8776745724069172 0.09801714032955919
    outer loop
      vertex -29.48593826424005 -13.122549082563383 0.8010338178801852
      vertex -29.493291419087274 -13.140301168721782 0.9951847266721967
      vertex -29.061074417450993 -13.371325969243635 0.9951847266721967
    endloop
  endfacet
  facet normal 0.7692881967445455 0.6313385071030748 0.09801714032956789
    outer loop
      vertex -28.668646188508156 -13.668646188508156 0.8010338178801852
      vertex -28.68223304703363 -13.68223304703363 0.9951847266721967
      vertex -28.371325969243635 -14.061074417450994 0.9951847266721967
    endloop
  endfacet
  facet normal 0.6313385071030775 0.7692881967445451 0.098017140329553
    outer loop
      vertex -29.05039929120721 -13.355349513790008 0.8010338178801852
      vertex -29.061074417450993 -13.371325969243635 0.9951847266721967
      vertex -28.68223304703363 -13.68223304703363 0.9951847266721967
    endloop
  endfacet
  facet normal 0.25600822958520797 -0.13683924960834093 0.9569403357322094
    outer loop
      vertex -27.8580460020843 -17.181888291876792 0.07575392663191494
      vertex -27.39666159171223 -16.71473417922747 0.01912219546999383
      vertex -27.56997502680377 -16.64294540387109 0.07575392663191494
    endloop
  endfacet
  facet normal 0.41573480615127745 -0.22221488349020208 0.881921264348352
    outer loop
      vertex -27.8580460020843 -17.181888291876792 0.07575392663191494
      vertex -27.56997502680377 -16.64294540387109 0.07575392663191494
      vertex -28.001796123196733 -17.085837531751153 0.1677188678166508
    endloop
  endfacet
  facet normal 0.41573480615127445 -0.2222148834901987 0.8819212643483543
    outer loop
      vertex -28.001796123196733 -17.085837531751153 0.1677188678166508
      vertex -27.56997502680377 -16.64294540387109 0.07575392663191494
      vertex -27.729701603369833 -16.576784489586 0.1677188678166508
    endloop
  endfacet
  facet normal 0.2777851165097995 -0.08426519384872729 0.9569403357322093
    outer loop
      vertex -27.56997502680377 -16.64294540387109 0.07575392663191494
      vertex -27.208593234771236 -16.09475589331209 0.01912219546999383
      vertex -27.39258179610656 -16.058158293006105 0.07575392663191494
    endloop
  endfacet
  facet normal 0.45109855160133966 -0.13683924960834265 0.8819212643483539
    outer loop
      vertex -27.56997502680377 -16.64294540387109 0.07575392663191494
      vertex -27.39258179610656 -16.058158293006105 0.07575392663191494
      vertex -27.729701603369833 -16.576784489586 0.1677188678166508
    endloop
  endfacet
  facet normal 0.4510985516013357 -0.13683924960833965 0.8819212643483565
    outer loop
      vertex -27.729701603369833 -16.576784489586 0.1677188678166508
      vertex -27.39258179610656 -16.058158293006105 0.07575392663191494
      vertex -27.562146625364512 -16.024429751394077 0.1677188678166508
    endloop
  endfacet
  facet normal 0.46912683269234406 -0.0462049601043696 0.8819212643483562
    outer loop
      vertex -27.39258179610656 -16.058158293006105 0.07575392663191494
      vertex -27.33268343236509 -15.45 0.07575392663191494
      vertex -27.562146625364512 -16.024429751394077 0.1677188678166508
    endloop
  endfacet
  facet normal 0.6070765223338191 -0.1841546497458412 0.7730104533627359
    outer loop
      vertex -27.729701603369833 -16.576784489586 0.1677188678166508
      vertex -27.562146625364512 -16.024429751394077 0.1677188678166508
      vertex -27.869703118648683 -16.518793963204715 0.2914828579090054
    endloop
  endfacet
  facet normal 0.6070765223338166 -0.184154649745839 0.7730104533627384
    outer loop
      vertex -27.869703118648683 -16.518793963204715 0.2914828579090054
      vertex -27.562146625364512 -16.024429751394077 0.1677188678166508
      vertex -27.71077144124977 -15.994866437414977 0.2914828579090054
    endloop
  endfacet
  facet normal 0.6313385071030719 -0.062181415558000906 0.7730104533627392
    outer loop
      vertex -27.71077144124977 -15.994866437414977 0.2914828579090054
      vertex -27.562146625364512 -16.024429751394077 0.1677188678166508
      vertex -27.5055702330196 -15.45 0.1677188678166508
    endloop
  endfacet
  facet normal 0.2888868771906072 -0.02845287394597107 0.9569403357322094
    outer loop
      vertex -27.39258179610656 -16.058158293006105 0.07575392663191494
      vertex -27.145090322016127 -15.45 0.01912219546999383
      vertex -27.33268343236509 -15.45 0.07575392663191494
    endloop
  endfacet
  facet normal 0.469126832692351 -0.046204960104373 0.8819212643483522
    outer loop
      vertex -27.33268343236509 -15.45 0.07575392663191494
      vertex -27.5055702330196 -15.45 0.1677188678166508
      vertex -27.562146625364512 -16.024429751394077 0.1677188678166508
    endloop
  endfacet
  facet normal 0.46912683269235106 0.04620496010437029 0.8819212643483524
    outer loop
      vertex -27.33268343236509 -15.45 0.07575392663191494
      vertex -27.39258179610656 -14.841841706993893 0.07575392663191494
      vertex -27.5055702330196 -15.45 0.1677188678166508
    endloop
  endfacet
  facet normal 0.6313385071030666 -0.06218141555799792 0.7730104533627437
    outer loop
      vertex -27.71077144124977 -15.994866437414977 0.2914828579090054
      vertex -27.5055702330196 -15.45 0.1677188678166508
      vertex -27.65710678118655 -15.45 0.2914828579090054
    endloop
  endfacet
  facet normal 0.6313385071030666 0.0621814155580002 0.7730104533627435
    outer loop
      vertex -27.65710678118655 -15.45 0.2914828579090054
      vertex -27.5055702330196 -15.45 0.1677188678166508
      vertex -27.562146625364512 -14.87557024860592 0.1677188678166508
    endloop
  endfacet
  facet normal 0.7397248827654495 -0.22439308996872828 0.6343932841636396
    outer loop
      vertex -27.71077144124977 -15.994866437414977 0.2914828579090054
      vertex -27.83274467543761 -15.97060445264572 0.4422897161773749
      vertex -27.98459939292191 -16.471202368134605 0.4422897161773749
    endloop
  endfacet
  facet normal 0.7692881967445514 -0.075768274083473 0.6343932841636393
    outer loop
      vertex -27.71077144124977 -15.994866437414977 0.2914828579090054
      vertex -27.65710678118655 -15.45 0.2914828579090054
      vertex -27.83274467543761 -15.97060445264572 0.4422897161773749
    endloop
  endfacet
  facet normal 0.7692881967445523 0.07576827408347309 0.6343932841636383
    outer loop
      vertex -27.65710678118655 -15.45 0.2914828579090054
      vertex -27.71077144124977 -14.905133562585021 0.2914828579090054
      vertex -27.781469612302544 -15.45 0.4422897161773749
    endloop
  endfacet
  facet normal 0.7692881967445522 -0.0757682740834735 0.6343932841636383
    outer loop
      vertex -27.65710678118655 -15.45 0.2914828579090054
      vertex -27.781469612302544 -15.45 0.4422897161773749
      vertex -27.83274467543761 -15.97060445264572 0.4422897161773749
    endloop
  endfacet
  facet normal 0.877674572406917 0.08644340032725667 0.4713967368259957
    outer loop
      vertex -27.781469612302544 -15.45 0.4422897161773749
      vertex -27.83274467543761 -14.929395547354279 0.4422897161773749
      vertex -27.873879532511285 -15.45 0.6143440196319667
    endloop
  endfacet
  facet normal 0.2888868771906069 0.02845287394597104 0.9569403357322096
    outer loop
      vertex -27.33268343236509 -15.45 0.07575392663191494
      vertex -27.208593234771236 -14.805244106687907 0.01912219546999383
      vertex -27.39258179610656 -14.841841706993893 0.07575392663191494
    endloop
  endfacet
  facet normal 0.46912683269234395 0.04620496010437217 0.881921264348356
    outer loop
      vertex -27.5055702330196 -15.45 0.1677188678166508
      vertex -27.39258179610656 -14.841841706993893 0.07575392663191494
      vertex -27.562146625364512 -14.87557024860592 0.1677188678166508
    endloop
  endfacet
  facet normal 0.4510985516013364 0.13683924960834207 0.8819212643483557
    outer loop
      vertex -27.39258179610656 -14.841841706993893 0.07575392663191494
      vertex -27.56997502680377 -14.257054596128912 0.07575392663191494
      vertex -27.562146625364512 -14.87557024860592 0.1677188678166508
    endloop
  endfacet
  facet normal 0.6313385071030718 0.062181415557998436 0.7730104533627394
    outer loop
      vertex -27.65710678118655 -15.45 0.2914828579090054
      vertex -27.562146625364512 -14.87557024860592 0.1677188678166508
      vertex -27.71077144124977 -14.905133562585021 0.2914828579090054
    endloop
  endfacet
  facet normal 0.6070765223338149 0.18415464974584053 0.7730104533627394
    outer loop
      vertex -27.71077144124977 -14.905133562585021 0.2914828579090054
      vertex -27.562146625364512 -14.87557024860592 0.1677188678166508
      vertex -27.729701603369833 -14.323215510413998 0.1677188678166508
    endloop
  endfacet
  facet normal 0.27778511650979765 0.08426519384872701 0.9569403357322099
    outer loop
      vertex -27.39258179610656 -14.841841706993893 0.07575392663191494
      vertex -27.39666159171223 -14.185265820772528 0.01912219546999383
      vertex -27.56997502680377 -14.257054596128912 0.07575392663191494
    endloop
  endfacet
  facet normal 0.4510985516013412 0.13683924960834173 0.8819212643483533
    outer loop
      vertex -27.729701603369833 -14.323215510413998 0.1677188678166508
      vertex -27.562146625364512 -14.87557024860592 0.1677188678166508
      vertex -27.56997502680377 -14.257054596128912 0.07575392663191494
    endloop
  endfacet
  facet normal 0.4157348061512756 0.22221488349020035 0.8819212643483532
    outer loop
      vertex -27.729701603369833 -14.323215510413998 0.1677188678166508
      vertex -27.56997502680377 -14.257054596128912 0.07575392663191494
      vertex -27.8580460020843 -13.718111708123207 0.07575392663191494
    endloop
  endfacet
  facet normal 0.6070765223338196 0.18415464974583992 0.7730104533627359
    outer loop
      vertex -27.71077144124977 -14.905133562585021 0.2914828579090054
      vertex -27.729701603369833 -14.323215510413998 0.1677188678166508
      vertex -27.869703118648683 -14.381206036795284 0.2914828579090054
    endloop
  endfacet
  facet normal 0.73972488276545 0.22439308996872578 0.6343932841636398
    outer loop
      vertex -27.71077144124977 -14.905133562585021 0.2914828579090054
      vertex -27.869703118648683 -14.381206036795284 0.2914828579090054
      vertex -27.83274467543761 -14.929395547354279 0.4422897161773749
    endloop
  endfacet
  facet normal 0.7692881967445514 0.07576827408347346 0.6343932841636393
    outer loop
      vertex -27.71077144124977 -14.905133562585021 0.2914828579090054
      vertex -27.83274467543761 -14.929395547354279 0.4422897161773749
      vertex -27.781469612302544 -15.45 0.4422897161773749
    endloop
  endfacet
  facet normal 0.25600822958521013 0.13683924960834165 0.9569403357322087
    outer loop
      vertex -27.56997502680377 -14.257054596128912 0.07575392663191494
      vertex -27.70206803135182 -13.613890560093761 0.01912219546999383
      vertex -27.8580460020843 -13.718111708123207 0.07575392663191494
    endloop
  endfacet
  facet normal -0.8819212643483576 -0.47139673682599287 2.1820857225960318e-19
    outer loop
      vertex -32.52867403075636 -16.838925582549006 0.9951847266721967
      vertex -32.759698831278214 -16.406708580912724 5
      vertex -32.759698831278214 -16.406708580912724 0.9951847266721967
    endloop
  endfacet
  facet normal -0.9569403357322096 -0.2902846772544598 0
    outer loop
      vertex -32.90196320100807 -15.93772580504032 0.9951847266721967
      vertex -32.759698831278214 -16.406708580912724 0.9951847266721967
      vertex -32.90196320100807 -15.93772580504032 5
    endloop
  endfacet
  facet normal -0.9951847266721956 -0.0980171403295734 1.9650429053140413e-19
    outer loop
      vertex -32.90196320100807 -15.93772580504032 0.9951847266721967
      vertex -32.95 -15.45 5
      vertex -32.95 -15.45 0.9951847266721967
    endloop
  endfacet
  facet normal -0.29028467725446644 -0.9569403357322076 1.4997879252570566e-18
    outer loop
      vertex -30.93772580504032 -17.901963201008076 0.9951847266721967
      vertex -31.406708580912724 -17.759698831278214 5
      vertex -31.406708580912724 -17.759698831278214 0.9951847266721967
    endloop
  endfacet
  facet normal -0.09801714032955905 -0.995184726672197 0
    outer loop
      vertex -30.93772580504032 -17.901963201008076 0.9951847266721967
      vertex -30.45 -17.95 0.9951847266721967
      vertex -30.93772580504032 -17.901963201008076 5
    endloop
  endfacet
  facet normal 0.09801714032955905 -0.995184726672197 0
    outer loop
      vertex -30.45 -17.95 0.9951847266721967
      vertex -29.96227419495968 -17.901963201008076 0.9951847266721967
      vertex -30.45 -17.95 5
    endloop
  endfacet
  facet normal 0.29028467725446644 -0.9569403357322076 0
    outer loop
      vertex -29.96227419495968 -17.901963201008076 0.9951847266721967
      vertex -29.493291419087274 -17.759698831278214 0.9951847266721967
      vertex -29.96227419495968 -17.901963201008076 5
    endloop
  endfacet
  facet normal -0.6343932841636442 -0.773010453362738 -7.610358526630436e-19
    outer loop
      vertex -31.838925582549006 -17.528674030756363 0.9951847266721967
      vertex -32.21776695296637 -17.217766952966368 5
      vertex -32.21776695296637 -17.217766952966368 0.9951847266721967
    endloop
  endfacet
  facet normal -0.47139673682599287 -0.8819212643483576 0
    outer loop
      vertex -31.838925582549006 -17.528674030756363 0.9951847266721967
      vertex -31.406708580912724 -17.759698831278214 0.9951847266721967
      vertex -31.838925582549006 -17.528674030756363 5
    endloop
  endfacet
  facet normal -0.7730104533627387 -0.6343932841636434 3.308909477994577e-18
    outer loop
      vertex -32.21776695296637 -17.217766952966368 0.9951847266721967
      vertex -32.52867403075636 -16.838925582549006 5
      vertex -32.52867403075636 -16.838925582549006 0.9951847266721967
    endloop
  endfacet
  facet normal 0.47139673682599287 -0.8819212643483576 0
    outer loop
      vertex -29.493291419087274 -17.759698831278214 0.9951847266721967
      vertex -29.061074417450993 -17.528674030756363 0.9951847266721967
      vertex -29.493291419087274 -17.759698831278214 5
    endloop
  endfacet
  facet normal 0.6343932841636477 -0.7730104533627352 0
    outer loop
      vertex -29.061074417450993 -17.528674030756363 0.9951847266721967
      vertex -28.68223304703363 -17.217766952966368 0.9951847266721967
      vertex -29.061074417450993 -17.528674030756363 5
    endloop
  endfacet
  facet normal 0.7730104533627352 -0.6343932841636477 0
    outer loop
      vertex -28.68223304703363 -17.217766952966368 0.9951847266721967
      vertex -28.371325969243635 -16.838925582549006 0.9951847266721967
      vertex -28.68223304703363 -17.217766952966368 5
    endloop
  endfacet
  facet normal 0.8819212643483576 -0.47139673682599287 0
    outer loop
      vertex -28.371325969243635 -16.838925582549006 0.9951847266721967
      vertex -28.140301168721784 -16.406708580912724 0.9951847266721967
      vertex -28.371325969243635 -16.838925582549006 5
    endloop
  endfacet
  facet normal 0.9569403357322076 -0.29028467725446644 0
    outer loop
      vertex -28.140301168721784 -16.406708580912724 0.9951847266721967
      vertex -27.998036798991922 -15.93772580504032 0.9951847266721967
      vertex -28.140301168721784 -16.406708580912724 5
    endloop
  endfacet
  facet normal 0.995184726672197 -0.09801714032955905 0
    outer loop
      vertex -27.998036798991922 -15.93772580504032 0.9951847266721967
      vertex -27.95 -15.45 0.9951847266721967
      vertex -27.998036798991922 -15.93772580504032 5
    endloop
  endfacet
  facet normal 0.995184726672197 0.09801714032955905 0
    outer loop
      vertex -27.95 -15.45 0.9951847266721967
      vertex -27.998036798991922 -14.96227419495968 0.9951847266721967
      vertex -27.95 -15.45 5
    endloop
  endfacet
  facet normal -0.9951847266721956 0.0980171403295734 -1.9650429053140413e-19
    outer loop
      vertex -32.95 -15.45 0.9951847266721967
      vertex -32.90196320100807 -14.96227419495968 5
      vertex -32.90196320100807 -14.96227419495968 0.9951847266721967
    endloop
  endfacet
  facet normal -0.9569403357322096 0.2902846772544598 -1.9211385580554913e-18
    outer loop
      vertex -32.90196320100807 -14.96227419495968 0.9951847266721967
      vertex -32.759698831278214 -14.493291419087274 5
      vertex -32.759698831278214 -14.493291419087274 0.9951847266721967
    endloop
  endfacet
  facet normal -0.8819212643483568 0.47139673682599437 2.8139112422523263e-18
    outer loop
      vertex -32.759698831278214 -14.493291419087274 0.9951847266721967
      vertex -32.52867403075636 -14.061074417450994 5
      vertex -32.52867403075636 -14.061074417450994 0.9951847266721967
    endloop
  endfacet
  facet normal -0.7730104533627401 0.6343932841636416 2.3201598290522068e-18
    outer loop
      vertex -32.52867403075636 -14.061074417450994 0.9951847266721967
      vertex -32.21776695296637 -13.68223304703363 5
      vertex -32.21776695296637 -13.68223304703363 0.9951847266721967
    endloop
  endfacet
  facet normal -0.6343932841636442 0.773010453362738 7.610358526630436e-19
    outer loop
      vertex -32.21776695296637 -13.68223304703363 0.9951847266721967
      vertex -31.838925582549006 -13.371325969243635 5
      vertex -31.838925582549006 -13.371325969243635 0.9951847266721967
    endloop
  endfacet
  facet normal -0.4713967368259957 0.8819212643483562 2.071133325808037e-18
    outer loop
      vertex -31.838925582549006 -13.371325969243635 0.9951847266721967
      vertex -31.406708580912724 -13.140301168721782 5
      vertex -31.406708580912724 -13.140301168721782 0.9951847266721967
    endloop
  endfacet
  facet normal -0.2902846772544631 0.9569403357322086 -1.7104632416562736e-18
    outer loop
      vertex -31.406708580912724 -13.140301168721782 0.9951847266721967
      vertex -30.93772580504032 -12.998036798991922 5
      vertex -30.93772580504032 -12.998036798991922 0.9951847266721967
    endloop
  endfacet
  facet normal -0.09801714032955905 0.995184726672197 4.6643517550284134e-20
    outer loop
      vertex -30.93772580504032 -12.998036798991922 0.9951847266721967
      vertex -30.45 -12.95 5
      vertex -30.45 -12.95 0.9951847266721967
    endloop
  endfacet
  facet normal 0.9569403357322076 0.29028467725446644 0
    outer loop
      vertex -27.998036798991922 -14.96227419495968 0.9951847266721967
      vertex -28.140301168721784 -14.493291419087274 0.9951847266721967
      vertex -27.998036798991922 -14.96227419495968 5
    endloop
  endfacet
  facet normal 0.7730104533627365 0.6343932841636459 -2.2027204530679625e-18
    outer loop
      vertex -28.68223304703363 -13.68223304703363 0.9951847266721967
      vertex -28.371325969243635 -14.061074417450994 5
      vertex -28.371325969243635 -14.061074417450994 0.9951847266721967
    endloop
  endfacet
  facet normal 0.8819212643483568 0.47139673682599437 0
    outer loop
      vertex -28.140301168721784 -14.493291419087274 0.9951847266721967
      vertex -28.371325969243635 -14.061074417450994 0.9951847266721967
      vertex -28.140301168721784 -14.493291419087274 5
    endloop
  endfacet
  facet normal 0.4713967368259957 0.8819212643483562 -2.071133325808037e-18
    outer loop
      vertex -29.493291419087274 -13.140301168721782 0.9951847266721967
      vertex -29.061074417450993 -13.371325969243635 5
      vertex -29.061074417450993 -13.371325969243635 0.9951847266721967
    endloop
  endfacet
  facet normal 0.09801714032955905 0.995184726672197 -4.6643517550284134e-20
    outer loop
      vertex -30.45 -12.95 0.9951847266721967
      vertex -29.96227419495968 -12.998036798991922 5
      vertex -29.96227419495968 -12.998036798991922 0.9951847266721967
    endloop
  endfacet
  facet normal 0.2902846772544631 0.9569403357322086 1.7104632416562736e-18
    outer loop
      vertex -29.96227419495968 -12.998036798991922 0.9951847266721967
      vertex -29.493291419087274 -13.140301168721782 5
      vertex -29.493291419087274 -13.140301168721782 0.9951847266721967
    endloop
  endfacet
  facet normal 0.6343932841636477 0.7730104533627352 0
    outer loop
      vertex -28.68223304703363 -13.68223304703363 0.9951847266721967
      vertex -29.061074417450993 -13.371325969243635 0.9951847266721967
      vertex -28.68223304703363 -13.68223304703363 5
    endloop
  endfacet
  facet normal -0.8819212643483576 -0.47139673682599287 0
    outer loop
      vertex -32.52867403075636 -16.838925582549006 0.9951847266721967
      vertex -32.52867403075636 -16.838925582549006 5
      vertex -32.759698831278214 -16.406708580912724 5
    endloop
  endfacet
  facet normal -0.9569403357322096 -0.2902846772544598 0
    outer loop
      vertex -32.759698831278214 -16.406708580912724 0.9951847266721967
      vertex -32.759698831278214 -16.406708580912724 5
      vertex -32.90196320100807 -15.93772580504032 5
    endloop
  endfacet
  facet normal -0.9951847266721956 -0.0980171403295734 0
    outer loop
      vertex -32.90196320100807 -15.93772580504032 0.9951847266721967
      vertex -32.90196320100807 -15.93772580504032 5
      vertex -32.95 -15.45 5
    endloop
  endfacet
  facet normal -0.9951847266721956 0.0980171403295734 0
    outer loop
      vertex -32.95 -15.45 0.9951847266721967
      vertex -32.95 -15.45 5
      vertex -32.90196320100807 -14.96227419495968 5
    endloop
  endfacet
  facet normal -0.29028467725446644 -0.9569403357322076 0
    outer loop
      vertex -30.93772580504032 -17.901963201008076 0.9951847266721967
      vertex -30.93772580504032 -17.901963201008076 5
      vertex -31.406708580912724 -17.759698831278214 5
    endloop
  endfacet
  facet normal -0.09801714032955905 -0.995184726672197 0
    outer loop
      vertex -30.45 -17.95 0.9951847266721967
      vertex -30.45 -17.95 5
      vertex -30.93772580504032 -17.901963201008076 5
    endloop
  endfacet
  facet normal 0.09801714032955905 -0.995184726672197 0
    outer loop
      vertex -29.96227419495968 -17.901963201008076 0.9951847266721967
      vertex -29.96227419495968 -17.901963201008076 5
      vertex -30.45 -17.95 5
    endloop
  endfacet
  facet normal 0.29028467725446644 -0.9569403357322076 0
    outer loop
      vertex -29.493291419087274 -17.759698831278214 0.9951847266721967
      vertex -29.493291419087274 -17.759698831278214 5
      vertex -29.96227419495968 -17.901963201008076 5
    endloop
  endfacet
  facet normal -0.6343932841636442 -0.773010453362738 0
    outer loop
      vertex -31.838925582549006 -17.528674030756363 0.9951847266721967
      vertex -31.838925582549006 -17.528674030756363 5
      vertex -32.21776695296637 -17.217766952966368 5
    endloop
  endfacet
  facet normal -0.7730104533627387 -0.6343932841636434 0
    outer loop
      vertex -32.21776695296637 -17.217766952966368 0.9951847266721967
      vertex -32.21776695296637 -17.217766952966368 5
      vertex -32.52867403075636 -16.838925582549006 5
    endloop
  endfacet
  facet normal -0.47139673682599287 -0.8819212643483576 0
    outer loop
      vertex -31.406708580912724 -17.759698831278214 0.9951847266721967
      vertex -31.406708580912724 -17.759698831278214 5
      vertex -31.838925582549006 -17.528674030756363 5
    endloop
  endfacet
  facet normal 0.47139673682599287 -0.8819212643483576 0
    outer loop
      vertex -29.061074417450993 -17.528674030756363 0.9951847266721967
      vertex -29.061074417450993 -17.528674030756363 5
      vertex -29.493291419087274 -17.759698831278214 5
    endloop
  endfacet
  facet normal 0.6343932841636477 -0.7730104533627352 0
    outer loop
      vertex -28.68223304703363 -17.217766952966368 0.9951847266721967
      vertex -28.68223304703363 -17.217766952966368 5
      vertex -29.061074417450993 -17.528674030756363 5
    endloop
  endfacet
  facet normal 0.7730104533627352 -0.6343932841636477 0
    outer loop
      vertex -28.371325969243635 -16.838925582549006 0.9951847266721967
      vertex -28.371325969243635 -16.838925582549006 5
      vertex -28.68223304703363 -17.217766952966368 5
    endloop
  endfacet
  facet normal 0.8819212643483576 -0.47139673682599287 0
    outer loop
      vertex -28.140301168721784 -16.406708580912724 0.9951847266721967
      vertex -28.140301168721784 -16.406708580912724 5
      vertex -28.371325969243635 -16.838925582549006 5
    endloop
  endfacet
  facet normal 0.9569403357322076 -0.29028467725446644 0
    outer loop
      vertex -27.998036798991922 -15.93772580504032 0.9951847266721967
      vertex -27.998036798991922 -15.93772580504032 5
      vertex -28.140301168721784 -16.406708580912724 5
    endloop
  endfacet
  facet normal 0.995184726672197 -0.09801714032955905 0
    outer loop
      vertex -27.95 -15.45 0.9951847266721967
      vertex -27.95 -15.45 5
      vertex -27.998036798991922 -15.93772580504032 5
    endloop
  endfacet
  facet normal 0 0 1
    outer loop
      vertex -32.90196320100807 -15.93772580504032 5
      vertex -32.759698831278214 -16.406708580912724 5
      vertex -31.921177920604844 -15.742635483024191 5
    endloop
  endfacet
  facet normal 0 0 1
    outer loop
      vertex -32.90196320100807 -15.93772580504032 5
      vertex -31.95 -15.45 5
      vertex -32.95 -15.45 5
    endloop
  endfacet
  facet normal 0 0 1
    outer loop
      vertex -32.95 -15.45 5
      vertex -31.921177920604844 -15.157364516975807 5
      vertex -32.90196320100807 -14.96227419495968 5
    endloop
  endfacet
  facet normal 0 0 1
    outer loop
      vertex -31.838925582549006 -17.528674030756363 5
      vertex -31.406708580912724 -17.759698831278214 5
      vertex -31.2833553495294 -16.69720441845382 5
    endloop
  endfacet
  facet normal 0 0 1
    outer loop
      vertex -32.21776695296637 -17.217766952966368 5
      vertex -31.69720441845382 -16.2833553495294 5
      vertex -32.52867403075636 -16.838925582549006 5
    endloop
  endfacet
  facet normal 0 0 1
    outer loop
      vertex -31.838925582549006 -17.528674030756363 5
      vertex -31.510660171779822 -16.510660171779822 5
      vertex -32.21776695296637 -17.217766952966368 5
    endloop
  endfacet
  facet normal 0 0 1
    outer loop
      vertex -31.838925582549006 -17.528674030756363 5
      vertex -31.2833553495294 -16.69720441845382 5
      vertex -31.510660171779822 -16.510660171779822 5
    endloop
  endfacet
  facet normal 0 0 1
    outer loop
      vertex -32.21776695296637 -17.217766952966368 5
      vertex -31.510660171779822 -16.510660171779822 5
      vertex -31.69720441845382 -16.2833553495294 5
    endloop
  endfacet
  facet normal 0 0 1
    outer loop
      vertex -30.93772580504032 -17.901963201008076 5
      vertex -31.024025148547633 -16.83581929876693 5
      vertex -31.406708580912724 -17.759698831278214 5
    endloop
  endfacet
  facet normal 0 0 1
    outer loop
      vertex -31.406708580912724 -17.759698831278214 5
      vertex -31.024025148547633 -16.83581929876693 5
      vertex -31.2833553495294 -16.69720441845382 5
    endloop
  endfacet
  facet normal 0 0 1
    outer loop
      vertex -30.93772580504032 -17.901963201008076 5
      vertex -30.74263548302419 -16.921177920604844 5
      vertex -31.024025148547633 -16.83581929876693 5
    endloop
  endfacet
  facet normal 0 0 1
    outer loop
      vertex -30.93772580504032 -17.901963201008076 5
      vertex -30.45 -17.95 5
      vertex -30.74263548302419 -16.921177920604844 5
    endloop
  endfacet
  facet normal 0 0 1
    outer loop
      vertex -30.45 -17.95 5
      vertex -29.96227419495968 -17.901963201008076 5
      vertex -30.45 -16.95 5
    endloop
  endfacet
  facet normal 0 0 1
    outer loop
      vertex -30.45 -17.95 5
      vertex -30.45 -16.95 5
      vertex -30.74263548302419 -16.921177920604844 5
    endloop
  endfacet
  facet normal 0 0 1
    outer loop
      vertex -29.96227419495968 -17.901963201008076 5
      vertex -30.157364516975807 -16.921177920604844 5
      vertex -30.45 -16.95 5
    endloop
  endfacet
  facet normal 0 0 1
    outer loop
      vertex -32.52867403075636 -16.838925582549006 5
      vertex -31.83581929876693 -16.024025148547633 5
      vertex -32.759698831278214 -16.406708580912724 5
    endloop
  endfacet
  facet normal 0 0 1
    outer loop
      vertex -32.52867403075636 -16.838925582549006 5
      vertex -31.69720441845382 -16.2833553495294 5
      vertex -31.83581929876693 -16.024025148547633 5
    endloop
  endfacet
  facet normal 0 0 1
    outer loop
      vertex -32.759698831278214 -16.406708580912724 5
      vertex -31.83581929876693 -16.024025148547633 5
      vertex -31.921177920604844 -15.742635483024191 5
    endloop
  endfacet
  facet normal 0 0 1
    outer loop
      vertex -32.90196320100807 -15.93772580504032 5
      vertex -31.921177920604844 -15.742635483024191 5
      vertex -31.95 -15.45 5
    endloop
  endfacet
  facet normal 0 0 1
    outer loop
      vertex -32.95 -15.45 5
      vertex -31.95 -15.45 5
      vertex -31.921177920604844 -15.157364516975807 5
    endloop
  endfacet
  facet normal 0 0 1
    outer loop
      vertex -29.96227419495968 -17.901963201008076 5
      vertex -29.493291419087274 -17.759698831278214 5
      vertex -30.157364516975807 -16.921177920604844 5
    endloop
  endfacet
  facet normal 0 0 1
    outer loop
      vertex -30.157364516975807 -16.921177920604844 5
      vertex -29.493291419087274 -17.759698831278214 5
      vertex -29.875974851452366 -16.83581929876693 5
    endloop
  endfacet
  facet normal 0 0 1
    outer loop
      vertex -29.875974851452366 -16.83581929876693 5
      vertex -29.493291419087274 -17.759698831278214 5
      vertex -29.061074417450993 -17.528674030756363 5
    endloop
  endfacet
  facet normal 0 0 1
    outer loop
      vertex -29.061074417450993 -17.528674030756363 5
      vertex -28.68223304703363 -17.217766952966368 5
      vertex -29.616644650470597 -16.69720441845382 5
    endloop
  endfacet
  facet normal 0 0 1
    outer loop
      vertex -29.875974851452366 -16.83581929876693 5
      vertex -29.061074417450993 -17.528674030756363 5
      vertex -29.616644650470597 -16.69720441845382 5
    endloop
  endfacet
  facet normal 0 0 1
    outer loop
      vertex -28.68223304703363 -17.217766952966368 5
      vertex -29.389339828220177 -16.510660171779822 5
      vertex -29.616644650470597 -16.69720441845382 5
    endloop
  endfacet
  facet normal 0 0 1
    outer loop
      vertex -28.68223304703363 -17.217766952966368 5
      vertex -28.371325969243635 -16.838925582549006 5
      vertex -29.389339828220177 -16.510660171779822 5
    endloop
  endfacet
  facet normal 0 0 1
    outer loop
      vertex -28.371325969243635 -16.838925582549006 5
      vertex -29.20279558154618 -16.2833553495294 5
      vertex -29.389339828220177 -16.510660171779822 5
    endloop
  endfacet
  facet normal 0 0 1
    outer loop
      vertex -28.371325969243635 -16.838925582549006 5
      vertex -28.140301168721784 -16.406708580912724 5
      vertex -29.20279558154618 -16.2833553495294 5
    endloop
  endfacet
  facet normal 0 0 1
    outer loop
      vertex -29.20279558154618 -16.2833553495294 5
      vertex -28.140301168721784 -16.406708580912724 5
      vertex -29.06418070123307 -16.024025148547633 5
    endloop
  endfacet
  facet normal 0 0 1
    outer loop
      vertex -29.06418070123307 -16.024025148547633 5
      vertex -27.998036798991922 -15.93772580504032 5
      vertex -28.978822079395155 -15.742635483024191 5
    endloop
  endfacet
  facet normal 0 0 1
    outer loop
      vertex -29.06418070123307 -16.024025148547633 5
      vertex -28.140301168721784 -16.406708580912724 5
      vertex -27.998036798991922 -15.93772580504032 5
    endloop
  endfacet
  facet normal 0 0 1
    outer loop
      vertex -28.978822079395155 -15.742635483024191 5
      vertex -27.95 -15.45 5
      vertex -28.95 -15.45 5
    endloop
  endfacet
  facet normal 0 0 1
    outer loop
      vertex -28.95 -15.45 5
      vertex -27.998036798991922 -14.96227419495968 5
      vertex -28.978822079395155 -15.157364516975807 5
    endloop
  endfacet
  facet normal 0 0 1
    outer loop
      vertex -28.978822079395155 -15.742635483024191 5
      vertex -27.998036798991922 -15.93772580504032 5
      vertex -27.95 -15.45 5
    endloop
  endfacet
  facet normal 0 0 1
    outer loop
      vertex -28.95 -15.45 5
      vertex -27.95 -15.45 5
      vertex -27.998036798991922 -14.96227419495968 5
    endloop
  endfacet
  facet normal -0.9569403357322096 0.2902846772544598 0
    outer loop
      vertex -32.90196320100807 -14.96227419495968 0.9951847266721967
      vertex -32.90196320100807 -14.96227419495968 5
      vertex -32.759698831278214 -14.493291419087274 5
    endloop
  endfacet
  facet normal -0.8819212643483568 0.47139673682599437 0
    outer loop
      vertex -32.759698831278214 -14.493291419087274 0.9951847266721967
      vertex -32.759698831278214 -14.493291419087274 5
      vertex -32.52867403075636 -14.061074417450994 5
    endloop
  endfacet
  facet normal -0.7730104533627401 0.6343932841636416 0
    outer loop
      vertex -32.52867403075636 -14.061074417450994 0.9951847266721967
      vertex -32.52867403075636 -14.061074417450994 5
      vertex -32.21776695296637 -13.68223304703363 5
    endloop
  endfacet
  facet normal -0.6343932841636442 0.773010453362738 0
    outer loop
      vertex -32.21776695296637 -13.68223304703363 0.9951847266721967
      vertex -32.21776695296637 -13.68223304703363 5
      vertex -31.838925582549006 -13.371325969243635 5
    endloop
  endfacet
  facet normal -0.4713967368259957 0.8819212643483562 0
    outer loop
      vertex -31.838925582549006 -13.371325969243635 0.9951847266721967
      vertex -31.838925582549006 -13.371325969243635 5
      vertex -31.406708580912724 -13.140301168721782 5
    endloop
  endfacet
  facet normal -0.2902846772544631 0.9569403357322086 0
    outer loop
      vertex -31.406708580912724 -13.140301168721782 0.9951847266721967
      vertex -31.406708580912724 -13.140301168721782 5
      vertex -30.93772580504032 -12.998036798991922 5
    endloop
  endfacet
  facet normal -0.09801714032955905 0.995184726672197 0
    outer loop
      vertex -30.93772580504032 -12.998036798991922 0.9951847266721967
      vertex -30.93772580504032 -12.998036798991922 5
      vertex -30.45 -12.95 5
    endloop
  endfacet
  facet normal 0.09801714032955905 0.995184726672197 0
    outer loop
      vertex -30.45 -12.95 0.9951847266721967
      vertex -30.45 -12.95 5
      vertex -29.96227419495968 -12.998036798991922 5
    endloop
  endfacet
  facet normal 0.995184726672197 0.09801714032955905 0
    outer loop
      vertex -27.998036798991922 -14.96227419495968 0.9951847266721967
      vertex -27.998036798991922 -14.96227419495968 5
      vertex -27.95 -15.45 5
    endloop
  endfacet
  facet normal 0.9569403357322076 0.29028467725446644 0
    outer loop
      vertex -28.140301168721784 -14.493291419087274 0.9951847266721967
      vertex -28.140301168721784 -14.493291419087274 5
      vertex -27.998036798991922 -14.96227419495968 5
    endloop
  endfacet
  facet normal 0.8819212643483568 0.47139673682599437 0
    outer loop
      vertex -28.371325969243635 -14.061074417450994 0.9951847266721967
      vertex -28.371325969243635 -14.061074417450994 5
      vertex -28.140301168721784 -14.493291419087274 5
    endloop
  endfacet
  facet normal 0.2902846772544631 0.9569403357322086 0
    outer loop
      vertex -29.96227419495968 -12.998036798991922 0.9951847266721967
      vertex -29.96227419495968 -12.998036798991922 5
      vertex -29.493291419087274 -13.140301168721782 5
    endloop
  endfacet
  facet normal 0.4713967368259957 0.8819212643483562 0
    outer loop
      vertex -29.493291419087274 -13.140301168721782 0.9951847266721967
      vertex -29.493291419087274 -13.140301168721782 5
      vertex -29.061074417450993 -13.371325969243635 5
    endloop
  endfacet
  facet normal 0.7730104533627365 0.6343932841636459 0
    outer loop
      vertex -28.68223304703363 -13.68223304703363 0.9951847266721967
      vertex -28.68223304703363 -13.68223304703363 5
      vertex -28.371325969243635 -14.061074417450994 5
    endloop
  endfacet
  facet normal 0.6343932841636477 0.7730104533627352 0
    outer loop
      vertex -29.061074417450993 -13.371325969243635 0.9951847266721967
      vertex -29.061074417450993 -13.371325969243635 5
      vertex -28.68223304703363 -13.68223304703363 5
    endloop
  endfacet
  facet normal 0 0 1
    outer loop
      vertex -32.90196320100807 -14.96227419495968 5
      vertex -31.83581929876693 -14.875974851452364 5
      vertex -32.759698831278214 -14.493291419087274 5
    endloop
  endfacet
  facet normal 0 0 1
    outer loop
      vertex -32.90196320100807 -14.96227419495968 5
      vertex -31.921177920604844 -15.157364516975807 5
      vertex -31.83581929876693 -14.875974851452364 5
    endloop
  endfacet
  facet normal 0 0 1
    outer loop
      vertex -31.83581929876693 -14.875974851452364 5
      vertex -31.69720441845382 -14.616644650470596 5
      vertex -32.759698831278214 -14.493291419087274 5
    endloop
  endfacet
  facet normal 0 0 1
    outer loop
      vertex -32.759698831278214 -14.493291419087274 5
      vertex -31.69720441845382 -14.616644650470596 5
      vertex -32.52867403075636 -14.061074417450994 5
    endloop
  endfacet
  facet normal 0 0 1
    outer loop
      vertex -31.69720441845382 -14.616644650470596 5
      vertex -31.510660171779822 -14.389339828220178 5
      vertex -32.52867403075636 -14.061074417450994 5
    endloop
  endfacet
  facet normal 0 0 1
    outer loop
      vertex -31.510660171779822 -14.389339828220178 5
      vertex -32.21776695296637 -13.68223304703363 5
      vertex -32.52867403075636 -14.061074417450994 5
    endloop
  endfacet
  facet normal 0 0 1
    outer loop
      vertex -31.510660171779822 -14.389339828220178 5
      vertex -31.2833553495294 -14.202795581546182 5
      vertex -32.21776695296637 -13.68223304703363 5
    endloop
  endfacet
  facet normal 0 0 1
    outer loop
      vertex -32.21776695296637 -13.68223304703363 5
      vertex -31.2833553495294 -14.202795581546182 5
      vertex -31.838925582549006 -13.371325969243635 5
    endloop
  endfacet
  facet normal 0 0 1
    outer loop
      vertex -31.838925582549006 -13.371325969243635 5
      vertex -31.2833553495294 -14.202795581546182 5
      vertex -31.024025148547633 -14.06418070123307 5
    endloop
  endfacet
  facet normal 0 0 1
    outer loop
      vertex -31.838925582549006 -13.371325969243635 5
      vertex -31.024025148547633 -14.06418070123307 5
      vertex -31.406708580912724 -13.140301168721782 5
    endloop
  endfacet
  facet normal 0 0 1
    outer loop
      vertex -31.024025148547633 -14.06418070123307 5
      vertex -30.74263548302419 -13.978822079395155 5
      vertex -31.406708580912724 -13.140301168721782 5
    endloop
  endfacet
  facet normal 0 0 1
    outer loop
      vertex -31.406708580912724 -13.140301168721782 5
      vertex -30.74263548302419 -13.978822079395155 5
      vertex -30.93772580504032 -12.998036798991922 5
    endloop
  endfacet
  facet normal 0 0 1
    outer loop
      vertex -30.74263548302419 -13.978822079395155 5
      vertex -30.45 -13.95 5
      vertex -30.93772580504032 -12.998036798991922 5
    endloop
  endfacet
  facet normal 0 0 1
    outer loop
      vertex -30.45 -13.95 5
      vertex -30.157364516975807 -13.978822079395155 5
      vertex -30.45 -12.95 5
    endloop
  endfacet
  facet normal 0 0 1
    outer loop
      vertex -30.45 -13.95 5
      vertex -30.45 -12.95 5
      vertex -30.93772580504032 -12.998036798991922 5
    endloop
  endfacet
  facet normal 0 0 1
    outer loop
      vertex -30.157364516975807 -13.978822079395155 5
      vertex -29.96227419495968 -12.998036798991922 5
      vertex -30.45 -12.95 5
    endloop
  endfacet
  facet normal 0 0 1
    outer loop
      vertex -29.389339828220177 -14.389339828220178 5
      vertex -29.061074417450993 -13.371325969243635 5
      vertex -29.616644650470597 -14.202795581546182 5
    endloop
  endfacet
  facet normal 0 0 1
    outer loop
      vertex -29.20279558154618 -14.616644650470596 5
      vertex -28.68223304703363 -13.68223304703363 5
      vertex -29.389339828220177 -14.389339828220178 5
    endloop
  endfacet
  facet normal 0 0 1
    outer loop
      vertex -28.978822079395155 -15.157364516975807 5
      vertex -28.140301168721784 -14.493291419087274 5
      vertex -29.06418070123307 -14.875974851452364 5
    endloop
  endfacet
  facet normal 0 0 1
    outer loop
      vertex -28.978822079395155 -15.157364516975807 5
      vertex -27.998036798991922 -14.96227419495968 5
      vertex -28.140301168721784 -14.493291419087274 5
    endloop
  endfacet
  facet normal 0 0 1
    outer loop
      vertex -29.06418070123307 -14.875974851452364 5
      vertex -28.371325969243635 -14.061074417450994 5
      vertex -29.20279558154618 -14.616644650470596 5
    endloop
  endfacet
  facet normal 0 0 1
    outer loop
      vertex -29.06418070123307 -14.875974851452364 5
      vertex -28.140301168721784 -14.493291419087274 5
      vertex -28.371325969243635 -14.061074417450994 5
    endloop
  endfacet
  facet normal 0 0 1
    outer loop
      vertex -29.20279558154618 -14.616644650470596 5
      vertex -28.371325969243635 -14.061074417450994 5
      vertex -28.68223304703363 -13.68223304703363 5
    endloop
  endfacet
  facet normal 0 0 1
    outer loop
      vertex -30.157364516975807 -13.978822079395155 5
      vertex -29.875974851452366 -14.06418070123307 5
      vertex -29.96227419495968 -12.998036798991922 5
    endloop
  endfacet
  facet normal 0 0 1
    outer loop
      vertex -29.875974851452366 -14.06418070123307 5
      vertex -29.616644650470597 -14.202795581546182 5
      vertex -29.493291419087274 -13.140301168721782 5
    endloop
  endfacet
  facet normal 0 0 1
    outer loop
      vertex -29.875974851452366 -14.06418070123307 5
      vertex -29.493291419087274 -13.140301168721782 5
      vertex -29.96227419495968 -12.998036798991922 5
    endloop
  endfacet
  facet normal 0 0 1
    outer loop
      vertex -29.389339828220177 -14.389339828220178 5
      vertex -28.68223304703363 -13.68223304703363 5
      vertex -29.061074417450993 -13.371325969243635 5
    endloop
  endfacet
  facet normal 0 0 1
    outer loop
      vertex -29.616644650470597 -14.202795581546182 5
      vertex -29.061074417450993 -13.371325969243635 5
      vertex -29.493291419087274 -13.140301168721782 5
    endloop
  endfacet
  facet normal -0.07576827408347103 -0.06218141555799799 0.995184726672197
    outer loop
      vertex 27.70206803135182 -17.286109439906237 0.01912219546999383
      vertex 27.53985635694109 -17.394495815568607 0
      vertex 27.975126265847084 -17.924873734152914 0
    endloop
  endfacet
  facet normal -0.08644340032725437 -0.046204960104370155 0.9951847266721972
    outer loop
      vertex 27.39666159171223 -16.71473417922747 0.01912219546999383
      vertex 27.53985635694109 -17.394495815568607 0
      vertex 27.70206803135182 -17.286109439906237 0.01912219546999383
    endloop
  endfacet
  facet normal -0.08644340032725571 -0.04620496010437044 0.995184726672197
    outer loop
      vertex 27.39666159171223 -16.71473417922747 0.01912219546999383
      vertex 27.216421636210494 -16.789392013277812 0
      vertex 27.53985635694109 -17.394495815568607 0
    endloop
  endfacet
  facet normal -0.25600822958520775 -0.1368392496083416 0.9569403357322095
    outer loop
      vertex 27.39666159171223 -16.71473417922747 0.01912219546999383
      vertex 27.70206803135182 -17.286109439906237 0.01912219546999383
      vertex 27.56997502680377 -16.64294540387109 0.07575392663191494
    endloop
  endfacet
  facet normal -0.09379655517448013 -0.028452873945971676 0.995184726672197
    outer loop
      vertex 27.39666159171223 -16.71473417922747 0.01912219546999383
      vertex 27.208593234771236 -16.09475589331209 0.01912219546999383
      vertex 27.216421636210494 -16.789392013277812 0
    endloop
  endfacet
  facet normal -0.09379655517448113 -0.028452873945971673 0.9951847266721967
    outer loop
      vertex 27.208593234771236 -16.09475589331209 0.01912219546999383
      vertex 27.017251518588694 -16.132816127056447 0
      vertex 27.216421636210494 -16.789392013277812 0
    endloop
  endfacet
  facet normal -0.09754516100806461 -0.009607359798384618 0.9951847266721969
    outer loop
      vertex 27.208593234771236 -16.09475589331209 0.01912219546999383
      vertex 27.145090322016127 -15.45 0.01912219546999383
      vertex 27.017251518588694 -16.132816127056447 0
    endloop
  endfacet
  facet normal -0.27778511650979953 -0.08426519384872695 0.9569403357322093
    outer loop
      vertex 27.39666159171223 -16.71473417922747 0.01912219546999383
      vertex 27.39258179610656 -16.058158293006105 0.07575392663191494
      vertex 27.208593234771236 -16.09475589331209 0.01912219546999383
    endloop
  endfacet
  facet normal -0.09754516100806337 -0.009607359798384852 0.995184726672197
    outer loop
      vertex 27.145090322016127 -15.45 0.01912219546999383
      vertex 26.95 -15.45 0
      vertex 27.017251518588694 -16.132816127056447 0
    endloop
  endfacet
  facet normal -0.2888868771906072 -0.028452873945971055 0.9569403357322095
    outer loop
      vertex 27.208593234771236 -16.09475589331209 0.01912219546999383
      vertex 27.33268343236509 -15.45 0.07575392663191494
      vertex 27.145090322016127 -15.45 0.01912219546999383
    endloop
  endfacet
  facet normal -0.09754516100806339 0.00960735979838447 0.995184726672197
    outer loop
      vertex 27.145090322016127 -15.45 0.01912219546999383
      vertex 27.208593234771236 -14.805244106687907 0.01912219546999383
      vertex 26.95 -15.45 0
    endloop
  endfacet
  facet normal -0.28888687719060685 0.028452873945970947 0.9569403357322095
    outer loop
      vertex 27.145090322016127 -15.45 0.01912219546999383
      vertex 27.39258179610656 -14.841841706993893 0.07575392663191494
      vertex 27.208593234771236 -14.805244106687907 0.01912219546999383
    endloop
  endfacet
  facet normal -0.09754516100806453 0.00960735979838494 0.9951847266721967
    outer loop
      vertex 27.208593234771236 -14.805244106687907 0.01912219546999383
      vertex 27.017251518588694 -14.76718387294355 0
      vertex 26.95 -15.45 0
    endloop
  endfacet
  facet normal -0.09379655517448107 0.028452873945972044 0.9951847266721969
    outer loop
      vertex 27.208593234771236 -14.805244106687907 0.01912219546999383
      vertex 27.39666159171223 -14.185265820772528 0.01912219546999383
      vertex 27.017251518588694 -14.76718387294355 0
    endloop
  endfacet
  facet normal -0.09379655517447999 0.028452873945971326 0.995184726672197
    outer loop
      vertex 27.39666159171223 -14.185265820772528 0.01912219546999383
      vertex 27.216421636210494 -14.110607986722185 0
      vertex 27.017251518588694 -14.76718387294355 0
    endloop
  endfacet
  facet normal -0.27778511650979787 0.08426519384872667 0.9569403357322099
    outer loop
      vertex 27.208593234771236 -14.805244106687907 0.01912219546999383
      vertex 27.56997502680377 -14.257054596128912 0.07575392663191494
      vertex 27.39666159171223 -14.185265820772528 0.01912219546999383
    endloop
  endfacet
  facet normal -0.0864434003272552 0.0462049601043706 0.995184726672197
    outer loop
      vertex 27.39666159171223 -14.185265820772528 0.01912219546999383
      vertex 27.70206803135182 -13.613890560093761 0.01912219546999383
      vertex 27.216421636210494 -14.110607986722185 0
    endloop
  endfacet
  facet normal -0.0864434003272545 0.04620496010436993 0.995184726672197
    outer loop
      vertex 27.70206803135182 -13.613890560093761 0.01912219546999383
      vertex 27.53985635694109 -13.505504184431391 0
      vertex 27.216421636210494 -14.110607986722185 0
    endloop
  endfacet
  facet normal -0.2560082295852096 0.13683924960834257 0.9569403357322087
    outer loop
      vertex 27.39666159171223 -14.185265820772528 0.01912219546999383
      vertex 27.8580460020843 -13.718111708123207 0.07575392663191494
      vertex 27.70206803135182 -13.613890560093761 0.01912219546999383
    endloop
  endfacet
  facet normal -0.07576827408347135 0.06218141555799753 0.995184726672197
    outer loop
      vertex 27.70206803135182 -13.613890560093761 0.01912219546999383
      vertex 28.113075955488554 -13.113075955488554 0.01912219546999383
      vertex 27.53985635694109 -13.505504184431391 0
    endloop
  endfacet
  facet normal -0.046204960104369815 -0.08644340032725457 0.995184726672197
    outer loop
      vertex 28.61389056009376 -18.197931968648177 0.01912219546999383
      vertex 28.50550418443139 -18.36014364305891 0
      vertex 29.110607986722187 -18.683578363789504 0
    endloop
  endfacet
  facet normal -0.04620496010437077 -0.08644340032725553 0.9951847266721968
    outer loop
      vertex 28.61389056009376 -18.197931968648177 0.01912219546999383
      vertex 29.110607986722187 -18.683578363789504 0
      vertex 29.18526582077253 -18.503338408287767 0.01912219546999383
    endloop
  endfacet
  facet normal -0.06218141555799754 -0.07576827408347137 0.995184726672197
    outer loop
      vertex 28.113075955488554 -17.786924044511444 0.01912219546999383
      vertex 28.50550418443139 -18.36014364305891 0
      vertex 28.61389056009376 -18.197931968648177 0.01912219546999383
    endloop
  endfacet
  facet normal -0.06218141555799919 -0.0757682740834725 0.9951847266721969
    outer loop
      vertex 28.113075955488554 -17.786924044511444 0.01912219546999383
      vertex 27.975126265847084 -17.924873734152914 0
      vertex 28.50550418443139 -18.36014364305891 0
    endloop
  endfacet
  facet normal -0.18415464974584192 -0.22439308996872828 0.9569403357322087
    outer loop
      vertex 28.113075955488554 -17.786924044511444 0.01912219546999383
      vertex 28.61389056009376 -18.197931968648177 0.01912219546999383
      vertex 28.24572431592018 -17.654275684079817 0.07575392663191494
    endloop
  endfacet
  facet normal -0.13683924960834257 -0.2560082295852096 0.9569403357322087
    outer loop
      vertex 28.61389056009376 -18.197931968648177 0.01912219546999383
      vertex 29.18526582077253 -18.503338408287767 0.01912219546999383
      vertex 28.718111708123207 -18.041953997915698 0.07575392663191494
    endloop
  endfacet
  facet normal -0.028452873945971405 -0.09379655517448023 0.995184726672197
    outer loop
      vertex 29.18526582077253 -18.503338408287767 0.01912219546999383
      vertex 29.110607986722187 -18.683578363789504 0
      vertex 29.76718387294355 -18.882748481411305 0
    endloop
  endfacet
  facet normal -0.08426519384872667 -0.27778511650979865 0.9569403357322097
    outer loop
      vertex 29.18526582077253 -18.503338408287767 0.01912219546999383
      vertex 29.80524410668791 -18.691406765228763 0.01912219546999383
      vertex 29.25705459612891 -18.330024973196227 0.07575392663191494
    endloop
  endfacet
  facet normal -0.028452873945971967 -0.0937965551744811 0.995184726672197
    outer loop
      vertex 29.18526582077253 -18.503338408287767 0.01912219546999383
      vertex 29.76718387294355 -18.882748481411305 0
      vertex 29.80524410668791 -18.691406765228763 0.01912219546999383
    endloop
  endfacet
  facet normal -0.009607359798384965 -0.09754516100806455 0.9951847266721969
    outer loop
      vertex 29.80524410668791 -18.691406765228763 0.01912219546999383
      vertex 29.76718387294355 -18.882748481411305 0
      vertex 30.45 -18.95 0
    endloop
  endfacet
  facet normal -0.028452873945971048 -0.2888868771906071 0.9569403357322094
    outer loop
      vertex 29.80524410668791 -18.691406765228763 0.01912219546999383
      vertex 30.45 -18.75490967798387 0.01912219546999383
      vertex 29.841841706993893 -18.50741820389344 0.07575392663191494
    endloop
  endfacet
  facet normal -0.009607359798384498 -0.09754516100806339 0.995184726672197
    outer loop
      vertex 29.80524410668791 -18.691406765228763 0.01912219546999383
      vertex 30.45 -18.95 0
      vertex 30.45 -18.75490967798387 0.01912219546999383
    endloop
  endfacet
  facet normal 0.009607359798384852 -0.09754516100806337 0.995184726672197
    outer loop
      vertex 30.45 -18.75490967798387 0.01912219546999383
      vertex 30.45 -18.95 0
      vertex 31.132816127056447 -18.882748481411305 0
    endloop
  endfacet
  facet normal 0.028452873945971055 -0.2888868771906072 0.9569403357322094
    outer loop
      vertex 30.45 -18.75490967798387 0.01912219546999383
      vertex 31.09475589331209 -18.691406765228763 0.01912219546999383
      vertex 30.45 -18.567316567634908 0.07575392663191494
    endloop
  endfacet
  facet normal 0.009607359798384618 -0.09754516100806461 0.9951847266721969
    outer loop
      vertex 30.45 -18.75490967798387 0.01912219546999383
      vertex 31.132816127056447 -18.882748481411305 0
      vertex 31.09475589331209 -18.691406765228763 0.01912219546999383
    endloop
  endfacet
  facet normal 0.08426519384872695 -0.27778511650979953 0.9569403357322093
    outer loop
      vertex 31.09475589331209 -18.691406765228763 0.01912219546999383
      vertex 31.71473417922747 -18.503338408287767 0.01912219546999383
      vertex 31.058158293006105 -18.50741820389344 0.07575392663191494
    endloop
  endfacet
  facet normal 0.028452873945971676 -0.09379655517448113 0.9951847266721967
    outer loop
      vertex 31.09475589331209 -18.691406765228763 0.01912219546999383
      vertex 31.132816127056447 -18.882748481411305 0
      vertex 31.789392013277812 -18.683578363789504 0
    endloop
  endfacet
  facet normal 0.028452873945971676 -0.09379655517448013 0.995184726672197
    outer loop
      vertex 31.09475589331209 -18.691406765228763 0.01912219546999383
      vertex 31.789392013277812 -18.683578363789504 0
      vertex 31.71473417922747 -18.503338408287767 0.01912219546999383
    endloop
  endfacet
  facet normal 0.04620496010437066 -0.08644340032725563 0.995184726672197
    outer loop
      vertex 31.71473417922747 -18.503338408287767 0.01912219546999383
      vertex 31.789392013277812 -18.683578363789504 0
      vertex 32.394495815568604 -18.36014364305891 0
    endloop
  endfacet
  facet normal 0.046204960104370356 -0.08644340032725421 0.9951847266721972
    outer loop
      vertex 31.71473417922747 -18.503338408287767 0.01912219546999383
      vertex 32.394495815568604 -18.36014364305891 0
      vertex 32.286109439906234 -18.197931968648177 0.01912219546999383
    endloop
  endfacet
  facet normal 0.13683924960834226 -0.2560082295852074 0.9569403357322093
    outer loop
      vertex 31.71473417922747 -18.503338408287767 0.01912219546999383
      vertex 32.286109439906234 -18.197931968648177 0.01912219546999383
      vertex 31.64294540387109 -18.330024973196227 0.07575392663191494
    endloop
  endfacet
  facet normal 0.18415464974584517 -0.22439308996873383 0.9569403357322069
    outer loop
      vertex 32.286109439906234 -18.197931968648177 0.01912219546999383
      vertex 32.786924044511444 -17.786924044511444 0.01912219546999383
      vertex 32.181888291876795 -18.041953997915698 0.07575392663191494
    endloop
  endfacet
  facet normal -0.07576827408347289 -0.0621814155579988 0.995184726672197
    outer loop
      vertex 28.113075955488554 -17.786924044511444 0.01912219546999383
      vertex 27.70206803135182 -17.286109439906237 0.01912219546999383
      vertex 27.975126265847084 -17.924873734152914 0
    endloop
  endfacet
  facet normal -0.22439308996872825 -0.1841546497458419 0.9569403357322087
    outer loop
      vertex 28.113075955488554 -17.786924044511444 0.01912219546999383
      vertex 27.8580460020843 -17.181888291876792 0.07575392663191494
      vertex 27.70206803135182 -17.286109439906237 0.01912219546999383
    endloop
  endfacet
  facet normal 0.06218141555799748 -0.0757682740834714 0.9951847266721972
    outer loop
      vertex 32.286109439906234 -18.197931968648177 0.01912219546999383
      vertex 32.394495815568604 -18.36014364305891 0
      vertex 32.92487373415292 -17.924873734152914 0
    endloop
  endfacet
  facet normal 0.06218141555799784 -0.07576827408347227 0.995184726672197
    outer loop
      vertex 32.286109439906234 -18.197931968648177 0.01912219546999383
      vertex 32.92487373415292 -17.924873734152914 0
      vertex 32.786924044511444 -17.786924044511444 0.01912219546999383
    endloop
  endfacet
  facet normal 0.07576827408347198 -0.062181415557997756 0.995184726672197
    outer loop
      vertex 32.786924044511444 -17.786924044511444 0.01912219546999383
      vertex 32.92487373415292 -17.924873734152914 0
      vertex 33.360143643058905 -17.394495815568607 0
    endloop
  endfacet
  facet normal 0.22439308996873134 -0.18415464974584442 0.9569403357322077
    outer loop
      vertex 32.786924044511444 -17.786924044511444 0.01912219546999383
      vertex 33.19793196864818 -17.286109439906237 0.01912219546999383
      vertex 32.65427568407982 -17.654275684079817 0.07575392663191494
    endloop
  endfacet
  facet normal 0.07576827408347243 -0.062181415557998415 0.995184726672197
    outer loop
      vertex 32.786924044511444 -17.786924044511444 0.01912219546999383
      vertex 33.360143643058905 -17.394495815568607 0
      vertex 33.19793196864818 -17.286109439906237 0.01912219546999383
    endloop
  endfacet
  facet normal 0.08644340032725595 -0.046204960104370564 0.9951847266721968
    outer loop
      vertex 33.19793196864818 -17.286109439906237 0.01912219546999383
      vertex 33.360143643058905 -17.394495815568607 0
      vertex 33.6835783637895 -16.789392013277812 0
    endloop
  endfacet
  facet normal 0.2560082295852096 -0.13683924960834257 0.9569403357322087
    outer loop
      vertex 33.19793196864818 -17.286109439906237 0.01912219546999383
      vertex 33.50333840828777 -16.71473417922747 0.01912219546999383
      vertex 33.0419539979157 -17.181888291876792 0.07575392663191494
    endloop
  endfacet
  facet normal 0.08644340032725693 -0.04620496010437152 0.9951847266721967
    outer loop
      vertex 33.19793196864818 -17.286109439906237 0.01912219546999383
      vertex 33.6835783637895 -16.789392013277812 0
      vertex 33.50333840828777 -16.71473417922747 0.01912219546999383
    endloop
  endfacet
  facet normal 0.2777851165098032 -0.08426519384872806 0.9569403357322082
    outer loop
      vertex 33.33002497319623 -16.64294540387109 0.07575392663191494
      vertex 33.50333840828777 -16.71473417922747 0.01912219546999383
      vertex 33.69140676522876 -16.09475589331209 0.01912219546999383
    endloop
  endfacet
  facet normal 0.09379655517448167 -0.028452873945972346 0.9951847266721967
    outer loop
      vertex 33.50333840828777 -16.71473417922747 0.01912219546999383
      vertex 33.6835783637895 -16.789392013277812 0
      vertex 33.882748481411305 -16.132816127056447 0
    endloop
  endfacet
  facet normal 0.0937965551744811 -0.028452873945971967 0.995184726672197
    outer loop
      vertex 33.50333840828777 -16.71473417922747 0.01912219546999383
      vertex 33.882748481411305 -16.132816127056447 0
      vertex 33.69140676522876 -16.09475589331209 0.01912219546999383
    endloop
  endfacet
  facet normal 0.09754516100806443 -0.009607359798385463 0.9951847266721967
    outer loop
      vertex 33.69140676522876 -16.09475589331209 0.01912219546999383
      vertex 33.882748481411305 -16.132816127056447 0
      vertex 33.95 -15.45 0
    endloop
  endfacet
  facet normal 0.2888868771906024 -0.028452873945968994 0.9569403357322109
    outer loop
      vertex 33.69140676522876 -16.09475589331209 0.01912219546999383
      vertex 33.75490967798387 -15.45 0.01912219546999383
      vertex 33.50741820389344 -16.058158293006105 0.07575392663191494
    endloop
  endfacet
  facet normal 0.09754516100805985 -0.00960735979838361 0.9951847266721975
    outer loop
      vertex 33.69140676522876 -16.09475589331209 0.01912219546999383
      vertex 33.95 -15.45 0
      vertex 33.75490967798387 -15.45 0.01912219546999383
    endloop
  endfacet
  facet normal 0.09754516100805985 0.009607359798384986 0.9951847266721974
    outer loop
      vertex 33.75490967798387 -15.45 0.01912219546999383
      vertex 33.95 -15.45 0
      vertex 33.882748481411305 -14.76718387294355 0
    endloop
  endfacet
  facet normal 0.2888868771906172 0.028452873945970375 0.9569403357322065
    outer loop
      vertex 33.75490967798387 -15.45 0.01912219546999383
      vertex 33.69140676522876 -14.805244106687907 0.01912219546999383
      vertex 33.56731656763491 -15.45 0.07575392663191494
    endloop
  endfacet
  facet normal -0.22439308996872828 0.18415464974584192 0.9569403357322087
    outer loop
      vertex 27.70206803135182 -13.613890560093761 0.01912219546999383
      vertex 28.24572431592018 -13.245724315920182 0.07575392663191494
      vertex 28.113075955488554 -13.113075955488554 0.01912219546999383
    endloop
  endfacet
  facet normal -0.07576827408347217 0.062181415557998714 0.995184726672197
    outer loop
      vertex 28.113075955488554 -13.113075955488554 0.01912219546999383
      vertex 27.975126265847084 -12.975126265847083 0
      vertex 27.53985635694109 -13.505504184431391 0
    endloop
  endfacet
  facet normal -0.0621814155579985 0.07576827408347221 0.995184726672197
    outer loop
      vertex 28.113075955488554 -13.113075955488554 0.01912219546999383
      vertex 28.61389056009376 -12.70206803135182 0.01912219546999383
      vertex 27.975126265847084 -12.975126265847083 0
    endloop
  endfacet
  facet normal -0.062181415557998276 0.07576827408347168 0.995184726672197
    outer loop
      vertex 28.61389056009376 -12.70206803135182 0.01912219546999383
      vertex 28.50550418443139 -12.53985635694109 0
      vertex 27.975126265847084 -12.975126265847083 0
    endloop
  endfacet
  facet normal -0.18415464974584117 0.22439308996872642 0.9569403357322094
    outer loop
      vertex 28.113075955488554 -13.113075955488554 0.01912219546999383
      vertex 28.718111708123207 -12.8580460020843 0.07575392663191494
      vertex 28.61389056009376 -12.70206803135182 0.01912219546999383
    endloop
  endfacet
  facet normal -0.04620496010437013 0.08644340032725532 0.995184726672197
    outer loop
      vertex 28.61389056009376 -12.70206803135182 0.01912219546999383
      vertex 29.18526582077253 -12.396661591712233 0.01912219546999383
      vertex 28.50550418443139 -12.53985635694109 0
    endloop
  endfacet
  facet normal -0.046204960104370224 0.08644340032725581 0.995184726672197
    outer loop
      vertex 29.18526582077253 -12.396661591712233 0.01912219546999383
      vertex 29.110607986722187 -12.216421636210496 0
      vertex 28.50550418443139 -12.53985635694109 0
    endloop
  endfacet
  facet normal -0.13683924960834237 0.2560082295852122 0.956940335732208
    outer loop
      vertex 28.61389056009376 -12.70206803135182 0.01912219546999383
      vertex 29.25705459612891 -12.56997502680377 0.07575392663191494
      vertex 29.18526582077253 -12.396661591712233 0.01912219546999383
    endloop
  endfacet
  facet normal -0.028452873945971676 0.09379655517448013 0.995184726672197
    outer loop
      vertex 29.18526582077253 -12.396661591712233 0.01912219546999383
      vertex 29.80524410668791 -12.208593234771238 0.01912219546999383
      vertex 29.110607986722187 -12.216421636210496 0
    endloop
  endfacet
  facet normal -0.02845287394597167 0.09379655517448027 0.995184726672197
    outer loop
      vertex 29.80524410668791 -12.208593234771238 0.01912219546999383
      vertex 29.76718387294355 -12.017251518588694 0
      vertex 29.110607986722187 -12.216421636210496 0
    endloop
  endfacet
  facet normal -0.08426519384872766 0.27778511650980187 0.9569403357322086
    outer loop
      vertex 29.18526582077253 -12.396661591712233 0.01912219546999383
      vertex 29.841841706993893 -12.392581796106558 0.07575392663191494
      vertex 29.80524410668791 -12.208593234771238 0.01912219546999383
    endloop
  endfacet
  facet normal -0.009607359798384795 0.0975451610080637 0.995184726672197
    outer loop
      vertex 29.80524410668791 -12.208593234771238 0.01912219546999383
      vertex 30.45 -12.145090322016127 0.01912219546999383
      vertex 29.76718387294355 -12.017251518588694 0
    endloop
  endfacet
  facet normal -0.028452873945972096 0.2888868771906096 0.9569403357322086
    outer loop
      vertex 29.80524410668791 -12.208593234771238 0.01912219546999383
      vertex 30.45 -12.332683432365089 0.07575392663191494
      vertex 30.45 -12.145090322016127 0.01912219546999383
    endloop
  endfacet
  facet normal -0.009607359798384852 0.09754516100806337 0.995184726672197
    outer loop
      vertex 30.45 -12.145090322016127 0.01912219546999383
      vertex 30.45 -11.95 0
      vertex 29.76718387294355 -12.017251518588694 0
    endloop
  endfacet
  facet normal 0.009607359798384764 0.09754516100806337 0.995184726672197
    outer loop
      vertex 30.45 -12.145090322016127 0.01912219546999383
      vertex 31.09475589331209 -12.208593234771238 0.01912219546999383
      vertex 30.45 -11.95 0
    endloop
  endfacet
  facet normal 0.028452873945972075 0.28888687719060946 0.9569403357322087
    outer loop
      vertex 30.45 -12.145090322016127 0.01912219546999383
      vertex 31.058158293006105 -12.392581796106558 0.07575392663191494
      vertex 31.09475589331209 -12.208593234771238 0.01912219546999383
    endloop
  endfacet
  facet normal 0.009607359798384878 0.09754516100806367 0.995184726672197
    outer loop
      vertex 31.09475589331209 -12.208593234771238 0.01912219546999383
      vertex 31.132816127056447 -12.017251518588694 0
      vertex 30.45 -11.95 0
    endloop
  endfacet
  facet normal 0.028452873945971718 0.09379655517448028 0.995184726672197
    outer loop
      vertex 31.09475589331209 -12.208593234771238 0.01912219546999383
      vertex 31.71473417922747 -12.396661591712233 0.01912219546999383
      vertex 31.132816127056447 -12.017251518588694 0
    endloop
  endfacet
  facet normal 0.08426519384872805 0.2777851165098032 0.9569403357322082
    outer loop
      vertex 31.64294540387109 -12.56997502680377 0.07575392663191494
      vertex 31.71473417922747 -12.396661591712233 0.01912219546999383
      vertex 31.09475589331209 -12.208593234771238 0.01912219546999383
    endloop
  endfacet
  facet normal 0.028452873945971627 0.09379655517448013 0.995184726672197
    outer loop
      vertex 31.71473417922747 -12.396661591712233 0.01912219546999383
      vertex 31.789392013277812 -12.216421636210496 0
      vertex 31.132816127056447 -12.017251518588694 0
    endloop
  endfacet
  facet normal 0.1368392496083432 0.25600822958521213 0.9569403357322079
    outer loop
      vertex 31.71473417922747 -12.396661591712233 0.01912219546999383
      vertex 32.181888291876795 -12.8580460020843 0.07575392663191494
      vertex 32.286109439906234 -12.70206803135182 0.01912219546999383
    endloop
  endfacet
  facet normal 0.04620496010437059 0.08644340032725566 0.995184726672197
    outer loop
      vertex 31.71473417922747 -12.396661591712233 0.01912219546999383
      vertex 32.286109439906234 -12.70206803135182 0.01912219546999383
      vertex 31.789392013277812 -12.216421636210496 0
    endloop
  endfacet
  facet normal 0.04620496010437021 0.08644340032725527 0.995184726672197
    outer loop
      vertex 32.286109439906234 -12.70206803135182 0.01912219546999383
      vertex 32.394495815568604 -12.53985635694109 0
      vertex 31.789392013277812 -12.216421636210496 0
    endloop
  endfacet
  facet normal 0.2777851165097942 0.08426519384872556 0.956940335732211
    outer loop
      vertex 33.69140676522876 -14.805244106687907 0.01912219546999383
      vertex 33.50333840828777 -14.185265820772528 0.01912219546999383
      vertex 33.50741820389344 -14.841841706993893 0.07575392663191494
    endloop
  endfacet
  facet normal 0.09379655517448146 0.028452873945972162 0.9951847266721967
    outer loop
      vertex 33.69140676522876 -14.805244106687907 0.01912219546999383
      vertex 33.6835783637895 -14.110607986722185 0
      vertex 33.50333840828777 -14.185265820772528 0.01912219546999383
    endloop
  endfacet
  facet normal 0.25600822958521063 0.13683924960834312 0.9569403357322085
    outer loop
      vertex 33.33002497319623 -14.257054596128912 0.07575392663191494
      vertex 33.50333840828777 -14.185265820772528 0.01912219546999383
      vertex 33.19793196864818 -13.613890560093761 0.01912219546999383
    endloop
  endfacet
  facet normal 0.08644340032725667 0.04620496010437109 0.9951847266721969
    outer loop
      vertex 33.50333840828777 -14.185265820772528 0.01912219546999383
      vertex 33.6835783637895 -14.110607986722185 0
      vertex 33.360143643058905 -13.505504184431391 0
    endloop
  endfacet
  facet normal 0.09754516100806473 0.009607359798384065 0.9951847266721969
    outer loop
      vertex 33.75490967798387 -15.45 0.01912219546999383
      vertex 33.882748481411305 -14.76718387294355 0
      vertex 33.69140676522876 -14.805244106687907 0.01912219546999383
    endloop
  endfacet
  facet normal 0.09379655517448104 0.02845287394597216 0.9951847266721969
    outer loop
      vertex 33.69140676522876 -14.805244106687907 0.01912219546999383
      vertex 33.882748481411305 -14.76718387294355 0
      vertex 33.6835783637895 -14.110607986722185 0
    endloop
  endfacet
  facet normal 0.22439308996872825 0.1841546497458419 0.9569403357322087
    outer loop
      vertex 32.786924044511444 -13.113075955488554 0.01912219546999383
      vertex 33.0419539979157 -13.718111708123207 0.07575392663191494
      vertex 33.19793196864818 -13.613890560093761 0.01912219546999383
    endloop
  endfacet
  facet normal 0.08644340032725574 0.04620496010437088 0.9951847266721968
    outer loop
      vertex 33.50333840828777 -14.185265820772528 0.01912219546999383
      vertex 33.360143643058905 -13.505504184431391 0
      vertex 33.19793196864818 -13.613890560093761 0.01912219546999383
    endloop
  endfacet
  facet normal 0.07576827408347263 0.06218141555799808 0.9951847266721969
    outer loop
      vertex 33.19793196864818 -13.613890560093761 0.01912219546999383
      vertex 33.360143643058905 -13.505504184431391 0
      vertex 32.92487373415292 -12.975126265847083 0
    endloop
  endfacet
  facet normal 0.1841546497458437 0.22439308996873106 0.9569403357322078
    outer loop
      vertex 32.786924044511444 -13.113075955488554 0.01912219546999383
      vertex 32.286109439906234 -12.70206803135182 0.01912219546999383
      vertex 32.65427568407982 -13.245724315920182 0.07575392663191494
    endloop
  endfacet
  facet normal 0.07576827408347138 0.062181415557997555 0.995184726672197
    outer loop
      vertex 32.786924044511444 -13.113075955488554 0.01912219546999383
      vertex 33.19793196864818 -13.613890560093761 0.01912219546999383
      vertex 32.92487373415292 -12.975126265847083 0
    endloop
  endfacet
  facet normal 0.06218141555799744 0.0757682740834717 0.995184726672197
    outer loop
      vertex 32.786924044511444 -13.113075955488554 0.01912219546999383
      vertex 32.92487373415292 -12.975126265847083 0
      vertex 32.394495815568604 -12.53985635694109 0
    endloop
  endfacet
  facet normal 0.062181415557997846 0.07576827408347195 0.9951847266721968
    outer loop
      vertex 32.786924044511444 -13.113075955488554 0.01912219546999383
      vertex 32.394495815568604 -12.53985635694109 0
      vertex 32.286109439906234 -12.70206803135182 0.01912219546999383
    endloop
  endfacet
  facet normal -0.2560082295852099 -0.13683924960834198 0.9569403357322087
    outer loop
      vertex 27.56997502680377 -16.64294540387109 0.07575392663191494
      vertex 27.70206803135182 -17.286109439906237 0.01912219546999383
      vertex 27.8580460020843 -17.181888291876792 0.07575392663191494
    endloop
  endfacet
  facet normal -0.4157348061512738 -0.22221488349020013 0.8819212643483542
    outer loop
      vertex 27.56997502680377 -16.64294540387109 0.07575392663191494
      vertex 27.8580460020843 -17.181888291876792 0.07575392663191494
      vertex 27.729701603369833 -16.576784489586 0.1677188678166508
    endloop
  endfacet
  facet normal -0.2777851165097984 -0.08426519384872697 0.9569403357322096
    outer loop
      vertex 27.39666159171223 -16.71473417922747 0.01912219546999383
      vertex 27.56997502680377 -16.64294540387109 0.07575392663191494
      vertex 27.39258179610656 -16.058158293006105 0.07575392663191494
    endloop
  endfacet
  facet normal -0.45109855160133533 -0.13683924960834135 0.8819212643483564
    outer loop
      vertex 27.56997502680377 -16.64294540387109 0.07575392663191494
      vertex 27.562146625364512 -16.024429751394077 0.1677188678166508
      vertex 27.39258179610656 -16.058158293006105 0.07575392663191494
    endloop
  endfacet
  facet normal -0.4510985516013403 -0.136839249608341 0.8819212643483538
    outer loop
      vertex 27.56997502680377 -16.64294540387109 0.07575392663191494
      vertex 27.729701603369833 -16.576784489586 0.1677188678166508
      vertex 27.562146625364512 -16.024429751394077 0.1677188678166508
    endloop
  endfacet
  facet normal -0.2888868771906071 -0.028452873945971062 0.9569403357322094
    outer loop
      vertex 27.208593234771236 -16.09475589331209 0.01912219546999383
      vertex 27.39258179610656 -16.058158293006105 0.07575392663191494
      vertex 27.33268343236509 -15.45 0.07575392663191494
    endloop
  endfacet
  facet normal -0.46912683269234356 -0.046204960104372264 0.8819212643483563
    outer loop
      vertex 27.39258179610656 -16.058158293006105 0.07575392663191494
      vertex 27.562146625364512 -16.024429751394077 0.1677188678166508
      vertex 27.5055702330196 -15.45 0.1677188678166508
    endloop
  endfacet
  facet normal -0.6070765223338196 -0.18415464974583992 0.7730104533627359
    outer loop
      vertex 27.729701603369833 -16.576784489586 0.1677188678166508
      vertex 27.869703118648683 -16.518793963204715 0.2914828579090054
      vertex 27.71077144124977 -15.994866437414977 0.2914828579090054
    endloop
  endfacet
  facet normal -0.6070765223338164 -0.18415464974584037 0.7730104533627383
    outer loop
      vertex 27.562146625364512 -16.024429751394077 0.1677188678166508
      vertex 27.729701603369833 -16.576784489586 0.1677188678166508
      vertex 27.71077144124977 -15.994866437414977 0.2914828579090054
    endloop
  endfacet
  facet normal -0.6313385071030724 -0.06218141555799849 0.7730104533627391
    outer loop
      vertex 27.562146625364512 -16.024429751394077 0.1677188678166508
      vertex 27.71077144124977 -15.994866437414977 0.2914828579090054
      vertex 27.65710678118655 -15.45 0.2914828579090054
    endloop
  endfacet
  facet normal -0.46912683269235106 -0.04620496010437029 0.8819212643483524
    outer loop
      vertex 27.39258179610656 -16.058158293006105 0.07575392663191494
      vertex 27.5055702330196 -15.45 0.1677188678166508
      vertex 27.33268343236509 -15.45 0.07575392663191494
    endloop
  endfacet
  facet normal -0.2888868771906072 0.028452873945971062 0.9569403357322094
    outer loop
      vertex 27.145090322016127 -15.45 0.01912219546999383
      vertex 27.33268343236509 -15.45 0.07575392663191494
      vertex 27.39258179610656 -14.841841706993893 0.07575392663191494
    endloop
  endfacet
  facet normal -0.469126832692351 0.04620496010437287 0.8819212643483523
    outer loop
      vertex 27.33268343236509 -15.45 0.07575392663191494
      vertex 27.5055702330196 -15.45 0.1677188678166508
      vertex 27.562146625364512 -14.87557024860592 0.1677188678166508
    endloop
  endfacet
  facet normal -0.6313385071030665 -0.062181415558000386 0.7730104533627435
    outer loop
      vertex 27.562146625364512 -16.024429751394077 0.1677188678166508
      vertex 27.65710678118655 -15.45 0.2914828579090054
      vertex 27.5055702330196 -15.45 0.1677188678166508
    endloop
  endfacet
  facet normal -0.6313385071030666 0.06218141555799792 0.7730104533627437
    outer loop
      vertex 27.5055702330196 -15.45 0.1677188678166508
      vertex 27.65710678118655 -15.45 0.2914828579090054
      vertex 27.71077144124977 -14.905133562585021 0.2914828579090054
    endloop
  endfacet
  facet normal -0.7397248827654501 -0.2243930899687258 0.6343932841636397
    outer loop
      vertex 27.869703118648683 -16.518793963204715 0.2914828579090054
      vertex 27.83274467543761 -15.97060445264572 0.4422897161773749
      vertex 27.71077144124977 -15.994866437414977 0.2914828579090054
    endloop
  endfacet
  facet normal -0.7692881967445523 -0.07576827408347309 0.6343932841636383
    outer loop
      vertex 27.71077144124977 -15.994866437414977 0.2914828579090054
      vertex 27.781469612302544 -15.45 0.4422897161773749
      vertex 27.65710678118655 -15.45 0.2914828579090054
    endloop
  endfacet
  facet normal -0.7692881967445514 -0.07576827408347346 0.6343932841636393
    outer loop
      vertex 27.71077144124977 -15.994866437414977 0.2914828579090054
      vertex 27.83274467543761 -15.97060445264572 0.4422897161773749
      vertex 27.781469612302544 -15.45 0.4422897161773749
    endloop
  endfacet
  facet normal -0.7692881967445522 0.0757682740834735 0.6343932841636383
    outer loop
      vertex 27.65710678118655 -15.45 0.2914828579090054
      vertex 27.781469612302544 -15.45 0.4422897161773749
      vertex 27.83274467543761 -14.929395547354279 0.4422897161773749
    endloop
  endfacet
  facet normal -0.877674572406917 -0.08644340032725667 0.4713967368259957
    outer loop
      vertex 27.83274467543761 -15.97060445264572 0.4422897161773749
      vertex 27.873879532511285 -15.45 0.6143440196319667
      vertex 27.781469612302544 -15.45 0.4422897161773749
    endloop
  endfacet
  facet normal -0.4691268326923444 0.046204960104369634 0.8819212643483559
    outer loop
      vertex 27.33268343236509 -15.45 0.07575392663191494
      vertex 27.562146625364512 -14.87557024860592 0.1677188678166508
      vertex 27.39258179610656 -14.841841706993893 0.07575392663191494
    endloop
  endfacet
  facet normal -0.27778511650979876 0.08426519384872731 0.9569403357322095
    outer loop
      vertex 27.208593234771236 -14.805244106687907 0.01912219546999383
      vertex 27.39258179610656 -14.841841706993893 0.07575392663191494
      vertex 27.56997502680377 -14.257054596128912 0.07575392663191494
    endloop
  endfacet
  facet normal -0.4510985516013367 0.13683924960834037 0.8819212643483558
    outer loop
      vertex 27.39258179610656 -14.841841706993893 0.07575392663191494
      vertex 27.562146625364512 -14.87557024860592 0.1677188678166508
      vertex 27.729701603369833 -14.323215510413998 0.1677188678166508
    endloop
  endfacet
  facet normal -0.6313385071030716 0.062181415558000684 0.7730104533627395
    outer loop
      vertex 27.5055702330196 -15.45 0.1677188678166508
      vertex 27.71077144124977 -14.905133562585021 0.2914828579090054
      vertex 27.562146625364512 -14.87557024860592 0.1677188678166508
    endloop
  endfacet
  facet normal -0.6070765223338154 0.18415464974583864 0.7730104533627395
    outer loop
      vertex 27.562146625364512 -14.87557024860592 0.1677188678166508
      vertex 27.71077144124977 -14.905133562585021 0.2914828579090054
      vertex 27.869703118648683 -14.381206036795284 0.2914828579090054
    endloop
  endfacet
  facet normal -0.45109855160134055 0.13683924960834334 0.8819212643483534
    outer loop
      vertex 27.39258179610656 -14.841841706993893 0.07575392663191494
      vertex 27.729701603369833 -14.323215510413998 0.1677188678166508
      vertex 27.56997502680377 -14.257054596128912 0.07575392663191494
    endloop
  endfacet
  facet normal -0.2560082295852071 0.13683924960834 0.9569403357322098
    outer loop
      vertex 27.56997502680377 -14.257054596128912 0.07575392663191494
      vertex 27.8580460020843 -13.718111708123207 0.07575392663191494
      vertex 27.39666159171223 -14.185265820772528 0.01912219546999383
    endloop
  endfacet
  facet normal -0.4157348061512757 0.22221488349020016 0.8819212643483532
    outer loop
      vertex 27.56997502680377 -14.257054596128912 0.07575392663191494
      vertex 27.729701603369833 -14.323215510413998 0.1677188678166508
      vertex 28.001796123196733 -13.814162468248847 0.1677188678166508
    endloop
  endfacet
  facet normal -0.4157348061512762 0.22221488349020066 0.881921264348353
    outer loop
      vertex 27.56997502680377 -14.257054596128912 0.07575392663191494
      vertex 28.001796123196733 -13.814162468248847 0.1677188678166508
      vertex 27.8580460020843 -13.718111708123207 0.07575392663191494
    endloop
  endfacet
  facet normal -0.6070765223338189 0.18415464974584175 0.773010453362736
    outer loop
      vertex 27.562146625364512 -14.87557024860592 0.1677188678166508
      vertex 27.869703118648683 -14.381206036795284 0.2914828579090054
      vertex 27.729701603369833 -14.323215510413998 0.1677188678166508
    endloop
  endfacet
  facet normal -0.7692881967445514 0.075768274083473 0.6343932841636393
    outer loop
      vertex 27.65710678118655 -15.45 0.2914828579090054
      vertex 27.83274467543761 -14.929395547354279 0.4422897161773749
      vertex 27.71077144124977 -14.905133562585021 0.2914828579090054
    endloop
  endfacet
  facet normal -0.7397248827654495 0.22439308996872828 0.6343932841636396
    outer loop
      vertex 27.71077144124977 -14.905133562585021 0.2914828579090054
      vertex 27.83274467543761 -14.929395547354279 0.4422897161773749
      vertex 27.98459939292191 -14.428797631865393 0.4422897161773749
    endloop
  endfacet
  facet normal -0.22221488349020208 -0.41573480615127745 0.881921264348352
    outer loop
      vertex 28.718111708123207 -18.041953997915698 0.07575392663191494
      vertex 29.25705459612891 -18.330024973196227 0.07575392663191494
      vertex 28.814162468248846 -17.898203876803265 0.1677188678166508
    endloop
  endfacet
  facet normal -0.18415464974584192 -0.22439308996872828 0.9569403357322088
    outer loop
      vertex 28.61389056009376 -18.197931968648177 0.01912219546999383
      vertex 28.718111708123207 -18.041953997915698 0.07575392663191494
      vertex 28.24572431592018 -17.654275684079817 0.07575392663191494
    endloop
  endfacet
  facet normal -0.2990509240190721 -0.3643946052475829 0.8819212643483529
    outer loop
      vertex 28.718111708123207 -18.041953997915698 0.07575392663191494
      vertex 28.367973745040633 -17.532026254959366 0.1677188678166508
      vertex 28.24572431592018 -17.654275684079817 0.07575392663191494
    endloop
  endfacet
  facet normal -0.29905092401907396 -0.364394605247584 0.8819212643483518
    outer loop
      vertex 28.718111708123207 -18.041953997915698 0.07575392663191494
      vertex 28.814162468248846 -17.898203876803265 0.1677188678166508
      vertex 28.367973745040633 -17.532026254959366 0.1677188678166508
    endloop
  endfacet
  facet normal -0.08426519384872729 -0.2777851165097995 0.9569403357322093
    outer loop
      vertex 29.25705459612891 -18.330024973196227 0.07575392663191494
      vertex 29.80524410668791 -18.691406765228763 0.01912219546999383
      vertex 29.841841706993893 -18.50741820389344 0.07575392663191494
    endloop
  endfacet
  facet normal -0.0462049601043696 -0.46912683269234406 0.8819212643483562
    outer loop
      vertex 29.841841706993893 -18.50741820389344 0.07575392663191494
      vertex 30.45 -18.567316567634908 0.07575392663191494
      vertex 29.87557024860592 -18.337853374635486 0.1677188678166508
    endloop
  endfacet
  facet normal -0.13683924960834096 -0.256008229585208 0.9569403357322094
    outer loop
      vertex 29.18526582077253 -18.503338408287767 0.01912219546999383
      vertex 29.25705459612891 -18.330024973196227 0.07575392663191494
      vertex 28.718111708123207 -18.041953997915698 0.07575392663191494
    endloop
  endfacet
  facet normal -0.22221488349019872 -0.41573480615127445 0.8819212643483543
    outer loop
      vertex 29.25705459612891 -18.330024973196227 0.07575392663191494
      vertex 29.323215510414 -18.170298396630166 0.1677188678166508
      vertex 28.814162468248846 -17.898203876803265 0.1677188678166508
    endloop
  endfacet
  facet normal -0.13683924960834265 -0.45109855160133966 0.8819212643483539
    outer loop
      vertex 29.25705459612891 -18.330024973196227 0.07575392663191494
      vertex 29.841841706993893 -18.50741820389344 0.07575392663191494
      vertex 29.323215510414 -18.170298396630166 0.1677188678166508
    endloop
  endfacet
  facet normal -0.13683924960833965 -0.4510985516013357 0.8819212643483565
    outer loop
      vertex 29.323215510414 -18.170298396630166 0.1677188678166508
      vertex 29.841841706993893 -18.50741820389344 0.07575392663191494
      vertex 29.87557024860592 -18.337853374635486 0.1677188678166508
    endloop
  endfacet
  facet normal -0.1841546497458412 -0.6070765223338191 0.7730104533627359
    outer loop
      vertex 29.323215510414 -18.170298396630166 0.1677188678166508
      vertex 29.87557024860592 -18.337853374635486 0.1677188678166508
      vertex 29.381206036795284 -18.030296881351315 0.2914828579090054
    endloop
  endfacet
  facet normal -0.29905092401906674 -0.5594849272637037 0.773010453362741
    outer loop
      vertex 28.814162468248846 -17.898203876803265 0.1677188678166508
      vertex 29.323215510414 -18.170298396630166 0.1677188678166508
      vertex 28.898351663624943 -17.772205841849228 0.2914828579090054
    endloop
  endfacet
  facet normal -0.2990509240190716 -0.5594849272637075 0.7730104533627364
    outer loop
      vertex 29.323215510414 -18.170298396630166 0.1677188678166508
      vertex 29.381206036795284 -18.030296881351315 0.2914828579090054
      vertex 28.898351663624943 -17.772205841849228 0.2914828579090054
    endloop
  endfacet
  facet normal -0.184154649745839 -0.6070765223338166 0.7730104533627384
    outer loop
      vertex 29.381206036795284 -18.030296881351315 0.2914828579090054
      vertex 29.87557024860592 -18.337853374635486 0.1677188678166508
      vertex 29.90513356258502 -18.18922855875023 0.2914828579090054
    endloop
  endfacet
  facet normal -0.06218141555800091 -0.6313385071030719 0.7730104533627391
    outer loop
      vertex 30.45 -18.394429766980398 0.1677188678166508
      vertex 29.90513356258502 -18.18922855875023 0.2914828579090054
      vertex 29.87557024860592 -18.337853374635486 0.1677188678166508
    endloop
  endfacet
  facet normal -0.22439308996872454 -0.7397248827654459 0.634393284163645
    outer loop
      vertex 29.381206036795284 -18.030296881351315 0.2914828579090054
      vertex 29.90513356258502 -18.18922855875023 0.2914828579090054
      vertex 29.428797631865393 -17.915400607078087 0.4422897161773749
    endloop
  endfacet
  facet normal -0.3643946052475809 -0.6817343563841605 0.6343932841636443
    outer loop
      vertex 28.898351663624943 -17.772205841849228 0.2914828579090054
      vertex 29.381206036795284 -18.030296881351315 0.2914828579090054
      vertex 28.967443950687034 -17.668801926876363 0.4422897161773749
    endloop
  endfacet
  facet normal -0.075768274083473 -0.7692881967445514 0.6343932841636393
    outer loop
      vertex 29.90513356258502 -18.18922855875023 0.2914828579090054
      vertex 30.45 -18.24289321881345 0.2914828579090054
      vertex 29.92939554735428 -18.06725532456239 0.4422897161773749
    endloop
  endfacet
  facet normal -0.36439460524758044 -0.6817343563841601 0.6343932841636449
    outer loop
      vertex 29.381206036795284 -18.030296881351315 0.2914828579090054
      vertex 29.428797631865393 -17.915400607078087 0.4422897161773749
      vertex 28.967443950687034 -17.668801926876363 0.4422897161773749
    endloop
  endfacet
  facet normal -0.2243930899687283 -0.7397248827654495 0.6343932841636396
    outer loop
      vertex 29.428797631865393 -17.915400607078087 0.4422897161773749
      vertex 29.90513356258502 -18.18922855875023 0.2914828579090054
      vertex 29.92939554735428 -18.06725532456239 0.4422897161773749
    endloop
  endfacet
  facet normal -0.02845287394597107 -0.2888868771906072 0.9569403357322094
    outer loop
      vertex 29.841841706993893 -18.50741820389344 0.07575392663191494
      vertex 30.45 -18.75490967798387 0.01912219546999383
      vertex 30.45 -18.567316567634908 0.07575392663191494
    endloop
  endfacet
  facet normal -0.046204960104372986 -0.469126832692351 0.8819212643483522
    outer loop
      vertex 30.45 -18.567316567634908 0.07575392663191494
      vertex 30.45 -18.394429766980398 0.1677188678166508
      vertex 29.87557024860592 -18.337853374635486 0.1677188678166508
    endloop
  endfacet
  facet normal 0.04620496010437029 -0.46912683269235106 0.8819212643483524
    outer loop
      vertex 30.45 -18.567316567634908 0.07575392663191494
      vertex 31.058158293006105 -18.50741820389344 0.07575392663191494
      vertex 30.45 -18.394429766980398 0.1677188678166508
    endloop
  endfacet
  facet normal 0.028452873945971065 -0.2888868771906071 0.9569403357322096
    outer loop
      vertex 30.45 -18.567316567634908 0.07575392663191494
      vertex 31.09475589331209 -18.691406765228763 0.01912219546999383
      vertex 31.058158293006105 -18.50741820389344 0.07575392663191494
    endloop
  endfacet
  facet normal 0.046204960104372264 -0.46912683269234356 0.8819212643483563
    outer loop
      vertex 31.058158293006105 -18.50741820389344 0.07575392663191494
      vertex 31.024429751394077 -18.337853374635486 0.1677188678166508
      vertex 30.45 -18.394429766980398 0.1677188678166508
    endloop
  endfacet
  facet normal 0.13683924960834135 -0.45109855160133533 0.8819212643483564
    outer loop
      vertex 31.058158293006105 -18.50741820389344 0.07575392663191494
      vertex 31.64294540387109 -18.330024973196227 0.07575392663191494
      vertex 31.024429751394077 -18.337853374635486 0.1677188678166508
    endloop
  endfacet
  facet normal -0.062181415557997936 -0.6313385071030666 0.7730104533627437
    outer loop
      vertex 30.45 -18.394429766980398 0.1677188678166508
      vertex 30.45 -18.24289321881345 0.2914828579090054
      vertex 29.90513356258502 -18.18922855875023 0.2914828579090054
    endloop
  endfacet
  facet normal 0.062181415558000386 -0.6313385071030665 0.7730104533627435
    outer loop
      vertex 30.45 -18.394429766980398 0.1677188678166508
      vertex 31.024429751394077 -18.337853374635486 0.1677188678166508
      vertex 30.45 -18.24289321881345 0.2914828579090054
    endloop
  endfacet
  facet normal 0.062181415557998485 -0.6313385071030724 0.7730104533627391
    outer loop
      vertex 30.45 -18.24289321881345 0.2914828579090054
      vertex 31.024429751394077 -18.337853374635486 0.1677188678166508
      vertex 30.994866437414977 -18.18922855875023 0.2914828579090054
    endloop
  endfacet
  facet normal 0.18415464974584034 -0.6070765223338163 0.7730104533627383
    outer loop
      vertex 31.024429751394077 -18.337853374635486 0.1677188678166508
      vertex 31.576784489586 -18.170298396630166 0.1677188678166508
      vertex 30.994866437414977 -18.18922855875023 0.2914828579090054
    endloop
  endfacet
  facet normal 0.08426519384872697 -0.2777851165097984 0.9569403357322096
    outer loop
      vertex 31.058158293006105 -18.50741820389344 0.07575392663191494
      vertex 31.71473417922747 -18.503338408287767 0.01912219546999383
      vertex 31.64294540387109 -18.330024973196227 0.07575392663191494
    endloop
  endfacet
  facet normal 0.13683924960834104 -0.45109855160134027 0.8819212643483539
    outer loop
      vertex 31.64294540387109 -18.330024973196227 0.07575392663191494
      vertex 31.576784489586 -18.170298396630166 0.1677188678166508
      vertex 31.024429751394077 -18.337853374635486 0.1677188678166508
    endloop
  endfacet
  facet normal 0.22221488349019894 -0.4157348061512743 0.8819212643483542
    outer loop
      vertex 31.64294540387109 -18.330024973196227 0.07575392663191494
      vertex 32.181888291876795 -18.041953997915698 0.07575392663191494
      vertex 31.576784489586 -18.170298396630166 0.1677188678166508
    endloop
  endfacet
  facet normal 0.13683924960834357 -0.2560082295852146 0.9569403357322073
    outer loop
      vertex 31.64294540387109 -18.330024973196227 0.07575392663191494
      vertex 32.286109439906234 -18.197931968648177 0.01912219546999383
      vertex 32.181888291876795 -18.041953997915698 0.07575392663191494
    endloop
  endfacet
  facet normal 0.22221488349019905 -0.4157348061512751 0.8819212643483538
    outer loop
      vertex 31.576784489586 -18.170298396630166 0.1677188678166508
      vertex 32.181888291876795 -18.041953997915698 0.07575392663191494
      vertex 32.08583753175115 -17.898203876803265 0.1677188678166508
    endloop
  endfacet
  facet normal 0.2990509240190703 -0.36439460524758077 0.8819212643483545
    outer loop
      vertex 32.181888291876795 -18.041953997915698 0.07575392663191494
      vertex 32.65427568407982 -17.654275684079817 0.07575392663191494
      vertex 32.08583753175115 -17.898203876803265 0.1677188678166508
    endloop
  endfacet
  facet normal 0.18415464974583992 -0.6070765223338196 0.7730104533627359
    outer loop
      vertex 31.576784489586 -18.170298396630166 0.1677188678166508
      vertex 31.518793963204715 -18.030296881351315 0.2914828579090054
      vertex 30.994866437414977 -18.18922855875023 0.2914828579090054
    endloop
  endfacet
  facet normal 0.2990509240190693 -0.5594849272637085 0.7730104533627365
    outer loop
      vertex 31.576784489586 -18.170298396630166 0.1677188678166508
      vertex 32.08583753175115 -17.898203876803265 0.1677188678166508
      vertex 31.518793963204715 -18.030296881351315 0.2914828579090054
    endloop
  endfacet
  facet normal 0.2990509240190689 -0.5594849272637025 0.7730104533627412
    outer loop
      vertex 31.518793963204715 -18.030296881351315 0.2914828579090054
      vertex 32.08583753175115 -17.898203876803265 0.1677188678166508
      vertex 32.001648336375055 -17.772205841849228 0.2914828579090054
    endloop
  endfacet
  facet normal 0.4024548389919342 -0.4903926402016097 0.7730104533627413
    outer loop
      vertex 32.08583753175115 -17.898203876803265 0.1677188678166508
      vertex 32.53202625495936 -17.532026254959366 0.1677188678166508
      vertex 32.001648336375055 -17.772205841849228 0.2914828579090054
    endloop
  endfacet
  facet normal 0.07576827408347309 -0.7692881967445523 0.6343932841636383
    outer loop
      vertex 30.45 -18.24289321881345 0.2914828579090054
      vertex 30.994866437414977 -18.18922855875023 0.2914828579090054
      vertex 30.45 -18.118530387697454 0.4422897161773749
    endloop
  endfacet
  facet normal 0.2243930899687258 -0.7397248827654501 0.6343932841636397
    outer loop
      vertex 30.994866437414977 -18.18922855875023 0.2914828579090054
      vertex 31.518793963204715 -18.030296881351315 0.2914828579090054
      vertex 30.97060445264572 -18.06725532456239 0.4422897161773749
    endloop
  endfacet
  facet normal -0.07576827408347352 -0.7692881967445522 0.6343932841636383
    outer loop
      vertex 30.45 -18.24289321881345 0.2914828579090054
      vertex 30.45 -18.118530387697454 0.4422897161773749
      vertex 29.92939554735428 -18.06725532456239 0.4422897161773749
    endloop
  endfacet
  facet normal 0.07576827408347345 -0.7692881967445514 0.6343932841636393
    outer loop
      vertex 30.994866437414977 -18.18922855875023 0.2914828579090054
      vertex 30.97060445264572 -18.06725532456239 0.4422897161773749
      vertex 30.45 -18.118530387697454 0.4422897161773749
    endloop
  endfacet
  facet normal 0.22439308996872695 -0.739724882765445 0.6343932841636453
    outer loop
      vertex 31.518793963204715 -18.030296881351315 0.2914828579090054
      vertex 31.471202368134605 -17.915400607078087 0.4422897161773749
      vertex 30.97060445264572 -18.06725532456239 0.4422897161773749
    endloop
  endfacet
  facet normal 0.36439460524758066 -0.68173435638416 0.6343932841636448
    outer loop
      vertex 31.518793963204715 -18.030296881351315 0.2914828579090054
      vertex 32.001648336375055 -17.772205841849228 0.2914828579090054
      vertex 31.471202368134605 -17.915400607078087 0.4422897161773749
    endloop
  endfacet
  facet normal 0.3643946052475807 -0.6817343563841606 0.6343932841636443
    outer loop
      vertex 32.001648336375055 -17.772205841849228 0.2914828579090054
      vertex 31.932556049312964 -17.668801926876363 0.4422897161773749
      vertex 31.471202368134605 -17.915400607078087 0.4422897161773749
    endloop
  endfacet
  facet normal -0.4157348061512733 -0.7777851165097999 0.4713967368259991
    outer loop
      vertex 29.428797631865393 -17.915400607078087 0.4422897161773749
      vertex 29.01878415159073 -17.59196588634749 0.6143440196319667
      vertex 28.967443950687034 -17.668801926876363 0.4422897161773749
    endloop
  endfacet
  facet normal -0.41573480615127584 -0.7777851165098009 0.47139673682599514
    outer loop
      vertex 29.428797631865393 -17.915400607078087 0.4422897161773749
      vertex 29.46416137731546 -17.83002497319623 0.6143440196319667
      vertex 29.01878415159073 -17.59196588634749 0.6143440196319667
    endloop
  endfacet
  facet normal -0.08644340032725657 -0.877674572406916 0.4713967368259975
    outer loop
      vertex 29.92939554735428 -18.06725532456239 0.4422897161773749
      vertex 30.45 -18.118530387697454 0.4422897161773749
      vertex 29.947423828445288 -17.976621035058418 0.6143440196319667
    endloop
  endfacet
  facet normal -0.2560082295852092 -0.8439460307948912 0.4713967368259941
    outer loop
      vertex 29.428797631865393 -17.915400607078087 0.4422897161773749
      vertex 29.92939554735428 -18.06725532456239 0.4422897161773749
      vertex 29.46416137731546 -17.83002497319623 0.6143440196319667
    endloop
  endfacet
  facet normal -0.25600822958520675 -0.8439460307948894 0.4713967368259986
    outer loop
      vertex 29.46416137731546 -17.83002497319623 0.6143440196319667
      vertex 29.92939554735428 -18.06725532456239 0.4422897161773749
      vertex 29.947423828445288 -17.976621035058418 0.6143440196319667
    endloop
  endfacet
  facet normal -0.2777851165097968 -0.9157348061512692 0.29028467725447665
    outer loop
      vertex 29.46416137731546 -17.83002497319623 0.6143440196319667
      vertex 29.947423828445288 -17.976621035058418 0.6143440196319667
      vertex 29.48593826424005 -17.777450917436614 0.8010338178801852
    endloop
  endfacet
  facet normal -0.09379655517448189 -0.9523324064572578 0.2902846772544647
    outer loop
      vertex 29.947423828445288 -17.976621035058418 0.6143440196319667
      vertex 30.45 -18.026120467488713 0.6143440196319667
      vertex 29.958525589126094 -17.920808715155662 0.8010338178801852
    endloop
  endfacet
  facet normal -0.2777851165098037 -0.9157348061512719 0.2902846772544622
    outer loop
      vertex 29.947423828445288 -17.976621035058418 0.6143440196319667
      vertex 29.958525589126094 -17.920808715155662 0.8010338178801852
      vertex 29.48593826424005 -17.777450917436614 0.8010338178801852
    endloop
  endfacet
  facet normal -0.28888687719061173 -0.9523324064572578 0.09801714032956056
    outer loop
      vertex 29.48593826424005 -17.777450917436614 0.8010338178801852
      vertex 29.958525589126094 -17.920808715155662 0.8010338178801852
      vertex 29.493291419087274 -17.759698831278214 0.9951847266721967
    endloop
  endfacet
  facet normal -0.09754516100806866 -0.9903926402016154 0.09801714032955454
    outer loop
      vertex 29.958525589126094 -17.920808715155662 0.8010338178801852
      vertex 30.45 -17.96921471959677 0.8010338178801852
      vertex 29.96227419495968 -17.901963201008076 0.9951847266721967
    endloop
  endfacet
  facet normal 0.08644340032725667 -0.877674572406917 0.4713967368259957
    outer loop
      vertex 30.45 -18.118530387697454 0.4422897161773749
      vertex 30.97060445264572 -18.06725532456239 0.4422897161773749
      vertex 30.45 -18.026120467488713 0.6143440196319667
    endloop
  endfacet
  facet normal -0.08644340032725743 -0.8776745724069169 0.47139673682599564
    outer loop
      vertex 30.45 -18.118530387697454 0.4422897161773749
      vertex 30.45 -18.026120467488713 0.6143440196319667
      vertex 29.947423828445288 -17.976621035058418 0.6143440196319667
    endloop
  endfacet
  facet normal 0.2560082295852085 -0.8439460307948888 0.47139673682599836
    outer loop
      vertex 30.97060445264572 -18.06725532456239 0.4422897161773749
      vertex 31.471202368134605 -17.915400607078087 0.4422897161773749
      vertex 30.95257617155471 -17.976621035058418 0.6143440196319667
    endloop
  endfacet
  facet normal 0.08644340032725735 -0.877674572406916 0.4713967368259975
    outer loop
      vertex 30.97060445264572 -18.06725532456239 0.4422897161773749
      vertex 30.95257617155471 -17.976621035058418 0.6143440196319667
      vertex 30.45 -18.026120467488713 0.6143440196319667
    endloop
  endfacet
  facet normal 0.25600822958520747 -0.8439460307948917 0.4713967368259941
    outer loop
      vertex 31.471202368134605 -17.915400607078087 0.4422897161773749
      vertex 31.43583862268454 -17.83002497319623 0.6143440196319667
      vertex 30.95257617155471 -17.976621035058418 0.6143440196319667
    endloop
  endfacet
  facet normal 0.41573480615127434 -0.7777851165098018 0.47139673682599526
    outer loop
      vertex 31.471202368134605 -17.915400607078087 0.4422897161773749
      vertex 31.932556049312964 -17.668801926876363 0.4422897161773749
      vertex 31.43583862268454 -17.83002497319623 0.6143440196319667
    endloop
  endfacet
  facet normal 0.09379655517448213 -0.95233240645726 0.29028467725445717
    outer loop
      vertex 30.45 -18.026120467488713 0.6143440196319667
      vertex 30.95257617155471 -17.976621035058418 0.6143440196319667
      vertex 30.45 -17.96921471959677 0.8010338178801852
    endloop
  endfacet
  facet normal -0.0937965551744852 -0.9523324064572597 0.290284677254457
    outer loop
      vertex 30.45 -18.026120467488713 0.6143440196319667
      vertex 30.45 -17.96921471959677 0.8010338178801852
      vertex 29.958525589126094 -17.920808715155662 0.8010338178801852
    endloop
  endfacet
  facet normal 0.2777851165097981 -0.9157348061512736 0.29028467725446244
    outer loop
      vertex 30.95257617155471 -17.976621035058418 0.6143440196319667
      vertex 31.43583862268454 -17.83002497319623 0.6143440196319667
      vertex 30.941474410873905 -17.920808715155662 0.8010338178801852
    endloop
  endfacet
  facet normal 0.09379655517448497 -0.9523324064572575 0.2902846772544648
    outer loop
      vertex 30.95257617155471 -17.976621035058418 0.6143440196319667
      vertex 30.941474410873905 -17.920808715155662 0.8010338178801852
      vertex 30.45 -17.96921471959677 0.8010338178801852
    endloop
  endfacet
  facet normal 0.2777851165098025 -0.9157348061512677 0.2902846772544769
    outer loop
      vertex 31.43583862268454 -17.83002497319623 0.6143440196319667
      vertex 31.414061735759947 -17.777450917436614 0.8010338178801852
      vertex 30.941474410873905 -17.920808715155662 0.8010338178801852
    endloop
  endfacet
  facet normal 0.09754516100806852 -0.990392640201614 0.09801714032956965
    outer loop
      vertex 30.45 -17.96921471959677 0.8010338178801852
      vertex 30.941474410873905 -17.920808715155662 0.8010338178801852
      vertex 30.45 -17.95 0.9951847266721967
    endloop
  endfacet
  facet normal 0.28888687719061185 -0.952332406457258 0.09801714032955713
    outer loop
      vertex 30.941474410873905 -17.920808715155662 0.8010338178801852
      vertex 31.414061735759947 -17.777450917436614 0.8010338178801852
      vertex 30.93772580504032 -17.901963201008076 0.9951847266721967
    endloop
  endfacet
  facet normal 0.4510985516013388 -0.8439460307948838 0.29028467725447565
    outer loop
      vertex 31.43583862268454 -17.83002497319623 0.6143440196319667
      vertex 31.88121584840927 -17.59196588634749 0.6143440196319667
      vertex 31.414061735759947 -17.777450917436614 0.8010338178801852
    endloop
  endfacet
  facet normal -0.2243930899687283 -0.18415464974584192 0.9569403357322088
    outer loop
      vertex 28.113075955488554 -17.786924044511444 0.01912219546999383
      vertex 28.24572431592018 -17.654275684079817 0.07575392663191494
      vertex 27.8580460020843 -17.181888291876792 0.07575392663191494
    endloop
  endfacet
  facet normal -0.36439460524758227 -0.2990509240190726 0.881921264348353
    outer loop
      vertex 28.24572431592018 -17.654275684079817 0.07575392663191494
      vertex 28.367973745040633 -17.532026254959366 0.1677188678166508
      vertex 28.001796123196733 -17.085837531751153 0.1677188678166508
    endloop
  endfacet
  facet normal -0.3643946052475845 -0.29905092401907335 0.8819212643483518
    outer loop
      vertex 27.8580460020843 -17.181888291876792 0.07575392663191494
      vertex 28.24572431592018 -17.654275684079817 0.07575392663191494
      vertex 28.001796123196733 -17.085837531751153 0.1677188678166508
    endloop
  endfacet
  facet normal -0.49039264020160694 -0.4024548389919311 0.7730104533627448
    outer loop
      vertex 28.367973745040633 -17.532026254959366 0.1677188678166508
      vertex 28.475126265847084 -17.424873734152914 0.2914828579090054
      vertex 28.12779415815077 -17.001648336375055 0.2914828579090054
    endloop
  endfacet
  facet normal -0.4903926402016111 -0.4024548389919322 0.7730104533627414
    outer loop
      vertex 28.367973745040633 -17.532026254959366 0.1677188678166508
      vertex 28.12779415815077 -17.001648336375055 0.2914828579090054
      vertex 28.001796123196733 -17.085837531751153 0.1677188678166508
    endloop
  endfacet
  facet normal -0.4024548389919297 -0.4903926402016081 0.7730104533627447
    outer loop
      vertex 28.814162468248846 -17.898203876803265 0.1677188678166508
      vertex 28.475126265847084 -17.424873734152914 0.2914828579090054
      vertex 28.367973745040633 -17.532026254959366 0.1677188678166508
    endloop
  endfacet
  facet normal -0.40245483899193363 -0.4903926402016101 0.7730104533627413
    outer loop
      vertex 28.814162468248846 -17.898203876803265 0.1677188678166508
      vertex 28.898351663624943 -17.772205841849228 0.2914828579090054
      vertex 28.475126265847084 -17.424873734152914 0.2914828579090054
    endloop
  endfacet
  facet normal -0.4157348061512782 -0.22221488349020074 0.8819212643483519
    outer loop
      vertex 27.8580460020843 -17.181888291876792 0.07575392663191494
      vertex 28.001796123196733 -17.085837531751153 0.1677188678166508
      vertex 27.729701603369833 -16.576784489586 0.1677188678166508
    endloop
  endfacet
  facet normal -0.5594849272637025 -0.2990509240190689 0.7730104533627412
    outer loop
      vertex 28.001796123196733 -17.085837531751153 0.1677188678166508
      vertex 28.12779415815077 -17.001648336375055 0.2914828579090054
      vertex 27.869703118648683 -16.518793963204715 0.2914828579090054
    endloop
  endfacet
  facet normal -0.5594849272637085 -0.2990509240190693 0.7730104533627365
    outer loop
      vertex 28.001796123196733 -17.085837531751153 0.1677188678166508
      vertex 27.869703118648683 -16.518793963204715 0.2914828579090054
      vertex 27.729701603369833 -16.576784489586 0.1677188678166508
    endloop
  endfacet
  facet normal -0.5975451610080643 -0.4903926402016177 0.6343932841636435
    outer loop
      vertex 28.475126265847084 -17.424873734152914 0.2914828579090054
      vertex 28.231198073123636 -16.932556049312964 0.4422897161773749
      vertex 28.12779415815077 -17.001648336375055 0.2914828579090054
    endloop
  endfacet
  facet normal -0.49039264020162265 -0.5975451610080703 0.6343932841636338
    outer loop
      vertex 28.898351663624943 -17.772205841849228 0.2914828579090054
      vertex 28.56306406705676 -17.336935932943238 0.4422897161773749
      vertex 28.475126265847084 -17.424873734152914 0.2914828579090054
    endloop
  endfacet
  facet normal -0.5975451610080734 -0.4903926402016193 0.6343932841636336
    outer loop
      vertex 28.475126265847084 -17.424873734152914 0.2914828579090054
      vertex 28.56306406705676 -17.336935932943238 0.4422897161773749
      vertex 28.231198073123636 -16.932556049312964 0.4422897161773749
    endloop
  endfacet
  facet normal -0.4903926402016141 -0.5975451610080671 0.6343932841636436
    outer loop
      vertex 28.898351663624943 -17.772205841849228 0.2914828579090054
      vertex 28.967443950687034 -17.668801926876363 0.4422897161773749
      vertex 28.56306406705676 -17.336935932943238 0.4422897161773749
    endloop
  endfacet
  facet normal -0.68173435638416 -0.36439460524758066 0.6343932841636448
    outer loop
      vertex 28.12779415815077 -17.001648336375055 0.2914828579090054
      vertex 27.98459939292191 -16.471202368134605 0.4422897161773749
      vertex 27.869703118648683 -16.518793963204715 0.2914828579090054
    endloop
  endfacet
  facet normal -0.6817343563841607 -0.3643946052475807 0.6343932841636443
    outer loop
      vertex 28.12779415815077 -17.001648336375055 0.2914828579090054
      vertex 28.231198073123636 -16.932556049312964 0.4422897161773749
      vertex 27.98459939292191 -16.471202368134605 0.4422897161773749
    endloop
  endfacet
  facet normal -0.7397248827654451 -0.22439308996872698 0.6343932841636452
    outer loop
      vertex 27.869703118648683 -16.518793963204715 0.2914828579090054
      vertex 27.98459939292191 -16.471202368134605 0.4422897161773749
      vertex 27.83274467543761 -15.97060445264572 0.4422897161773749
    endloop
  endfacet
  facet normal 0.2990509240190678 -0.36439460524757356 0.8819212643483582
    outer loop
      vertex 32.08583753175115 -17.898203876803265 0.1677188678166508
      vertex 32.65427568407982 -17.654275684079817 0.07575392663191494
      vertex 32.53202625495936 -17.532026254959366 0.1677188678166508
    endloop
  endfacet
  facet normal 0.4024548389919363 -0.49039264020161744 0.7730104533627353
    outer loop
      vertex 32.001648336375055 -17.772205841849228 0.2914828579090054
      vertex 32.53202625495936 -17.532026254959366 0.1677188678166508
      vertex 32.42487373415292 -17.424873734152914 0.2914828579090054
    endloop
  endfacet
  facet normal 0.49039264020161527 -0.5975451610080662 0.6343932841636435
    outer loop
      vertex 32.001648336375055 -17.772205841849228 0.2914828579090054
      vertex 32.42487373415292 -17.424873734152914 0.2914828579090054
      vertex 31.932556049312964 -17.668801926876363 0.4422897161773749
    endloop
  endfacet
  facet normal 0.49039264020161455 -0.5975451610080623 0.6343932841636476
    outer loop
      vertex 32.42487373415292 -17.424873734152914 0.2914828579090054
      vertex 32.336935932943234 -17.336935932943238 0.4422897161773749
      vertex 31.932556049312964 -17.668801926876363 0.4422897161773749
    endloop
  endfacet
  facet normal -0.5594849272637058 -0.681734356384163 0.4713967368259955
    outer loop
      vertex 28.56306406705676 -17.336935932943238 0.4422897161773749
      vertex 28.967443950687034 -17.668801926876363 0.4422897161773749
      vertex 28.62840774828527 -17.27159225171473 0.6143440196319667
    endloop
  endfacet
  facet normal -0.5594849272637022 -0.6817343563841622 0.4713967368260007
    outer loop
      vertex 28.967443950687034 -17.668801926876363 0.4422897161773749
      vertex 29.01878415159073 -17.59196588634749 0.6143440196319667
      vertex 28.62840774828527 -17.27159225171473 0.6143440196319667
    endloop
  endfacet
  facet normal -0.6817343563841645 -0.5594849272637041 0.4713967368259955
    outer loop
      vertex 28.56306406705676 -17.336935932943238 0.4422897161773749
      vertex 28.62840774828527 -17.27159225171473 0.6143440196319667
      vertex 28.308034113652507 -16.88121584840927 0.6143440196319667
    endloop
  endfacet
  facet normal -0.6817343563841609 -0.559484927263704 0.4713967368260006
    outer loop
      vertex 28.56306406705676 -17.336935932943238 0.4422897161773749
      vertex 28.308034113652507 -16.88121584840927 0.6143440196319667
      vertex 28.231198073123636 -16.932556049312964 0.4422897161773749
    endloop
  endfacet
  facet normal -0.7777851165098016 -0.4157348061512743 0.47139673682599526
    outer loop
      vertex 28.231198073123636 -16.932556049312964 0.4422897161773749
      vertex 28.069975026803768 -16.43583862268454 0.6143440196319667
      vertex 27.98459939292191 -16.471202368134605 0.4422897161773749
    endloop
  endfacet
  facet normal -0.777785116509799 -0.4157348061512748 0.47139673682599914
    outer loop
      vertex 28.231198073123636 -16.932556049312964 0.4422897161773749
      vertex 28.308034113652507 -16.88121584840927 0.6143440196319667
      vertex 28.069975026803768 -16.43583862268454 0.6143440196319667
    endloop
  endfacet
  facet normal -0.6070765223338125 -0.7397248827654471 0.29028467725446616
    outer loop
      vertex 29.01878415159073 -17.59196588634749 0.6143440196319667
      vertex 29.05039929120721 -17.54465048620999 0.8010338178801852
      vertex 28.668646188508156 -17.231353811491843 0.8010338178801852
    endloop
  endfacet
  facet normal -0.6070765223338122 -0.7397248827654472 0.29028467725446666
    outer loop
      vertex 28.62840774828527 -17.27159225171473 0.6143440196319667
      vertex 29.01878415159073 -17.59196588634749 0.6143440196319667
      vertex 28.668646188508156 -17.231353811491843 0.8010338178801852
    endloop
  endfacet
  facet normal -0.7397248827654471 -0.6070765223338123 0.29028467725446666
    outer loop
      vertex 28.62840774828527 -17.27159225171473 0.6143440196319667
      vertex 28.668646188508156 -17.231353811491843 0.8010338178801852
      vertex 28.35534951379001 -16.84960070879279 0.8010338178801852
    endloop
  endfacet
  facet normal -0.6313385071030699 -0.7692881967445495 0.09801714032956779
    outer loop
      vertex 29.05039929120721 -17.54465048620999 0.8010338178801852
      vertex 28.68223304703363 -17.217766952966368 0.9951847266721967
      vertex 28.668646188508156 -17.231353811491843 0.8010338178801852
    endloop
  endfacet
  facet normal -0.8439460307948838 -0.4510985516013388 0.29028467725447565
    outer loop
      vertex 28.308034113652507 -16.88121584840927 0.6143440196319667
      vertex 28.122549082563385 -16.414061735759947 0.8010338178801852
      vertex 28.069975026803768 -16.43583862268454 0.6143440196319667
    endloop
  endfacet
  facet normal -0.8439460307948874 -0.4510985516013372 0.2902846772544681
    outer loop
      vertex 28.308034113652507 -16.88121584840927 0.6143440196319667
      vertex 28.35534951379001 -16.84960070879279 0.8010338178801852
      vertex 28.122549082563385 -16.414061735759947 0.8010338178801852
    endloop
  endfacet
  facet normal -0.7397248827654472 -0.6070765223338123 0.2902846772544663
    outer loop
      vertex 28.62840774828527 -17.27159225171473 0.6143440196319667
      vertex 28.35534951379001 -16.84960070879279 0.8010338178801852
      vertex 28.308034113652507 -16.88121584840927 0.6143440196319667
    endloop
  endfacet
  facet normal -0.8776745724069162 -0.4691268326923461 0.09801714032955917
    outer loop
      vertex 28.35534951379001 -16.84960070879279 0.8010338178801852
      vertex 28.140301168721784 -16.406708580912724 0.9951847266721967
      vertex 28.122549082563385 -16.414061735759947 0.8010338178801852
    endloop
  endfacet
  facet normal -0.7692881967445512 -0.6313385071030713 0.09801714032954613
    outer loop
      vertex 28.35534951379001 -16.84960070879279 0.8010338178801852
      vertex 28.668646188508156 -17.231353811491843 0.8010338178801852
      vertex 28.371325969243635 -16.838925582549006 0.9951847266721967
    endloop
  endfacet
  facet normal -0.4510985516013399 -0.8439460307948858 0.29028467725446827
    outer loop
      vertex 29.46416137731546 -17.83002497319623 0.6143440196319667
      vertex 29.05039929120721 -17.54465048620999 0.8010338178801852
      vertex 29.01878415159073 -17.59196588634749 0.6143440196319667
    endloop
  endfacet
  facet normal -0.4510985516013361 -0.8439460307948854 0.29028467725447576
    outer loop
      vertex 29.46416137731546 -17.83002497319623 0.6143440196319667
      vertex 29.48593826424005 -17.777450917436614 0.8010338178801852
      vertex 29.05039929120721 -17.54465048620999 0.8010338178801852
    endloop
  endfacet
  facet normal -0.46912683269234673 -0.8776745724069173 0.09801714032954528
    outer loop
      vertex 29.48593826424005 -17.777450917436614 0.8010338178801852
      vertex 29.061074417450993 -17.528674030756363 0.9951847266721967
      vertex 29.05039929120721 -17.54465048620999 0.8010338178801852
    endloop
  endfacet
  facet normal -0.8439460307948917 -0.25600822958520736 0.471396736825994
    outer loop
      vertex 27.98459939292191 -16.471202368134605 0.4422897161773749
      vertex 28.069975026803768 -16.43583862268454 0.6143440196319667
      vertex 27.92337896494158 -15.95257617155471 0.6143440196319667
    endloop
  endfacet
  facet normal -0.8439460307948888 -0.2560082295852085 0.47139673682599836
    outer loop
      vertex 27.98459939292191 -16.471202368134605 0.4422897161773749
      vertex 27.92337896494158 -15.95257617155471 0.6143440196319667
      vertex 27.83274467543761 -15.97060445264572 0.4422897161773749
    endloop
  endfacet
  facet normal -0.8776745724069159 -0.08644340032725735 0.4713967368259975
    outer loop
      vertex 27.83274467543761 -15.97060445264572 0.4422897161773749
      vertex 27.92337896494158 -15.95257617155471 0.6143440196319667
      vertex 27.873879532511285 -15.45 0.6143440196319667
    endloop
  endfacet
  facet normal -0.8776745724069169 0.08644340032725745 0.47139673682599564
    outer loop
      vertex 27.781469612302544 -15.45 0.4422897161773749
      vertex 27.873879532511285 -15.45 0.6143440196319667
      vertex 27.92337896494158 -14.947423828445288 0.6143440196319667
    endloop
  endfacet
  facet normal -0.9157348061512679 -0.27778511650980153 0.2902846772544769
    outer loop
      vertex 28.069975026803768 -16.43583862268454 0.6143440196319667
      vertex 28.122549082563385 -16.414061735759947 0.8010338178801852
      vertex 27.979191284844337 -15.941474410873903 0.8010338178801852
    endloop
  endfacet
  facet normal -0.9157348061512729 -0.2777851165097979 0.2902846772544649
    outer loop
      vertex 28.069975026803768 -16.43583862268454 0.6143440196319667
      vertex 27.979191284844337 -15.941474410873903 0.8010338178801852
      vertex 27.92337896494158 -15.95257617155471 0.6143440196319667
    endloop
  endfacet
  facet normal -0.9523324064572587 -0.2888868771906109 0.09801714032955447
    outer loop
      vertex 28.122549082563385 -16.414061735759947 0.8010338178801852
      vertex 27.998036798991922 -15.93772580504032 0.9951847266721967
      vertex 27.979191284844337 -15.941474410873903 0.8010338178801852
    endloop
  endfacet
  facet normal -0.95233240645726 -0.09379655517448213 0.29028467725445717
    outer loop
      vertex 27.92337896494158 -15.95257617155471 0.6143440196319667
      vertex 27.930785280403228 -15.45 0.8010338178801852
      vertex 27.873879532511285 -15.45 0.6143440196319667
    endloop
  endfacet
  facet normal -0.9523324064572573 -0.0937965551744853 0.29028467725446566
    outer loop
      vertex 27.92337896494158 -15.95257617155471 0.6143440196319667
      vertex 27.979191284844337 -15.941474410873903 0.8010338178801852
      vertex 27.930785280403228 -15.45 0.8010338178801852
    endloop
  endfacet
  facet normal -0.9523324064572598 0.09379655517448554 0.29028467725445706
    outer loop
      vertex 27.873879532511285 -15.45 0.6143440196319667
      vertex 27.930785280403228 -15.45 0.8010338178801852
      vertex 27.979191284844337 -14.958525589126095 0.8010338178801852
    endloop
  endfacet
  facet normal -0.9903926402016139 -0.09754516100806887 0.09801714032956962
    outer loop
      vertex 27.979191284844337 -15.941474410873903 0.8010338178801852
      vertex 27.95 -15.45 0.9951847266721967
      vertex 27.930785280403228 -15.45 0.8010338178801852
    endloop
  endfacet
  facet normal 0.4157348061512748 -0.777785116509799 0.4713967368259992
    outer loop
      vertex 31.43583862268454 -17.83002497319623 0.6143440196319667
      vertex 31.932556049312964 -17.668801926876363 0.4422897161773749
      vertex 31.88121584840927 -17.59196588634749 0.6143440196319667
    endloop
  endfacet
  facet normal 0.559484927263707 -0.6817343563841586 0.47139673682600036
    outer loop
      vertex 31.932556049312964 -17.668801926876363 0.4422897161773749
      vertex 32.336935932943234 -17.336935932943238 0.4422897161773749
      vertex 31.88121584840927 -17.59196588634749 0.6143440196319667
    endloop
  endfacet
  facet normal 0.6817343563841646 -0.559484927263713 0.4713967368259847
    outer loop
      vertex 32.336935932943234 -17.336935932943238 0.4422897161773749
      vertex 32.66880192687636 -16.932556049312964 0.4422897161773749
      vertex 32.27159225171473 -17.27159225171473 0.6143440196319667
    endloop
  endfacet
  facet normal 0.5594849272637072 -0.6817343563841681 0.47139673682598643
    outer loop
      vertex 32.336935932943234 -17.336935932943238 0.4422897161773749
      vertex 32.27159225171473 -17.27159225171473 0.6143440196319667
      vertex 31.88121584840927 -17.59196588634749 0.6143440196319667
    endloop
  endfacet
  facet normal 0.4510985516013371 -0.8439460307948874 0.2902846772544681
    outer loop
      vertex 31.88121584840927 -17.59196588634749 0.6143440196319667
      vertex 31.84960070879279 -17.54465048620999 0.8010338178801852
      vertex 31.414061735759947 -17.777450917436614 0.8010338178801852
    endloop
  endfacet
  facet normal 0.6070765223338123 -0.7397248827654472 0.29028467725446616
    outer loop
      vertex 31.88121584840927 -17.59196588634749 0.6143440196319667
      vertex 32.27159225171473 -17.27159225171473 0.6143440196319667
      vertex 31.84960070879279 -17.54465048620999 0.8010338178801852
    endloop
  endfacet
  facet normal 0.7397248827654439 -0.6070765223338163 0.29028467725446677
    outer loop
      vertex 32.27159225171473 -17.27159225171473 0.6143440196319667
      vertex 32.591965886347495 -16.88121584840927 0.6143440196319667
      vertex 32.23135381149184 -17.231353811491843 0.8010338178801852
    endloop
  endfacet
  facet normal 0.6070765223338125 -0.739724882765447 0.29028467725446666
    outer loop
      vertex 32.27159225171473 -17.27159225171473 0.6143440196319667
      vertex 32.23135381149184 -17.231353811491843 0.8010338178801852
      vertex 31.84960070879279 -17.54465048620999 0.8010338178801852
    endloop
  endfacet
  facet normal 0.4691268326923461 -0.8776745724069162 0.09801714032955917
    outer loop
      vertex 31.414061735759947 -17.777450917436614 0.8010338178801852
      vertex 31.84960070879279 -17.54465048620999 0.8010338178801852
      vertex 31.406708580912724 -17.759698831278214 0.9951847266721967
    endloop
  endfacet
  facet normal 0.6313385071030713 -0.7692881967445512 0.09801714032954613
    outer loop
      vertex 31.84960070879279 -17.54465048620999 0.8010338178801852
      vertex 32.23135381149184 -17.231353811491843 0.8010338178801852
      vertex 31.838925582549006 -17.528674030756363 0.9951847266721967
    endloop
  endfacet
  facet normal 0.7692881967445506 -0.6313385071030708 0.09801714032955389
    outer loop
      vertex 32.23135381149184 -17.231353811491843 0.8010338178801852
      vertex 32.54465048620999 -16.84960070879279 0.8010338178801852
      vertex 32.21776695296637 -17.217766952966368 0.9951847266721967
    endloop
  endfacet
  facet normal 0.7397248827654442 -0.6070765223338099 0.29028467725447904
    outer loop
      vertex 32.591965886347495 -16.88121584840927 0.6143440196319667
      vertex 32.54465048620999 -16.84960070879279 0.8010338178801852
      vertex 32.23135381149184 -17.231353811491843 0.8010338178801852
    endloop
  endfacet
  facet normal 0.18415464974584397 -0.22439308996873078 0.9569403357322078
    outer loop
      vertex 32.181888291876795 -18.041953997915698 0.07575392663191494
      vertex 32.786924044511444 -17.786924044511444 0.01912219546999383
      vertex 32.65427568407982 -17.654275684079817 0.07575392663191494
    endloop
  endfacet
  facet normal 0.3643946052475753 -0.299050924019063 0.8819212643483592
    outer loop
      vertex 32.65427568407982 -17.654275684079817 0.07575392663191494
      vertex 33.0419539979157 -17.181888291876792 0.07575392663191494
      vertex 32.53202625495936 -17.532026254959366 0.1677188678166508
    endloop
  endfacet
  facet normal 0.22439308996872898 -0.1841546497458408 0.9569403357322088
    outer loop
      vertex 32.65427568407982 -17.654275684079817 0.07575392663191494
      vertex 33.19793196864818 -17.286109439906237 0.01912219546999383
      vertex 33.0419539979157 -17.181888291876792 0.07575392663191494
    endloop
  endfacet
  facet normal 0.3643946052475827 -0.2990509240190758 0.8819212643483516
    outer loop
      vertex 33.0419539979157 -17.181888291876792 0.07575392663191494
      vertex 32.898203876803265 -17.085837531751153 0.1677188678166508
      vertex 32.53202625495936 -17.532026254959366 0.1677188678166508
    endloop
  endfacet
  facet normal 0.49039264020161677 -0.4024548389919407 0.7730104533627334
    outer loop
      vertex 32.53202625495936 -17.532026254959366 0.1677188678166508
      vertex 32.898203876803265 -17.085837531751153 0.1677188678166508
      vertex 32.42487373415292 -17.424873734152914 0.2914828579090054
    endloop
  endfacet
  facet normal 0.490392640201612 -0.402454838991931 0.7730104533627415
    outer loop
      vertex 32.42487373415292 -17.424873734152914 0.2914828579090054
      vertex 32.898203876803265 -17.085837531751153 0.1677188678166508
      vertex 32.77220584184923 -17.001648336375055 0.2914828579090054
    endloop
  endfacet
  facet normal 0.25600822958521136 -0.13683924960834443 0.9569403357322079
    outer loop
      vertex 33.0419539979157 -17.181888291876792 0.07575392663191494
      vertex 33.50333840828777 -16.71473417922747 0.01912219546999383
      vertex 33.33002497319623 -16.64294540387109 0.07575392663191494
    endloop
  endfacet
  facet normal 0.4157348061512761 -0.2222148834902041 0.881921264348352
    outer loop
      vertex 33.0419539979157 -17.181888291876792 0.07575392663191494
      vertex 33.33002497319623 -16.64294540387109 0.07575392663191494
      vertex 32.898203876803265 -17.085837531751153 0.1677188678166508
    endloop
  endfacet
  facet normal 0.4157348061512685 -0.22221488349019555 0.8819212643483577
    outer loop
      vertex 33.33002497319623 -16.64294540387109 0.07575392663191494
      vertex 33.170298396630166 -16.576784489586 0.1677188678166508
      vertex 32.898203876803265 -17.085837531751153 0.1677188678166508
    endloop
  endfacet
  facet normal 0.5594849272637037 -0.29905092401906674 0.773010453362741
    outer loop
      vertex 32.77220584184923 -17.001648336375055 0.2914828579090054
      vertex 32.898203876803265 -17.085837531751153 0.1677188678166508
      vertex 33.170298396630166 -16.576784489586 0.1677188678166508
    endloop
  endfacet
  facet normal 0.559484927263702 -0.2990509240190646 0.7730104533627431
    outer loop
      vertex 32.77220584184923 -17.001648336375055 0.2914828579090054
      vertex 33.170298396630166 -16.576784489586 0.1677188678166508
      vertex 33.03029688135131 -16.518793963204715 0.2914828579090054
    endloop
  endfacet
  facet normal 0.5975451610080623 -0.490392640201611 0.6343932841636506
    outer loop
      vertex 32.42487373415292 -17.424873734152914 0.2914828579090054
      vertex 32.77220584184923 -17.001648336375055 0.2914828579090054
      vertex 32.336935932943234 -17.336935932943238 0.4422897161773749
    endloop
  endfacet
  facet normal 0.5975451610080645 -0.49039264020161727 0.6343932841636434
    outer loop
      vertex 32.77220584184923 -17.001648336375055 0.2914828579090054
      vertex 32.66880192687636 -16.932556049312964 0.4422897161773749
      vertex 32.336935932943234 -17.336935932943238 0.4422897161773749
    endloop
  endfacet
  facet normal 0.6817343563841626 -0.36439460524757705 0.634393284163644
    outer loop
      vertex 32.77220584184923 -17.001648336375055 0.2914828579090054
      vertex 33.03029688135131 -16.518793963204715 0.2914828579090054
      vertex 32.66880192687636 -16.932556049312964 0.4422897161773749
    endloop
  endfacet
  facet normal 0.6817343563841621 -0.36439460524757633 0.634393284163645
    outer loop
      vertex 32.66880192687636 -16.932556049312964 0.4422897161773749
      vertex 33.03029688135131 -16.518793963204715 0.2914828579090054
      vertex 32.915400607078084 -16.471202368134605 0.4422897161773749
    endloop
  endfacet
  facet normal 0.2777851165097955 -0.0842651938487227 0.9569403357322108
    outer loop
      vertex 33.33002497319623 -16.64294540387109 0.07575392663191494
      vertex 33.69140676522876 -16.09475589331209 0.01912219546999383
      vertex 33.50741820389344 -16.058158293006105 0.07575392663191494
    endloop
  endfacet
  facet normal 0.45109855160133466 -0.13683924960833563 0.8819212643483576
    outer loop
      vertex 33.33002497319623 -16.64294540387109 0.07575392663191494
      vertex 33.50741820389344 -16.058158293006105 0.07575392663191494
      vertex 33.170298396630166 -16.576784489586 0.1677188678166508
    endloop
  endfacet
  facet normal 0.4510985516013426 -0.13683924960834173 0.8819212643483526
    outer loop
      vertex 33.50741820389344 -16.058158293006105 0.07575392663191494
      vertex 33.337853374635486 -16.024429751394077 0.1677188678166508
      vertex 33.170298396630166 -16.576784489586 0.1677188678166508
    endloop
  endfacet
  facet normal 0.46912683269235067 -0.04620496010437573 0.8819212643483524
    outer loop
      vertex 33.50741820389344 -16.058158293006105 0.07575392663191494
      vertex 33.56731656763491 -15.45 0.07575392663191494
      vertex 33.337853374635486 -16.024429751394077 0.1677188678166508
    endloop
  endfacet
  facet normal 0.6070765223338109 -0.18415464974583873 0.7730104533627429
    outer loop
      vertex 33.170298396630166 -16.576784489586 0.1677188678166508
      vertex 33.337853374635486 -16.024429751394077 0.1677188678166508
      vertex 33.03029688135131 -16.518793963204715 0.2914828579090054
    endloop
  endfacet
  facet normal 0.6070765223338157 -0.18415464974584286 0.7730104533627382
    outer loop
      vertex 33.337853374635486 -16.024429751394077 0.1677188678166508
      vertex 33.18922855875023 -15.994866437414977 0.2914828579090054
      vertex 33.03029688135131 -16.518793963204715 0.2914828579090054
    endloop
  endfacet
  facet normal 0.6313385071030725 -0.06218141555799707 0.773010453362739
    outer loop
      vertex 33.337853374635486 -16.024429751394077 0.1677188678166508
      vertex 33.394429766980394 -15.45 0.1677188678166508
      vertex 33.18922855875023 -15.994866437414977 0.2914828579090054
    endloop
  endfacet
  facet normal 0.2888868771906172 -0.028452873945975427 0.9569403357322063
    outer loop
      vertex 33.50741820389344 -16.058158293006105 0.07575392663191494
      vertex 33.75490967798387 -15.45 0.01912219546999383
      vertex 33.56731656763491 -15.45 0.07575392663191494
    endloop
  endfacet
  facet normal 0.4691268326923361 -0.046204960104368614 0.8819212643483605
    outer loop
      vertex 33.56731656763491 -15.45 0.07575392663191494
      vertex 33.394429766980394 -15.45 0.1677188678166508
      vertex 33.337853374635486 -16.024429751394077 0.1677188678166508
    endloop
  endfacet
  facet normal 0.4691268326923359 0.046204960104374276 0.8819212643483602
    outer loop
      vertex 33.56731656763491 -15.45 0.07575392663191494
      vertex 33.50741820389344 -14.841841706993893 0.07575392663191494
      vertex 33.394429766980394 -15.45 0.1677188678166508
    endloop
  endfacet
  facet normal 0.6313385071030756 -0.062181415557998804 0.7730104533627363
    outer loop
      vertex 33.18922855875023 -15.994866437414977 0.2914828579090054
      vertex 33.394429766980394 -15.45 0.1677188678166508
      vertex 33.24289321881345 -15.45 0.2914828579090054
    endloop
  endfacet
  facet normal 0.6313385071030756 0.06218141555799717 0.7730104533627364
    outer loop
      vertex 33.394429766980394 -15.45 0.1677188678166508
      vertex 33.337853374635486 -14.87557024860592 0.1677188678166508
      vertex 33.24289321881345 -15.45 0.2914828579090054
    endloop
  endfacet
  facet normal 0.7397248827654442 -0.22439308996872906 0.6343932841636453
    outer loop
      vertex 33.03029688135131 -16.518793963204715 0.2914828579090054
      vertex 33.18922855875023 -15.994866437414977 0.2914828579090054
      vertex 32.915400607078084 -16.471202368134605 0.4422897161773749
    endloop
  endfacet
  facet normal 0.7397248827654481 -0.22439308996873314 0.6343932841636394
    outer loop
      vertex 33.18922855875023 -15.994866437414977 0.2914828579090054
      vertex 33.06725532456239 -15.97060445264572 0.4422897161773749
      vertex 32.915400607078084 -16.471202368134605 0.4422897161773749
    endloop
  endfacet
  facet normal 0.7692881967445514 -0.075768274083473 0.6343932841636393
    outer loop
      vertex 33.18922855875023 -15.994866437414977 0.2914828579090054
      vertex 33.24289321881345 -15.45 0.2914828579090054
      vertex 33.06725532456239 -15.97060445264572 0.4422897161773749
    endloop
  endfacet
  facet normal 0.7692881967445523 0.07576827408347309 0.6343932841636383
    outer loop
      vertex 33.24289321881345 -15.45 0.2914828579090054
      vertex 33.18922855875023 -14.905133562585021 0.2914828579090054
      vertex 33.118530387697454 -15.45 0.4422897161773749
    endloop
  endfacet
  facet normal 0.7692881967445522 -0.0757682740834735 0.6343932841636383
    outer loop
      vertex 33.24289321881345 -15.45 0.2914828579090054
      vertex 33.118530387697454 -15.45 0.4422897161773749
      vertex 33.06725532456239 -15.97060445264572 0.4422897161773749
    endloop
  endfacet
  facet normal 0.6817343563841638 -0.5594849272637098 0.4713967368259895
    outer loop
      vertex 32.66880192687636 -16.932556049312964 0.4422897161773749
      vertex 32.591965886347495 -16.88121584840927 0.6143440196319667
      vertex 32.27159225171473 -17.27159225171473 0.6143440196319667
    endloop
  endfacet
  facet normal 0.7777851165098083 -0.41573480615127184 0.47139673682598643
    outer loop
      vertex 32.66880192687636 -16.932556049312964 0.4422897161773749
      vertex 32.915400607078084 -16.471202368134605 0.4422897161773749
      vertex 32.591965886347495 -16.88121584840927 0.6143440196319667
    endloop
  endfacet
  facet normal 0.7777851165098092 -0.4157348061512741 0.4713967368259828
    outer loop
      vertex 32.591965886347495 -16.88121584840927 0.6143440196319667
      vertex 32.915400607078084 -16.471202368134605 0.4422897161773749
      vertex 32.83002497319623 -16.43583862268454 0.6143440196319667
    endloop
  endfacet
  facet normal 0.843946030794885 -0.4510985516013326 0.29028467725448276
    outer loop
      vertex 32.591965886347495 -16.88121584840927 0.6143440196319667
      vertex 32.83002497319623 -16.43583862268454 0.6143440196319667
      vertex 32.54465048620999 -16.84960070879279 0.8010338178801852
    endloop
  endfacet
  facet normal 0.8439460307948865 -0.45109855160134343 0.29028467725446083
    outer loop
      vertex 32.83002497319623 -16.43583862268454 0.6143440196319667
      vertex 32.77745091743662 -16.414061735759947 0.8010338178801852
      vertex 32.54465048620999 -16.84960070879279 0.8010338178801852
    endloop
  endfacet
  facet normal 0.8776745724069143 -0.46912683269235234 0.0980171403295454
    outer loop
      vertex 32.54465048620999 -16.84960070879279 0.8010338178801852
      vertex 32.77745091743662 -16.414061735759947 0.8010338178801852
      vertex 32.52867403075636 -16.838925582549006 0.9951847266721967
    endloop
  endfacet
  facet normal 0.8439460307948963 -0.25600822958521674 0.4713967368259808
    outer loop
      vertex 32.915400607078084 -16.471202368134605 0.4422897161773749
      vertex 33.06725532456239 -15.97060445264572 0.4422897161773749
      vertex 32.83002497319623 -16.43583862268454 0.6143440196319667
    endloop
  endfacet
  facet normal 0.8439460307948841 -0.25600822958519887 0.4713967368260123
    outer loop
      vertex 33.06725532456239 -15.97060445264572 0.4422897161773749
      vertex 32.976621035058415 -15.95257617155471 0.6143440196319667
      vertex 32.83002497319623 -16.43583862268454 0.6143440196319667
    endloop
  endfacet
  facet normal 0.8776745724069085 -0.08644340032725582 0.4713967368260116
    outer loop
      vertex 33.06725532456239 -15.97060445264572 0.4422897161773749
      vertex 33.118530387697454 -15.45 0.4422897161773749
      vertex 32.976621035058415 -15.95257617155471 0.6143440196319667
    endloop
  endfacet
  facet normal 0.8776745724069094 -0.08644340032725671 0.4713967368260097
    outer loop
      vertex 33.118530387697454 -15.45 0.4422897161773749
      vertex 33.02612046748871 -15.45 0.6143440196319667
      vertex 32.976621035058415 -15.95257617155471 0.6143440196319667
    endloop
  endfacet
  facet normal 0.8776745724069096 0.08644340032725593 0.47139673682600985
    outer loop
      vertex 33.118530387697454 -15.45 0.4422897161773749
      vertex 33.06725532456239 -14.929395547354279 0.4422897161773749
      vertex 33.02612046748871 -15.45 0.6143440196319667
    endloop
  endfacet
  facet normal 0.915734806151276 -0.2777851165097921 0.2902846772544606
    outer loop
      vertex 32.83002497319623 -16.43583862268454 0.6143440196319667
      vertex 32.976621035058415 -15.95257617155471 0.6143440196319667
      vertex 32.77745091743662 -16.414061735759947 0.8010338178801852
    endloop
  endfacet
  facet normal 0.9157348061512807 -0.27778511650980536 0.29028467725443274
    outer loop
      vertex 32.976621035058415 -15.95257617155471 0.6143440196319667
      vertex 32.920808715155665 -15.941474410873903 0.8010338178801852
      vertex 32.77745091743662 -16.414061735759947 0.8010338178801852
    endloop
  endfacet
  facet normal 0.9523324064572564 -0.28888687719061024 0.09801714032957778
    outer loop
      vertex 32.77745091743662 -16.414061735759947 0.8010338178801852
      vertex 32.920808715155665 -15.941474410873903 0.8010338178801852
      vertex 32.759698831278214 -16.406708580912724 0.9951847266721967
    endloop
  endfacet
  facet normal 0.9523324064572676 -0.09379655517448286 0.2902846772544323
    outer loop
      vertex 32.976621035058415 -15.95257617155471 0.6143440196319667
      vertex 33.02612046748871 -15.45 0.6143440196319667
      vertex 32.920808715155665 -15.941474410873903 0.8010338178801852
    endloop
  endfacet
  facet normal 0.9523324064572655 -0.09379655517447921 0.2902846772544407
    outer loop
      vertex 33.02612046748871 -15.45 0.6143440196319667
      vertex 32.96921471959677 -15.45 0.8010338178801852
      vertex 32.920808715155665 -15.941474410873903 0.8010338178801852
    endloop
  endfacet
  facet normal 0.952332406457265 0.09379655517448261 0.29028467725444057
    outer loop
      vertex 33.02612046748871 -15.45 0.6143440196319667
      vertex 32.976621035058415 -14.947423828445288 0.6143440196319667
      vertex 32.96921471959677 -15.45 0.8010338178801852
    endloop
  endfacet
  facet normal 0.9903926402016127 -0.09754516100806158 0.09801714032958948
    outer loop
      vertex 32.920808715155665 -15.941474410873903 0.8010338178801852
      vertex 32.96921471959677 -15.45 0.8010338178801852
      vertex 32.90196320100807 -15.93772580504032 0.9951847266721967
    endloop
  endfacet
  facet normal 0.9903926402016163 0.09754516100806195 0.09801714032955176
    outer loop
      vertex 32.96921471959677 -15.45 0.8010338178801852
      vertex 32.920808715155665 -14.958525589126095 0.8010338178801852
      vertex 32.95 -15.45 0.9951847266721967
    endloop
  endfacet
  facet normal -0.2888868771906131 -0.9523324064572576 0.0980171403295571
    outer loop
      vertex 29.493291419087274 -17.759698831278214 0.9951847266721967
      vertex 29.958525589126094 -17.920808715155662 0.8010338178801852
      vertex 29.96227419495968 -17.901963201008076 0.9951847266721967
    endloop
  endfacet
  facet normal -0.0975451610080625 -0.9903926402016144 0.0980171403295697
    outer loop
      vertex 30.45 -17.96921471959677 0.8010338178801852
      vertex 30.45 -17.95 0.9951847266721967
      vertex 29.96227419495968 -17.901963201008076 0.9951847266721967
    endloop
  endfacet
  facet normal 0.09754516100806264 -0.9903926402016159 0.09801714032955447
    outer loop
      vertex 30.941474410873905 -17.920808715155662 0.8010338178801852
      vertex 30.93772580504032 -17.901963201008076 0.9951847266721967
      vertex 30.45 -17.95 0.9951847266721967
    endloop
  endfacet
  facet normal 0.28888687719061307 -0.9523324064572575 0.09801714032956056
    outer loop
      vertex 31.414061735759947 -17.777450917436614 0.8010338178801852
      vertex 31.406708580912724 -17.759698831278214 0.9951847266721967
      vertex 30.93772580504032 -17.901963201008076 0.9951847266721967
    endloop
  endfacet
  facet normal -0.6313385071030779 -0.7692881967445456 0.09801714032954603
    outer loop
      vertex 29.05039929120721 -17.54465048620999 0.8010338178801852
      vertex 29.061074417450993 -17.528674030756363 0.9951847266721967
      vertex 28.68223304703363 -17.217766952966368 0.9951847266721967
    endloop
  endfacet
  facet normal -0.769288196744544 -0.6313385071030766 0.0980171403295679
    outer loop
      vertex 28.668646188508156 -17.231353811491843 0.8010338178801852
      vertex 28.68223304703363 -17.217766952966368 0.9951847266721967
      vertex 28.371325969243635 -16.838925582549006 0.9951847266721967
    endloop
  endfacet
  facet normal -0.8776745724069199 -0.46912683269234196 0.09801714032954531
    outer loop
      vertex 28.35534951379001 -16.84960070879279 0.8010338178801852
      vertex 28.371325969243635 -16.838925582549006 0.9951847266721967
      vertex 28.140301168721784 -16.406708580912724 0.9951847266721967
    endloop
  endfacet
  facet normal -0.4691268326923413 -0.8776745724069186 0.0980171403295592
    outer loop
      vertex 29.48593826424005 -17.777450917436614 0.8010338178801852
      vertex 29.493291419087274 -17.759698831278214 0.9951847266721967
      vertex 29.061074417450993 -17.528674030756363 0.9951847266721967
    endloop
  endfacet
  facet normal -0.9523324064572575 -0.28888687719061307 0.09801714032956056
    outer loop
      vertex 28.122549082563385 -16.414061735759947 0.8010338178801852
      vertex 28.140301168721784 -16.406708580912724 0.9951847266721967
      vertex 27.998036798991922 -15.93772580504032 0.9951847266721967
    endloop
  endfacet
  facet normal -0.990392640201616 -0.09754516100806265 0.0980171403295536
    outer loop
      vertex 27.979191284844337 -15.941474410873903 0.8010338178801852
      vertex 27.998036798991922 -15.93772580504032 0.9951847266721967
      vertex 27.95 -15.45 0.9951847266721967
    endloop
  endfacet
  facet normal -0.9903926402016144 0.0975451610080625 0.0980171403295697
    outer loop
      vertex 27.930785280403228 -15.45 0.8010338178801852
      vertex 27.95 -15.45 0.9951847266721967
      vertex 27.998036798991922 -14.96227419495968 0.9951847266721967
    endloop
  endfacet
  facet normal 0.46912683269234196 -0.8776745724069199 0.09801714032954531
    outer loop
      vertex 31.84960070879279 -17.54465048620999 0.8010338178801852
      vertex 31.838925582549006 -17.528674030756363 0.9951847266721967
      vertex 31.406708580912724 -17.759698831278214 0.9951847266721967
    endloop
  endfacet
  facet normal 0.6313385071030738 -0.769288196744548 0.09801714032955643
    outer loop
      vertex 32.23135381149184 -17.231353811491843 0.8010338178801852
      vertex 32.21776695296637 -17.217766952966368 0.9951847266721967
      vertex 31.838925582549006 -17.528674030756363 0.9951847266721967
    endloop
  endfacet
  facet normal 0.7692881967445493 -0.6313385071030737 0.09801714032954609
    outer loop
      vertex 32.54465048620999 -16.84960070879279 0.8010338178801852
      vertex 32.52867403075636 -16.838925582549006 0.9951847266721967
      vertex 32.21776695296637 -17.217766952966368 0.9951847266721967
    endloop
  endfacet
  facet normal 0.8776745724069174 -0.4691268326923406 0.09801714032957506
    outer loop
      vertex 32.52867403075636 -16.838925582549006 0.9951847266721967
      vertex 32.77745091743662 -16.414061735759947 0.8010338178801852
      vertex 32.759698831278214 -16.406708580912724 0.9951847266721967
    endloop
  endfacet
  facet normal 0.9523324064572567 -0.28888687719060563 0.09801714032958907
    outer loop
      vertex 32.920808715155665 -15.941474410873903 0.8010338178801852
      vertex 32.90196320100807 -15.93772580504032 0.9951847266721967
      vertex 32.759698831278214 -16.406708580912724 0.9951847266721967
    endloop
  endfacet
  facet normal 0.9903926402016148 -0.09754516100807696 0.0980171403295516
    outer loop
      vertex 32.96921471959677 -15.45 0.8010338178801852
      vertex 32.95 -15.45 0.9951847266721967
      vertex 32.90196320100807 -15.93772580504032 0.9951847266721967
    endloop
  endfacet
  facet normal -0.5594849272637075 0.2990509240190716 0.7730104533627364
    outer loop
      vertex 27.729701603369833 -14.323215510413998 0.1677188678166508
      vertex 27.869703118648683 -14.381206036795284 0.2914828579090054
      vertex 28.12779415815077 -13.898351663624943 0.2914828579090054
    endloop
  endfacet
  facet normal -0.5594849272637051 0.2990509240190686 0.7730104533627393
    outer loop
      vertex 27.729701603369833 -14.323215510413998 0.1677188678166508
      vertex 28.12779415815077 -13.898351663624943 0.2914828579090054
      vertex 28.001796123196733 -13.814162468248847 0.1677188678166508
    endloop
  endfacet
  facet normal -0.7397248827654459 0.22439308996872454 0.634393284163645
    outer loop
      vertex 27.71077144124977 -14.905133562585021 0.2914828579090054
      vertex 27.98459939292191 -14.428797631865393 0.4422897161773749
      vertex 27.869703118648683 -14.381206036795284 0.2914828579090054
    endloop
  endfacet
  facet normal -0.6817343563841605 0.3643946052475809 0.6343932841636443
    outer loop
      vertex 27.869703118648683 -14.381206036795284 0.2914828579090054
      vertex 28.231198073123636 -13.967443950687034 0.4422897161773749
      vertex 28.12779415815077 -13.898351663624943 0.2914828579090054
    endloop
  endfacet
  facet normal -0.6817343563841601 0.36439460524758044 0.6343932841636448
    outer loop
      vertex 27.869703118648683 -14.381206036795284 0.2914828579090054
      vertex 27.98459939292191 -14.428797631865393 0.4422897161773749
      vertex 28.231198073123636 -13.967443950687034 0.4422897161773749
    endloop
  endfacet
  facet normal -0.36439460524758216 0.29905092401907246 0.8819212643483532
    outer loop
      vertex 27.8580460020843 -13.718111708123207 0.07575392663191494
      vertex 28.001796123196733 -13.814162468248847 0.1677188678166508
      vertex 28.367973745040633 -13.367973745040635 0.1677188678166508
    endloop
  endfacet
  facet normal -0.22439308996872828 0.18415464974584192 0.9569403357322088
    outer loop
      vertex 27.8580460020843 -13.718111708123207 0.07575392663191494
      vertex 28.24572431592018 -13.245724315920182 0.07575392663191494
      vertex 27.70206803135182 -13.613890560093761 0.01912219546999383
    endloop
  endfacet
  facet normal -0.36439460524758105 0.2990509240190705 0.8819212643483543
    outer loop
      vertex 27.8580460020843 -13.718111708123207 0.07575392663191494
      vertex 28.367973745040633 -13.367973745040635 0.1677188678166508
      vertex 28.24572431592018 -13.245724315920182 0.07575392663191494
    endloop
  endfacet
  facet normal -0.4903926402016131 0.40245483899193435 0.7730104533627391
    outer loop
      vertex 28.001796123196733 -13.814162468248847 0.1677188678166508
      vertex 28.12779415815077 -13.898351663624943 0.2914828579090054
      vertex 28.475126265847084 -13.475126265847083 0.2914828579090054
    endloop
  endfacet
  facet normal -0.4903926402016125 0.4024548389919333 0.77301045336274
    outer loop
      vertex 28.001796123196733 -13.814162468248847 0.1677188678166508
      vertex 28.475126265847084 -13.475126265847083 0.2914828579090054
      vertex 28.367973745040633 -13.367973745040635 0.1677188678166508
    endloop
  endfacet
  facet normal -0.4024548389919342 0.4903926402016134 0.773010453362739
    outer loop
      vertex 28.367973745040633 -13.367973745040635 0.1677188678166508
      vertex 28.475126265847084 -13.475126265847083 0.2914828579090054
      vertex 28.898351663624943 -13.12779415815077 0.2914828579090054
    endloop
  endfacet
  facet normal -0.18415464974584192 0.2243930899687283 0.9569403357322088
    outer loop
      vertex 28.113075955488554 -13.113075955488554 0.01912219546999383
      vertex 28.24572431592018 -13.245724315920182 0.07575392663191494
      vertex 28.718111708123207 -12.8580460020843 0.07575392663191494
    endloop
  endfacet
  facet normal -0.29905092401907074 0.36439460524758 0.8819212643483546
    outer loop
      vertex 28.24572431592018 -13.245724315920182 0.07575392663191494
      vertex 28.367973745040633 -13.367973745040635 0.1677188678166508
      vertex 28.814162468248846 -13.001796123196735 0.1677188678166508
    endloop
  endfacet
  facet normal -0.2990509240190715 0.3643946052475822 0.8819212643483534
    outer loop
      vertex 28.24572431592018 -13.245724315920182 0.07575392663191494
      vertex 28.814162468248846 -13.001796123196735 0.1677188678166508
      vertex 28.718111708123207 -12.8580460020843 0.07575392663191494
    endloop
  endfacet
  facet normal -0.13683924960834157 0.2560082295852076 0.9569403357322095
    outer loop
      vertex 28.61389056009376 -12.70206803135182 0.01912219546999383
      vertex 28.718111708123207 -12.8580460020843 0.07575392663191494
      vertex 29.25705459612891 -12.56997502680377 0.07575392663191494
    endloop
  endfacet
  facet normal -0.22221488349020022 0.4157348061512746 0.8819212643483537
    outer loop
      vertex 28.718111708123207 -12.8580460020843 0.07575392663191494
      vertex 28.814162468248846 -13.001796123196735 0.1677188678166508
      vertex 29.323215510414 -12.729701603369833 0.1677188678166508
    endloop
  endfacet
  facet normal -0.40245483899193435 0.49039264020161377 0.7730104533627387
    outer loop
      vertex 28.367973745040633 -13.367973745040635 0.1677188678166508
      vertex 28.898351663624943 -13.12779415815077 0.2914828579090054
      vertex 28.814162468248846 -13.001796123196735 0.1677188678166508
    endloop
  endfacet
  facet normal -0.22221488349019966 0.41573480615127034 0.8819212643483559
    outer loop
      vertex 28.718111708123207 -12.8580460020843 0.07575392663191494
      vertex 29.323215510414 -12.729701603369833 0.1677188678166508
      vertex 29.25705459612891 -12.56997502680377 0.07575392663191494
    endloop
  endfacet
  facet normal -0.2990509240190708 0.559484927263706 0.773010453362738
    outer loop
      vertex 28.898351663624943 -13.12779415815077 0.2914828579090054
      vertex 29.381206036795284 -12.869703118648683 0.2914828579090054
      vertex 28.814162468248846 -13.001796123196735 0.1677188678166508
    endloop
  endfacet
  facet normal -0.29905092401907085 0.5594849272637077 0.7730104533627365
    outer loop
      vertex 28.814162468248846 -13.001796123196735 0.1677188678166508
      vertex 29.381206036795284 -12.869703118648683 0.2914828579090054
      vertex 29.323215510414 -12.729701603369833 0.1677188678166508
    endloop
  endfacet
  facet normal -0.18415464974584178 0.6070765223338189 0.773010453362736
    outer loop
      vertex 29.323215510414 -12.729701603369833 0.1677188678166508
      vertex 29.381206036795284 -12.869703118648683 0.2914828579090054
      vertex 29.90513356258502 -12.710771441249767 0.2914828579090054
    endloop
  endfacet
  facet normal -0.18415464974584161 0.6070765223338205 0.7730104533627349
    outer loop
      vertex 29.323215510414 -12.729701603369833 0.1677188678166508
      vertex 29.90513356258502 -12.710771441249767 0.2914828579090054
      vertex 29.87557024860592 -12.562146625364512 0.1677188678166508
    endloop
  endfacet
  facet normal -0.597545161008067 0.49039264020161794 0.6343932841636407
    outer loop
      vertex 28.12779415815077 -13.898351663624943 0.2914828579090054
      vertex 28.56306406705676 -13.563064067056763 0.4422897161773749
      vertex 28.475126265847084 -13.475126265847083 0.2914828579090054
    endloop
  endfacet
  facet normal -0.5975451610080661 0.49039264020161544 0.6343932841636435
    outer loop
      vertex 28.12779415815077 -13.898351663624943 0.2914828579090054
      vertex 28.231198073123636 -13.967443950687034 0.4422897161773749
      vertex 28.56306406705676 -13.563064067056763 0.4422897161773749
    endloop
  endfacet
  facet normal -0.4903926402016164 0.5975451610080668 0.6343932841636422
    outer loop
      vertex 28.475126265847084 -13.475126265847083 0.2914828579090054
      vertex 28.56306406705676 -13.563064067056763 0.4422897161773749
      vertex 28.967443950687034 -13.231198073123636 0.4422897161773749
    endloop
  endfacet
  facet normal -0.49039264020161616 0.5975451610080654 0.6343932841636434
    outer loop
      vertex 28.475126265847084 -13.475126265847083 0.2914828579090054
      vertex 28.967443950687034 -13.231198073123636 0.4422897161773749
      vertex 28.898351663624943 -13.12779415815077 0.2914828579090054
    endloop
  endfacet
  facet normal -0.36439460524758066 0.68173435638416 0.6343932841636448
    outer loop
      vertex 28.898351663624943 -13.12779415815077 0.2914828579090054
      vertex 29.428797631865393 -12.984599392921911 0.4422897161773749
      vertex 29.381206036795284 -12.869703118648683 0.2914828579090054
    endloop
  endfacet
  facet normal -0.2243930899687269 0.7397248827654453 0.6343932841636448
    outer loop
      vertex 29.381206036795284 -12.869703118648683 0.2914828579090054
      vertex 29.92939554735428 -12.83274467543761 0.4422897161773749
      vertex 29.90513356258502 -12.710771441249767 0.2914828579090054
    endloop
  endfacet
  facet normal -0.3643946052475807 0.6817343563841606 0.6343932841636443
    outer loop
      vertex 28.898351663624943 -13.12779415815077 0.2914828579090054
      vertex 28.967443950687034 -13.231198073123636 0.4422897161773749
      vertex 29.428797631865393 -12.984599392921911 0.4422897161773749
    endloop
  endfacet
  facet normal -0.22439308996872695 0.739724882765445 0.6343932841636453
    outer loop
      vertex 29.381206036795284 -12.869703118648683 0.2914828579090054
      vertex 29.428797631865393 -12.984599392921911 0.4422897161773749
      vertex 29.92939554735428 -12.83274467543761 0.4422897161773749
    endloop
  endfacet
  facet normal -0.075768274083473 0.769288196744547 0.6343932841636447
    outer loop
      vertex 29.90513356258502 -12.710771441249767 0.2914828579090054
      vertex 29.92939554735428 -12.83274467543761 0.4422897161773749
      vertex 30.45 -12.781469612302544 0.4422897161773749
    endloop
  endfacet
  facet normal 0.18415464974584217 0.6070765223338203 0.7730104533627348
    outer loop
      vertex 31.024429751394077 -12.562146625364512 0.1677188678166508
      vertex 30.994866437414977 -12.710771441249767 0.2914828579090054
      vertex 31.518793963204715 -12.869703118648683 0.2914828579090054
    endloop
  endfacet
  facet normal 0.2222148834901983 0.415734806151271 0.8819212643483559
    outer loop
      vertex 31.64294540387109 -12.56997502680377 0.07575392663191494
      vertex 31.576784489586 -12.729701603369833 0.1677188678166508
      vertex 32.08583753175115 -13.001796123196735 0.1677188678166508
    endloop
  endfacet
  facet normal 0.299050924019064 0.3643946052475731 0.8819212643483596
    outer loop
      vertex 32.65427568407982 -13.245724315920182 0.07575392663191494
      vertex 32.181888291876795 -12.8580460020843 0.07575392663191494
      vertex 32.53202625495936 -13.367973745040635 0.1677188678166508
    endloop
  endfacet
  facet normal 0.2990509240190706 0.36439460524757694 0.8819212643483558
    outer loop
      vertex 32.53202625495936 -13.367973745040635 0.1677188678166508
      vertex 32.181888291876795 -12.8580460020843 0.07575392663191494
      vertex 32.08583753175115 -13.001796123196735 0.1677188678166508
    endloop
  endfacet
  facet normal 0.18415464974584475 0.22439308996873175 0.9569403357322074
    outer loop
      vertex 32.65427568407982 -13.245724315920182 0.07575392663191494
      vertex 32.286109439906234 -12.70206803135182 0.01912219546999383
      vertex 32.181888291876795 -12.8580460020843 0.07575392663191494
    endloop
  endfacet
  facet normal 0.22221488349019872 0.41573480615127134 0.8819212643483557
    outer loop
      vertex 31.64294540387109 -12.56997502680377 0.07575392663191494
      vertex 32.08583753175115 -13.001796123196735 0.1677188678166508
      vertex 32.181888291876795 -12.8580460020843 0.07575392663191494
    endloop
  endfacet
  facet normal 0.1841546497458412 0.6070765223338191 0.7730104533627359
    outer loop
      vertex 31.024429751394077 -12.562146625364512 0.1677188678166508
      vertex 31.518793963204715 -12.869703118648683 0.2914828579090054
      vertex 31.576784489586 -12.729701603369833 0.1677188678166508
    endloop
  endfacet
  facet normal 0.29905092401907013 0.5594849272637064 0.773010453362738
    outer loop
      vertex 31.576784489586 -12.729701603369833 0.1677188678166508
      vertex 32.001648336375055 -13.12779415815077 0.2914828579090054
      vertex 32.08583753175115 -13.001796123196735 0.1677188678166508
    endloop
  endfacet
  facet normal 0.2990509240190716 0.5594849272637075 0.7730104533627364
    outer loop
      vertex 31.576784489586 -12.729701603369833 0.1677188678166508
      vertex 31.518793963204715 -12.869703118648683 0.2914828579090054
      vertex 32.001648336375055 -13.12779415815077 0.2914828579090054
    endloop
  endfacet
  facet normal 0.40245483899193235 0.4903926402016152 0.7730104533627387
    outer loop
      vertex 32.001648336375055 -13.12779415815077 0.2914828579090054
      vertex 32.42487373415292 -13.475126265847083 0.2914828579090054
      vertex 32.08583753175115 -13.001796123196735 0.1677188678166508
    endloop
  endfacet
  facet normal 0.40245483899194306 0.49039264020162054 0.7730104533627298
    outer loop
      vertex 32.53202625495936 -13.367973745040635 0.1677188678166508
      vertex 32.08583753175115 -13.001796123196735 0.1677188678166508
      vertex 32.42487373415292 -13.475126265847083 0.2914828579090054
    endloop
  endfacet
  facet normal -0.07576827408347266 0.7692881967445478 0.6343932841636438
    outer loop
      vertex 29.90513356258502 -12.710771441249767 0.2914828579090054
      vertex 30.45 -12.781469612302544 0.4422897161773749
      vertex 30.45 -12.657106781186547 0.2914828579090054
    endloop
  endfacet
  facet normal 0.07576827408347257 0.7692881967445471 0.6343932841636447
    outer loop
      vertex 30.45 -12.657106781186547 0.2914828579090054
      vertex 30.97060445264572 -12.83274467543761 0.4422897161773749
      vertex 30.994866437414977 -12.710771441249767 0.2914828579090054
    endloop
  endfacet
  facet normal 0.07576827408347309 0.7692881967445477 0.6343932841636437
    outer loop
      vertex 30.45 -12.657106781186547 0.2914828579090054
      vertex 30.45 -12.781469612302544 0.4422897161773749
      vertex 30.97060445264572 -12.83274467543761 0.4422897161773749
    endloop
  endfacet
  facet normal 0.22439308996872703 0.7397248827654453 0.6343932841636447
    outer loop
      vertex 30.994866437414977 -12.710771441249767 0.2914828579090054
      vertex 30.97060445264572 -12.83274467543761 0.4422897161773749
      vertex 31.471202368134605 -12.984599392921911 0.4422897161773749
    endloop
  endfacet
  facet normal 0.49039264020160733 0.5975451610080597 0.6343932841636558
    outer loop
      vertex 32.001648336375055 -13.12779415815077 0.2914828579090054
      vertex 32.336935932943234 -13.563064067056763 0.4422897161773749
      vertex 32.42487373415292 -13.475126265847083 0.2914828579090054
    endloop
  endfacet
  facet normal 0.5975451610080545 0.49039264020161116 0.6343932841636577
    outer loop
      vertex 32.42487373415292 -13.475126265847083 0.2914828579090054
      vertex 32.336935932943234 -13.563064067056763 0.4422897161773749
      vertex 32.66880192687636 -13.967443950687034 0.4422897161773749
    endloop
  endfacet
  facet normal 0.4903926402016183 0.5975451610080639 0.6343932841636433
    outer loop
      vertex 32.001648336375055 -13.12779415815077 0.2914828579090054
      vertex 31.932556049312964 -13.231198073123636 0.4422897161773749
      vertex 32.336935932943234 -13.563064067056763 0.4422897161773749
    endloop
  endfacet
  facet normal 0.3643946052475809 0.6817343563841605 0.6343932841636443
    outer loop
      vertex 31.518793963204715 -12.869703118648683 0.2914828579090054
      vertex 31.932556049312964 -13.231198073123636 0.4422897161773749
      vertex 32.001648336375055 -13.12779415815077 0.2914828579090054
    endloop
  endfacet
  facet normal 0.22439308996872678 0.739724882765445 0.6343932841636452
    outer loop
      vertex 30.994866437414977 -12.710771441249767 0.2914828579090054
      vertex 31.471202368134605 -12.984599392921911 0.4422897161773749
      vertex 31.518793963204715 -12.869703118648683 0.2914828579090054
    endloop
  endfacet
  facet normal 0.36439460524758044 0.6817343563841601 0.6343932841636449
    outer loop
      vertex 31.518793963204715 -12.869703118648683 0.2914828579090054
      vertex 31.471202368134605 -12.984599392921911 0.4422897161773749
      vertex 31.932556049312964 -13.231198073123636 0.4422897161773749
    endloop
  endfacet
  facet normal -0.877674572406916 0.08644340032725657 0.4713967368259975
    outer loop
      vertex 27.781469612302544 -15.45 0.4422897161773749
      vertex 27.92337896494158 -14.947423828445288 0.6143440196319667
      vertex 27.83274467543761 -14.929395547354279 0.4422897161773749
    endloop
  endfacet
  facet normal -0.8439460307948912 0.2560082295852092 0.4713967368259941
    outer loop
      vertex 27.83274467543761 -14.929395547354279 0.4422897161773749
      vertex 28.069975026803768 -14.46416137731546 0.6143440196319667
      vertex 27.98459939292191 -14.428797631865393 0.4422897161773749
    endloop
  endfacet
  facet normal -0.8439460307948895 0.25600822958520675 0.4713967368259984
    outer loop
      vertex 27.83274467543761 -14.929395547354279 0.4422897161773749
      vertex 27.92337896494158 -14.947423828445288 0.6143440196319667
      vertex 28.069975026803768 -14.46416137731546 0.6143440196319667
    endloop
  endfacet
  facet normal -0.7777851165098016 0.41573480615127456 0.4713967368259952
    outer loop
      vertex 27.98459939292191 -14.428797631865393 0.4422897161773749
      vertex 28.069975026803768 -14.46416137731546 0.6143440196319667
      vertex 28.308034113652507 -14.018784151590728 0.6143440196319667
    endloop
  endfacet
  facet normal -0.7777851165098013 0.4157348061512741 0.47139673682599575
    outer loop
      vertex 27.98459939292191 -14.428797631865393 0.4422897161773749
      vertex 28.308034113652507 -14.018784151590728 0.6143440196319667
      vertex 28.231198073123636 -13.967443950687034 0.4422897161773749
    endloop
  endfacet
  facet normal -0.9523324064572575 0.09379655517448188 0.2902846772544655
    outer loop
      vertex 27.873879532511285 -15.45 0.6143440196319667
      vertex 27.979191284844337 -14.958525589126095 0.8010338178801852
      vertex 27.92337896494158 -14.947423828445288 0.6143440196319667
    endloop
  endfacet
  facet normal -0.9157348061512692 0.2777851165097968 0.29028467725447665
    outer loop
      vertex 27.92337896494158 -14.947423828445288 0.6143440196319667
      vertex 28.122549082563385 -14.485938264240051 0.8010338178801852
      vertex 28.069975026803768 -14.46416137731546 0.6143440196319667
    endloop
  endfacet
  facet normal -0.9157348061512713 0.27778511650980253 0.29028467725446466
    outer loop
      vertex 27.92337896494158 -14.947423828445288 0.6143440196319667
      vertex 27.979191284844337 -14.958525589126095 0.8010338178801852
      vertex 28.122549082563385 -14.485938264240051 0.8010338178801852
    endloop
  endfacet
  facet normal -0.9903926402016155 0.09754516100806904 0.09801714032955366
    outer loop
      vertex 27.930785280403228 -15.45 0.8010338178801852
      vertex 27.998036798991922 -14.96227419495968 0.9951847266721967
      vertex 27.979191284844337 -14.958525589126095 0.8010338178801852
    endloop
  endfacet
  facet normal -0.952332406457258 0.28888687719061074 0.09801714032956055
    outer loop
      vertex 27.979191284844337 -14.958525589126095 0.8010338178801852
      vertex 28.140301168721784 -14.493291419087274 0.9951847266721967
      vertex 28.122549082563385 -14.485938264240051 0.8010338178801852
    endloop
  endfacet
  facet normal -0.8439460307948854 0.45109855160133605 0.2902846772544757
    outer loop
      vertex 28.069975026803768 -14.46416137731546 0.6143440196319667
      vertex 28.122549082563385 -14.485938264240051 0.8010338178801852
      vertex 28.35534951379001 -14.05039929120721 0.8010338178801852
    endloop
  endfacet
  facet normal -0.8439460307948856 0.45109855160133794 0.290284677254472
    outer loop
      vertex 28.069975026803768 -14.46416137731546 0.6143440196319667
      vertex 28.35534951379001 -14.05039929120721 0.8010338178801852
      vertex 28.308034113652507 -14.018784151590728 0.6143440196319667
    endloop
  endfacet
  facet normal -0.8776745724069169 0.46912683269234656 0.09801714032954963
    outer loop
      vertex 28.122549082563385 -14.485938264240051 0.8010338178801852
      vertex 28.371325969243635 -14.061074417450994 0.9951847266721967
      vertex 28.35534951379001 -14.05039929120721 0.8010338178801852
    endloop
  endfacet
  facet normal -0.6817343563841617 0.5594849272637069 0.471396736825996
    outer loop
      vertex 28.231198073123636 -13.967443950687034 0.4422897161773749
      vertex 28.308034113652507 -14.018784151590728 0.6143440196319667
      vertex 28.62840774828527 -13.628407748285271 0.6143440196319667
    endloop
  endfacet
  facet normal -0.6817343563841619 0.5594849272637072 0.4713967368259956
    outer loop
      vertex 28.231198073123636 -13.967443950687034 0.4422897161773749
      vertex 28.62840774828527 -13.628407748285271 0.6143440196319667
      vertex 28.56306406705676 -13.563064067056763 0.4422897161773749
    endloop
  endfacet
  facet normal -0.5594849272637059 0.6817343563841596 0.4713967368260004
    outer loop
      vertex 28.56306406705676 -13.563064067056763 0.4422897161773749
      vertex 29.01878415159073 -13.308034113652507 0.6143440196319667
      vertex 28.967443950687034 -13.231198073123636 0.4422897161773749
    endloop
  endfacet
  facet normal -0.559484927263706 0.6817343563841628 0.4713967368259955
    outer loop
      vertex 28.56306406705676 -13.563064067056763 0.4422897161773749
      vertex 28.62840774828527 -13.628407748285271 0.6143440196319667
      vertex 29.01878415159073 -13.308034113652507 0.6143440196319667
    endloop
  endfacet
  facet normal -0.41573480615127273 0.7777851165097988 0.4713967368260014
    outer loop
      vertex 28.967443950687034 -13.231198073123636 0.4422897161773749
      vertex 29.46416137731546 -13.06997502680377 0.6143440196319667
      vertex 29.428797631865393 -12.984599392921911 0.4422897161773749
    endloop
  endfacet
  facet normal -0.41573480615127245 0.7777851165098003 0.4713967368259991
    outer loop
      vertex 28.967443950687034 -13.231198073123636 0.4422897161773749
      vertex 29.01878415159073 -13.308034113652507 0.6143440196319667
      vertex 29.46416137731546 -13.06997502680377 0.6143440196319667
    endloop
  endfacet
  facet normal -0.2560082295852092 0.8439460307948873 0.4713967368260009
    outer loop
      vertex 29.46416137731546 -13.06997502680377 0.6143440196319667
      vertex 29.947423828445288 -12.92337896494158 0.6143440196319667
      vertex 29.428797631865393 -12.984599392921911 0.4422897161773749
    endloop
  endfacet
  facet normal -0.2560082295852085 0.843946030794889 0.47139673682599836
    outer loop
      vertex 29.428797631865393 -12.984599392921911 0.4422897161773749
      vertex 29.947423828445288 -12.92337896494158 0.6143440196319667
      vertex 29.92939554735428 -12.83274467543761 0.4422897161773749
    endloop
  endfacet
  facet normal -0.08644340032725735 0.877674572406916 0.4713967368259975
    outer loop
      vertex 29.92939554735428 -12.83274467543761 0.4422897161773749
      vertex 29.947423828445288 -12.92337896494158 0.6143440196319667
      vertex 30.45 -12.873879532511285 0.6143440196319667
    endloop
  endfacet
  facet normal -0.7397248827654457 0.6070765223338165 0.2902846772544615
    outer loop
      vertex 28.308034113652507 -14.018784151590728 0.6143440196319667
      vertex 28.668646188508156 -13.668646188508156 0.8010338178801852
      vertex 28.62840774828527 -13.628407748285271 0.6143440196319667
    endloop
  endfacet
  facet normal -0.7397248827654459 0.6070765223338114 0.29028467725447143
    outer loop
      vertex 28.308034113652507 -14.018784151590728 0.6143440196319667
      vertex 28.35534951379001 -14.05039929120721 0.8010338178801852
      vertex 28.668646188508156 -13.668646188508156 0.8010338178801852
    endloop
  endfacet
  facet normal -0.6070765223338156 0.7397248827654472 0.2902846772544596
    outer loop
      vertex 28.62840774828527 -13.628407748285271 0.6143440196319667
      vertex 29.05039929120721 -13.355349513790008 0.8010338178801852
      vertex 29.01878415159073 -13.308034113652507 0.6143440196319667
    endloop
  endfacet
  facet normal -0.6070765223338156 0.7397248827654468 0.29028467725446033
    outer loop
      vertex 28.62840774828527 -13.628407748285271 0.6143440196319667
      vertex 28.668646188508156 -13.668646188508156 0.8010338178801852
      vertex 29.05039929120721 -13.355349513790008 0.8010338178801852
    endloop
  endfacet
  facet normal -0.7692881967445495 0.6313385071030699 0.09801714032956776
    outer loop
      vertex 28.35534951379001 -14.05039929120721 0.8010338178801852
      vertex 28.68223304703363 -13.68223304703363 0.9951847266721967
      vertex 28.668646188508156 -13.668646188508156 0.8010338178801852
    endloop
  endfacet
  facet normal -0.631338507103073 0.7692881967445488 0.09801714032955307
    outer loop
      vertex 28.668646188508156 -13.668646188508156 0.8010338178801852
      vertex 29.061074417450993 -13.371325969243635 0.9951847266721967
      vertex 29.05039929120721 -13.355349513790008 0.8010338178801852
    endloop
  endfacet
  facet normal -0.45109855160133827 0.8439460307948892 0.29028467725446105
    outer loop
      vertex 29.01878415159073 -13.308034113652507 0.6143440196319667
      vertex 29.48593826424005 -13.122549082563383 0.8010338178801852
      vertex 29.46416137731546 -13.06997502680377 0.6143440196319667
    endloop
  endfacet
  facet normal -0.45109855160133816 0.8439460307948894 0.2902846772544608
    outer loop
      vertex 29.01878415159073 -13.308034113652507 0.6143440196319667
      vertex 29.05039929120721 -13.355349513790008 0.8010338178801852
      vertex 29.48593826424005 -13.122549082563383 0.8010338178801852
    endloop
  endfacet
  facet normal -0.2777851165098012 0.9157348061512726 0.29028467725446233
    outer loop
      vertex 29.46416137731546 -13.06997502680377 0.6143440196319667
      vertex 29.958525589126094 -12.979191284844337 0.8010338178801852
      vertex 29.947423828445288 -12.92337896494158 0.6143440196319667
    endloop
  endfacet
  facet normal -0.2777851165098007 0.9157348061512731 0.29028467725446083
    outer loop
      vertex 29.46416137731546 -13.06997502680377 0.6143440196319667
      vertex 29.48593826424005 -13.122549082563383 0.8010338178801852
      vertex 29.958525589126094 -12.979191284844337 0.8010338178801852
    endloop
  endfacet
  facet normal -0.09379655517448156 0.9523324064572578 0.29028467725446466
    outer loop
      vertex 29.947423828445288 -12.92337896494158 0.6143440196319667
      vertex 29.958525589126094 -12.979191284844337 0.8010338178801852
      vertex 30.45 -12.93078528040323 0.8010338178801852
    endloop
  endfacet
  facet normal -0.4691268326923461 0.8776745724069162 0.09801714032955913
    outer loop
      vertex 29.05039929120721 -13.355349513790008 0.8010338178801852
      vertex 29.493291419087274 -13.140301168721782 0.9951847266721967
      vertex 29.48593826424005 -13.122549082563383 0.8010338178801852
    endloop
  endfacet
  facet normal -0.28888687719060857 0.952332406457259 0.09801714032955715
    outer loop
      vertex 29.48593826424005 -13.122549082563383 0.8010338178801852
      vertex 29.96227419495968 -12.998036798991922 0.9951847266721967
      vertex 29.958525589126094 -12.979191284844337 0.8010338178801852
    endloop
  endfacet
  facet normal 0.7692881967445507 0.6313385071030709 0.09801714032955189
    outer loop
      vertex 32.23135381149184 -13.668646188508156 0.8010338178801852
      vertex 32.52867403075636 -14.061074417450994 0.9951847266721967
      vertex 32.54465048620999 -14.05039929120721 0.8010338178801852
    endloop
  endfacet
  facet normal -0.08644340032725667 0.877674572406917 0.4713967368259957
    outer loop
      vertex 29.92939554735428 -12.83274467543761 0.4422897161773749
      vertex 30.45 -12.873879532511285 0.6143440196319667
      vertex 30.45 -12.781469612302544 0.4422897161773749
    endloop
  endfacet
  facet normal 0.08644340032725743 0.8776745724069169 0.47139673682599564
    outer loop
      vertex 30.45 -12.781469612302544 0.4422897161773749
      vertex 30.45 -12.873879532511285 0.6143440196319667
      vertex 30.95257617155471 -12.92337896494158 0.6143440196319667
    endloop
  endfacet
  facet normal 0.08644340032725657 0.877674572406916 0.47139673682599753
    outer loop
      vertex 30.45 -12.781469612302544 0.4422897161773749
      vertex 30.95257617155471 -12.92337896494158 0.6143440196319667
      vertex 30.97060445264572 -12.83274467543761 0.4422897161773749
    endloop
  endfacet
  facet normal 0.2560082295852082 0.8439460307948877 0.47139673682600086
    outer loop
      vertex 31.43583862268454 -13.06997502680377 0.6143440196319667
      vertex 31.471202368134605 -12.984599392921911 0.4422897161773749
      vertex 30.97060445264572 -12.83274467543761 0.4422897161773749
    endloop
  endfacet
  facet normal 0.2560082295852096 0.8439460307948886 0.4713967368259985
    outer loop
      vertex 31.43583862268454 -13.06997502680377 0.6143440196319667
      vertex 30.97060445264572 -12.83274467543761 0.4422897161773749
      vertex 30.95257617155471 -12.92337896494158 0.6143440196319667
    endloop
  endfacet
  facet normal 0.6817343563841632 0.5594849272637145 0.4713967368259848
    outer loop
      vertex 32.336935932943234 -13.563064067056763 0.4422897161773749
      vertex 32.27159225171473 -13.628407748285271 0.6143440196319667
      vertex 32.591965886347495 -14.018784151590728 0.6143440196319667
    endloop
  endfacet
  facet normal 0.5594849272637135 0.6817343563841628 0.4713967368259867
    outer loop
      vertex 32.336935932943234 -13.563064067056763 0.4422897161773749
      vertex 31.932556049312964 -13.231198073123636 0.4422897161773749
      vertex 32.27159225171473 -13.628407748285271 0.6143440196319667
    endloop
  endfacet
  facet normal 0.5594849272637042 0.6817343563841608 0.4713967368260006
    outer loop
      vertex 31.932556049312964 -13.231198073123636 0.4422897161773749
      vertex 31.88121584840927 -13.308034113652507 0.6143440196319667
      vertex 32.27159225171473 -13.628407748285271 0.6143440196319667
    endloop
  endfacet
  facet normal 0.4157348061512733 0.7777851165097999 0.4713967368259991
    outer loop
      vertex 31.471202368134605 -12.984599392921911 0.4422897161773749
      vertex 31.88121584840927 -13.308034113652507 0.6143440196319667
      vertex 31.932556049312964 -13.231198073123636 0.4422897161773749
    endloop
  endfacet
  facet normal 0.41573480615127184 0.7777851165097992 0.4713967368260015
    outer loop
      vertex 31.43583862268454 -13.06997502680377 0.6143440196319667
      vertex 31.88121584840927 -13.308034113652507 0.6143440196319667
      vertex 31.471202368134605 -12.984599392921911 0.4422897161773749
    endloop
  endfacet
  facet normal -0.09379655517448188 0.9523324064572575 0.29028467725446544
    outer loop
      vertex 29.947423828445288 -12.92337896494158 0.6143440196319667
      vertex 30.45 -12.93078528040323 0.8010338178801852
      vertex 30.45 -12.873879532511285 0.6143440196319667
    endloop
  endfacet
  facet normal 0.09379655517448153 0.9523324064572575 0.29028467725446544
    outer loop
      vertex 30.45 -12.873879532511285 0.6143440196319667
      vertex 30.45 -12.93078528040323 0.8010338178801852
      vertex 30.941474410873905 -12.979191284844337 0.8010338178801852
    endloop
  endfacet
  facet normal 0.2777851165098013 0.915734806151273 0.29028467725446083
    outer loop
      vertex 31.43583862268454 -13.06997502680377 0.6143440196319667
      vertex 30.95257617155471 -12.92337896494158 0.6143440196319667
      vertex 31.414061735759947 -13.122549082563383 0.8010338178801852
    endloop
  endfacet
  facet normal 0.27778511650980053 0.9157348061512728 0.2902846772544623
    outer loop
      vertex 30.95257617155471 -12.92337896494158 0.6143440196319667
      vertex 30.941474410873905 -12.979191284844337 0.8010338178801852
      vertex 31.414061735759947 -13.122549082563383 0.8010338178801852
    endloop
  endfacet
  facet normal 0.09379655517448189 0.9523324064572578 0.29028467725446466
    outer loop
      vertex 30.45 -12.873879532511285 0.6143440196319667
      vertex 30.941474410873905 -12.979191284844337 0.8010338178801852
      vertex 30.95257617155471 -12.92337896494158 0.6143440196319667
    endloop
  endfacet
  facet normal -0.09754516100806505 0.9903926402016151 0.09801714032956069
    outer loop
      vertex 29.958525589126094 -12.979191284844337 0.8010338178801852
      vertex 30.45 -12.95 0.9951847266721967
      vertex 30.45 -12.93078528040323 0.8010338178801852
    endloop
  endfacet
  facet normal 0.28888687719060846 0.9523324064572588 0.0980171403295605
    outer loop
      vertex 31.414061735759947 -13.122549082563383 0.8010338178801852
      vertex 30.941474410873905 -12.979191284844337 0.8010338178801852
      vertex 31.406708580912724 -13.140301168721782 0.9951847266721967
    endloop
  endfacet
  facet normal 0.09754516100806511 0.9903926402016157 0.0980171403295545
    outer loop
      vertex 30.45 -12.93078528040323 0.8010338178801852
      vertex 30.93772580504032 -12.998036798991922 0.9951847266721967
      vertex 30.941474410873905 -12.979191284844337 0.8010338178801852
    endloop
  endfacet
  facet normal 0.7397248827654371 0.6070765223338163 0.29028467725448404
    outer loop
      vertex 32.27159225171473 -13.628407748285271 0.6143440196319667
      vertex 32.54465048620999 -14.05039929120721 0.8010338178801852
      vertex 32.591965886347495 -14.018784151590728 0.6143440196319667
    endloop
  endfacet
  facet normal 0.7397248827654483 0.6070765223338134 0.2902846772544614
    outer loop
      vertex 32.27159225171473 -13.628407748285271 0.6143440196319667
      vertex 32.23135381149184 -13.668646188508156 0.8010338178801852
      vertex 32.54465048620999 -14.05039929120721 0.8010338178801852
    endloop
  endfacet
  facet normal 0.6070765223338154 0.739724882765447 0.2902846772544603
    outer loop
      vertex 32.27159225171473 -13.628407748285271 0.6143440196319667
      vertex 31.88121584840927 -13.308034113652507 0.6143440196319667
      vertex 32.23135381149184 -13.668646188508156 0.8010338178801852
    endloop
  endfacet
  facet normal 0.6070765223338158 0.739724882765447 0.29028467725445967
    outer loop
      vertex 31.88121584840927 -13.308034113652507 0.6143440196319667
      vertex 31.84960070879279 -13.355349513790008 0.8010338178801852
      vertex 32.23135381149184 -13.668646188508156 0.8010338178801852
    endloop
  endfacet
  facet normal 0.6313385071030728 0.7692881967445486 0.09801714032955641
    outer loop
      vertex 32.23135381149184 -13.668646188508156 0.8010338178801852
      vertex 31.84960070879279 -13.355349513790008 0.8010338178801852
      vertex 32.21776695296637 -13.68223304703363 0.9951847266721967
    endloop
  endfacet
  facet normal 0.4510985516013383 0.8439460307948894 0.29028467725446083
    outer loop
      vertex 31.43583862268454 -13.06997502680377 0.6143440196319667
      vertex 31.84960070879279 -13.355349513790008 0.8010338178801852
      vertex 31.88121584840927 -13.308034113652507 0.6143440196319667
    endloop
  endfacet
  facet normal 0.45109855160133816 0.8439460307948894 0.29028467725446105
    outer loop
      vertex 31.43583862268454 -13.06997502680377 0.6143440196319667
      vertex 31.414061735759947 -13.122549082563383 0.8010338178801852
      vertex 31.84960070879279 -13.355349513790008 0.8010338178801852
    endloop
  endfacet
  facet normal 0.4691268326923464 0.8776745724069166 0.09801714032955329
    outer loop
      vertex 31.414061735759947 -13.122549082563383 0.8010338178801852
      vertex 31.838925582549006 -13.371325969243635 0.9951847266721967
      vertex 31.84960070879279 -13.355349513790008 0.8010338178801852
    endloop
  endfacet
  facet normal -0.08426519384872763 0.27778511650980336 0.9569403357322082
    outer loop
      vertex 29.25705459612891 -12.56997502680377 0.07575392663191494
      vertex 29.841841706993893 -12.392581796106558 0.07575392663191494
      vertex 29.18526582077253 -12.396661591712233 0.01912219546999383
    endloop
  endfacet
  facet normal -0.13683924960833999 0.45109855160133683 0.8819212643483558
    outer loop
      vertex 29.25705459612891 -12.56997502680377 0.07575392663191494
      vertex 29.323215510414 -12.729701603369833 0.1677188678166508
      vertex 29.87557024860592 -12.562146625364512 0.1677188678166508
    endloop
  endfacet
  facet normal -0.13683924960834004 0.4510985516013356 0.8819212643483564
    outer loop
      vertex 29.25705459612891 -12.56997502680377 0.07575392663191494
      vertex 29.87557024860592 -12.562146625364512 0.1677188678166508
      vertex 29.841841706993893 -12.392581796106558 0.07575392663191494
    endloop
  endfacet
  facet normal -0.04620496010437085 0.46912683269234384 0.8819212643483562
    outer loop
      vertex 29.841841706993893 -12.392581796106558 0.07575392663191494
      vertex 29.87557024860592 -12.562146625364512 0.1677188678166508
      vertex 30.45 -12.505570233019602 0.1677188678166508
    endloop
  endfacet
  facet normal -0.028452873945972144 0.2888868771906095 0.9569403357322087
    outer loop
      vertex 29.80524410668791 -12.208593234771238 0.01912219546999383
      vertex 29.841841706993893 -12.392581796106558 0.07575392663191494
      vertex 30.45 -12.332683432365089 0.07575392663191494
    endloop
  endfacet
  facet normal -0.06218141555799891 0.6313385071030767 0.7730104533627354
    outer loop
      vertex 29.87557024860592 -12.562146625364512 0.1677188678166508
      vertex 29.90513356258502 -12.710771441249767 0.2914828579090054
      vertex 30.45 -12.657106781186547 0.2914828579090054
    endloop
  endfacet
  facet normal -0.04620496010437092 0.46912683269234356 0.8819212643483564
    outer loop
      vertex 29.841841706993893 -12.392581796106558 0.07575392663191494
      vertex 30.45 -12.505570233019602 0.1677188678166508
      vertex 30.45 -12.332683432365089 0.07575392663191494
    endloop
  endfacet
  facet normal 0.0462049601043708 0.46912683269234356 0.8819212643483564
    outer loop
      vertex 30.45 -12.332683432365089 0.07575392663191494
      vertex 30.45 -12.505570233019602 0.1677188678166508
      vertex 31.024429751394077 -12.562146625364512 0.1677188678166508
    endloop
  endfacet
  facet normal 0.028452873945972165 0.2888868771906097 0.9569403357322087
    outer loop
      vertex 30.45 -12.145090322016127 0.01912219546999383
      vertex 30.45 -12.332683432365089 0.07575392663191494
      vertex 31.058158293006105 -12.392581796106558 0.07575392663191494
    endloop
  endfacet
  facet normal 0.0842651938487272 0.277785116509802 0.9569403357322086
    outer loop
      vertex 31.64294540387109 -12.56997502680377 0.07575392663191494
      vertex 31.09475589331209 -12.208593234771238 0.01912219546999383
      vertex 31.058158293006105 -12.392581796106558 0.07575392663191494
    endloop
  endfacet
  facet normal 0.046204960104370946 0.46912683269234384 0.8819212643483562
    outer loop
      vertex 30.45 -12.332683432365089 0.07575392663191494
      vertex 31.024429751394077 -12.562146625364512 0.1677188678166508
      vertex 31.058158293006105 -12.392581796106558 0.07575392663191494
    endloop
  endfacet
  facet normal 0.13683924960833965 0.4510985516013357 0.8819212643483565
    outer loop
      vertex 31.058158293006105 -12.392581796106558 0.07575392663191494
      vertex 31.024429751394077 -12.562146625364512 0.1677188678166508
      vertex 31.576784489586 -12.729701603369833 0.1677188678166508
    endloop
  endfacet
  facet normal -0.06218141555799932 0.6313385071030755 0.7730104533627363
    outer loop
      vertex 29.87557024860592 -12.562146625364512 0.1677188678166508
      vertex 30.45 -12.657106781186547 0.2914828579090054
      vertex 30.45 -12.505570233019602 0.1677188678166508
    endloop
  endfacet
  facet normal 0.06218141555799881 0.6313385071030756 0.7730104533627363
    outer loop
      vertex 30.45 -12.505570233019602 0.1677188678166508
      vertex 30.45 -12.657106781186547 0.2914828579090054
      vertex 30.994866437414977 -12.710771441249767 0.2914828579090054
    endloop
  endfacet
  facet normal 0.06218141555799943 0.6313385071030767 0.7730104533627354
    outer loop
      vertex 30.45 -12.505570233019602 0.1677188678166508
      vertex 30.994866437414977 -12.710771441249767 0.2914828579090054
      vertex 31.024429751394077 -12.562146625364512 0.1677188678166508
    endloop
  endfacet
  facet normal 0.136839249608343 0.25600822958521197 0.956940335732208
    outer loop
      vertex 31.64294540387109 -12.56997502680377 0.07575392663191494
      vertex 32.181888291876795 -12.8580460020843 0.07575392663191494
      vertex 31.71473417922747 -12.396661591712233 0.01912219546999383
    endloop
  endfacet
  facet normal 0.13683924960834035 0.45109855160133666 0.8819212643483558
    outer loop
      vertex 31.64294540387109 -12.56997502680377 0.07575392663191494
      vertex 31.058158293006105 -12.392581796106558 0.07575392663191494
      vertex 31.576784489586 -12.729701603369833 0.1677188678166508
    endloop
  endfacet
  facet normal 0.28888687719060124 0.028452873945973862 0.9569403357322112
    outer loop
      vertex 33.56731656763491 -15.45 0.07575392663191494
      vertex 33.69140676522876 -14.805244106687907 0.01912219546999383
      vertex 33.50741820389344 -14.841841706993893 0.07575392663191494
    endloop
  endfacet
  facet normal 0.469126832692352 0.04620496010437005 0.8819212643483519
    outer loop
      vertex 33.394429766980394 -15.45 0.1677188678166508
      vertex 33.50741820389344 -14.841841706993893 0.07575392663191494
      vertex 33.337853374635486 -14.87557024860592 0.1677188678166508
    endloop
  endfacet
  facet normal 0.4510985516013443 0.136839249608339 0.881921264348352
    outer loop
      vertex 33.50741820389344 -14.841841706993893 0.07575392663191494
      vertex 33.33002497319623 -14.257054596128912 0.07575392663191494
      vertex 33.337853374635486 -14.87557024860592 0.1677188678166508
    endloop
  endfacet
  facet normal 0.6313385071030718 0.062181415557998436 0.7730104533627394
    outer loop
      vertex 33.24289321881345 -15.45 0.2914828579090054
      vertex 33.337853374635486 -14.87557024860592 0.1677188678166508
      vertex 33.18922855875023 -14.905133562585021 0.2914828579090054
    endloop
  endfacet
  facet normal 0.6070765223338149 0.18415464974584053 0.7730104533627394
    outer loop
      vertex 33.337853374635486 -14.87557024860592 0.1677188678166508
      vertex 33.170298396630166 -14.323215510413998 0.1677188678166508
      vertex 33.18922855875023 -14.905133562585021 0.2914828579090054
    endloop
  endfacet
  facet normal 0.4157348061512763 0.22221488349020044 0.8819212643483529
    outer loop
      vertex 33.170298396630166 -14.323215510413998 0.1677188678166508
      vertex 33.0419539979157 -13.718111708123207 0.07575392663191494
      vertex 32.898203876803265 -13.814162468248847 0.1677188678166508
    endloop
  endfacet
  facet normal 0.2777851165098035 0.0842651938487254 0.9569403357322084
    outer loop
      vertex 33.50741820389344 -14.841841706993893 0.07575392663191494
      vertex 33.50333840828777 -14.185265820772528 0.01912219546999383
      vertex 33.33002497319623 -14.257054596128912 0.07575392663191494
    endloop
  endfacet
  facet normal 0.4510985516013342 0.13683924960833962 0.8819212643483572
    outer loop
      vertex 33.33002497319623 -14.257054596128912 0.07575392663191494
      vertex 33.170298396630166 -14.323215510413998 0.1677188678166508
      vertex 33.337853374635486 -14.87557024860592 0.1677188678166508
    endloop
  endfacet
  facet normal 0.41573480615126873 0.2222148834901994 0.8819212643483566
    outer loop
      vertex 33.33002497319623 -14.257054596128912 0.07575392663191494
      vertex 33.0419539979157 -13.718111708123207 0.07575392663191494
      vertex 33.170298396630166 -14.323215510413998 0.1677188678166508
    endloop
  endfacet
  facet normal 0.5594849272637011 0.2990509240190664 0.7730104533627431
    outer loop
      vertex 33.170298396630166 -14.323215510413998 0.1677188678166508
      vertex 32.898203876803265 -13.814162468248847 0.1677188678166508
      vertex 33.03029688135131 -14.381206036795284 0.2914828579090054
    endloop
  endfacet
  facet normal 0.5594849272637062 0.29905092401906685 0.7730104533627392
    outer loop
      vertex 33.03029688135131 -14.381206036795284 0.2914828579090054
      vertex 32.898203876803265 -13.814162468248847 0.1677188678166508
      vertex 32.77220584184923 -13.898351663624943 0.2914828579090054
    endloop
  endfacet
  facet normal 0.60707652233381 0.18415464974584114 0.7730104533627431
    outer loop
      vertex 33.18922855875023 -14.905133562585021 0.2914828579090054
      vertex 33.170298396630166 -14.323215510413998 0.1677188678166508
      vertex 33.03029688135131 -14.381206036795284 0.2914828579090054
    endloop
  endfacet
  facet normal 0.7397248827654488 0.22439308996873047 0.6343932841636396
    outer loop
      vertex 33.18922855875023 -14.905133562585021 0.2914828579090054
      vertex 33.03029688135131 -14.381206036795284 0.2914828579090054
      vertex 33.06725532456239 -14.929395547354279 0.4422897161773749
    endloop
  endfacet
  facet normal 0.7397248827654435 0.22439308996873172 0.6343932841636454
    outer loop
      vertex 33.03029688135131 -14.381206036795284 0.2914828579090054
      vertex 32.915400607078084 -14.428797631865393 0.4422897161773749
      vertex 33.06725532456239 -14.929395547354279 0.4422897161773749
    endloop
  endfacet
  facet normal 0.7692881967445514 0.07576827408347346 0.6343932841636393
    outer loop
      vertex 33.18922855875023 -14.905133562585021 0.2914828579090054
      vertex 33.06725532456239 -14.929395547354279 0.4422897161773749
      vertex 33.118530387697454 -15.45 0.4422897161773749
    endloop
  endfacet
  facet normal 0.6817343563841619 0.36439460524757666 0.6343932841636449
    outer loop
      vertex 33.03029688135131 -14.381206036795284 0.2914828579090054
      vertex 32.77220584184923 -13.898351663624943 0.2914828579090054
      vertex 32.915400607078084 -14.428797631865393 0.4422897161773749
    endloop
  endfacet
  facet normal 0.6817343563841629 0.3643946052475767 0.6343932841636439
    outer loop
      vertex 32.915400607078084 -14.428797631865393 0.4422897161773749
      vertex 32.77220584184923 -13.898351663624943 0.2914828579090054
      vertex 32.66880192687636 -13.967443950687034 0.4422897161773749
    endloop
  endfacet
  facet normal 0.22439308996873225 0.18415464974584347 0.9569403357322076
    outer loop
      vertex 32.786924044511444 -13.113075955488554 0.01912219546999383
      vertex 32.65427568407982 -13.245724315920182 0.07575392663191494
      vertex 33.0419539979157 -13.718111708123207 0.07575392663191494
    endloop
  endfacet
  facet normal 0.3643946052475699 0.29905092401906525 0.8819212643483606
    outer loop
      vertex 32.65427568407982 -13.245724315920182 0.07575392663191494
      vertex 32.53202625495936 -13.367973745040635 0.1677188678166508
      vertex 32.898203876803265 -13.814162468248847 0.1677188678166508
    endloop
  endfacet
  facet normal 0.3643946052475839 0.29905092401907013 0.8819212643483533
    outer loop
      vertex 32.65427568407982 -13.245724315920182 0.07575392663191494
      vertex 32.898203876803265 -13.814162468248847 0.1677188678166508
      vertex 33.0419539979157 -13.718111708123207 0.07575392663191494
    endloop
  endfacet
  facet normal 0.2560082295852093 0.1368392496083429 0.9569403357322087
    outer loop
      vertex 33.33002497319623 -14.257054596128912 0.07575392663191494
      vertex 33.19793196864818 -13.613890560093761 0.01912219546999383
      vertex 33.0419539979157 -13.718111708123207 0.07575392663191494
    endloop
  endfacet
  facet normal 0.4903926402016116 0.4024548389919364 0.773010453362739
    outer loop
      vertex 32.77220584184923 -13.898351663624943 0.2914828579090054
      vertex 32.898203876803265 -13.814162468248847 0.1677188678166508
      vertex 32.53202625495936 -13.367973745040635 0.1677188678166508
    endloop
  endfacet
  facet normal 0.490392640201625 0.40245483899194 0.7730104533627286
    outer loop
      vertex 32.77220584184923 -13.898351663624943 0.2914828579090054
      vertex 32.53202625495936 -13.367973745040635 0.1677188678166508
      vertex 32.42487373415292 -13.475126265847083 0.2914828579090054
    endloop
  endfacet
  facet normal 0.5975451610080676 0.4903926402016134 0.6343932841636436
    outer loop
      vertex 32.77220584184923 -13.898351663624943 0.2914828579090054
      vertex 32.42487373415292 -13.475126265847083 0.2914828579090054
      vertex 32.66880192687636 -13.967443950687034 0.4422897161773749
    endloop
  endfacet
  facet normal 0.8776745724069086 0.0864434003272566 0.47139673682601163
    outer loop
      vertex 33.02612046748871 -15.45 0.6143440196319667
      vertex 33.06725532456239 -14.929395547354279 0.4422897161773749
      vertex 32.976621035058415 -14.947423828445288 0.6143440196319667
    endloop
  endfacet
  facet normal 0.8439460307948804 0.25600822958521197 0.47139673682601174
    outer loop
      vertex 33.06725532456239 -14.929395547354279 0.4422897161773749
      vertex 32.915400607078084 -14.428797631865393 0.4422897161773749
      vertex 32.976621035058415 -14.947423828445288 0.6143440196319667
    endloop
  endfacet
  facet normal 0.8439460307949005 0.25600822958520386 0.47139673682598016
    outer loop
      vertex 32.915400607078084 -14.428797631865393 0.4422897161773749
      vertex 32.83002497319623 -14.46416137731546 0.6143440196319667
      vertex 32.976621035058415 -14.947423828445288 0.6143440196319667
    endloop
  endfacet
  facet normal 0.7777851165098099 0.4157348061512727 0.47139673682598293
    outer loop
      vertex 32.915400607078084 -14.428797631865393 0.4422897161773749
      vertex 32.66880192687636 -13.967443950687034 0.4422897161773749
      vertex 32.83002497319623 -14.46416137731546 0.6143440196319667
    endloop
  endfacet
  facet normal 0.7777851165098099 0.41573480615127273 0.471396736825983
    outer loop
      vertex 32.83002497319623 -14.46416137731546 0.6143440196319667
      vertex 32.66880192687636 -13.967443950687034 0.4422897161773749
      vertex 32.591965886347495 -14.018784151590728 0.6143440196319667
    endloop
  endfacet
  facet normal 0.9523324064572679 0.09379655517447948 0.29028467725443224
    outer loop
      vertex 32.976621035058415 -14.947423828445288 0.6143440196319667
      vertex 32.920808715155665 -14.958525589126095 0.8010338178801852
      vertex 32.96921471959677 -15.45 0.8010338178801852
    endloop
  endfacet
  facet normal 0.9157348061512838 0.2777851165097945 0.290284677254433
    outer loop
      vertex 32.83002497319623 -14.46416137731546 0.6143440196319667
      vertex 32.920808715155665 -14.958525589126095 0.8010338178801852
      vertex 32.976621035058415 -14.947423828445288 0.6143440196319667
    endloop
  endfacet
  facet normal 0.9157348061512726 0.2777851165098029 0.2902846772544609
    outer loop
      vertex 32.83002497319623 -14.46416137731546 0.6143440196319667
      vertex 32.77745091743662 -14.485938264240051 0.8010338178801852
      vertex 32.920808715155665 -14.958525589126095 0.8010338178801852
    endloop
  endfacet
  facet normal 0.9523324064572554 0.2888868771906099 0.09801714032958898
    outer loop
      vertex 32.77745091743662 -14.485938264240051 0.8010338178801852
      vertex 32.90196320100807 -14.96227419495968 0.9951847266721967
      vertex 32.920808715155665 -14.958525589126095 0.8010338178801852
    endloop
  endfacet
  facet normal 0.8439460307948914 0.4510985516013343 0.29028467725446117
    outer loop
      vertex 32.83002497319623 -14.46416137731546 0.6143440196319667
      vertex 32.591965886347495 -14.018784151590728 0.6143440196319667
      vertex 32.77745091743662 -14.485938264240051 0.8010338178801852
    endloop
  endfacet
  facet normal 0.8439460307948795 0.4510985516013398 0.2902846772544869
    outer loop
      vertex 32.77745091743662 -14.485938264240051 0.8010338178801852
      vertex 32.591965886347495 -14.018784151590728 0.6143440196319667
      vertex 32.54465048620999 -14.05039929120721 0.8010338178801852
    endloop
  endfacet
  facet normal 0.8776745724069117 0.469126832692351 0.09801714032957501
    outer loop
      vertex 32.77745091743662 -14.485938264240051 0.8010338178801852
      vertex 32.54465048620999 -14.05039929120721 0.8010338178801852
      vertex 32.759698831278214 -14.493291419087274 0.9951847266721967
    endloop
  endfacet
  facet normal 0.6817343563841634 0.5594849272637145 0.4713967368259849
    outer loop
      vertex 32.66880192687636 -13.967443950687034 0.4422897161773749
      vertex 32.336935932943234 -13.563064067056763 0.4422897161773749
      vertex 32.591965886347495 -14.018784151590728 0.6143440196319667
    endloop
  endfacet
  facet normal -0.9523324064572579 0.28888687719061323 0.0980171403295545
    outer loop
      vertex 27.979191284844337 -14.958525589126095 0.8010338178801852
      vertex 27.998036798991922 -14.96227419495968 0.9951847266721967
      vertex 28.140301168721784 -14.493291419087274 0.9951847266721967
    endloop
  endfacet
  facet normal -0.8776745724069178 0.4691268326923428 0.09801714032955919
    outer loop
      vertex 28.122549082563385 -14.485938264240051 0.8010338178801852
      vertex 28.140301168721784 -14.493291419087274 0.9951847266721967
      vertex 28.371325969243635 -14.061074417450994 0.9951847266721967
    endloop
  endfacet
  facet normal -0.7692881967445467 0.6313385071030758 0.09801714032955179
    outer loop
      vertex 28.35534951379001 -14.05039929120721 0.8010338178801852
      vertex 28.371325969243635 -14.061074417450994 0.9951847266721967
      vertex 28.68223304703363 -13.68223304703363 0.9951847266721967
    endloop
  endfacet
  facet normal -0.6313385071030766 0.769288196744544 0.09801714032956789
    outer loop
      vertex 28.668646188508156 -13.668646188508156 0.8010338178801852
      vertex 28.68223304703363 -13.68223304703363 0.9951847266721967
      vertex 29.061074417450993 -13.371325969243635 0.9951847266721967
    endloop
  endfacet
  facet normal -0.4691268326923443 0.8776745724069176 0.09801714032955328
    outer loop
      vertex 29.05039929120721 -13.355349513790008 0.8010338178801852
      vertex 29.061074417450993 -13.371325969243635 0.9951847266721967
      vertex 29.493291419087274 -13.140301168721782 0.9951847266721967
    endloop
  endfacet
  facet normal -0.2888868771906098 0.9523324064572585 0.09801714032956053
    outer loop
      vertex 29.48593826424005 -13.122549082563383 0.8010338178801852
      vertex 29.493291419087274 -13.140301168721782 0.9951847266721967
      vertex 29.96227419495968 -12.998036798991922 0.9951847266721967
    endloop
  endfacet
  facet normal -0.09754516100806264 0.9903926402016159 0.09801714032955447
    outer loop
      vertex 29.958525589126094 -12.979191284844337 0.8010338178801852
      vertex 29.96227419495968 -12.998036798991922 0.9951847266721967
      vertex 30.45 -12.95 0.9951847266721967
    endloop
  endfacet
  facet normal 0.09754516100806258 0.9903926402016153 0.09801714032956073
    outer loop
      vertex 30.45 -12.93078528040323 0.8010338178801852
      vertex 30.45 -12.95 0.9951847266721967
      vertex 30.93772580504032 -12.998036798991922 0.9951847266721967
    endloop
  endfacet
  facet normal 0.28888687719060985 0.9523324064572587 0.09801714032955713
    outer loop
      vertex 30.941474410873905 -12.979191284844337 0.8010338178801852
      vertex 30.93772580504032 -12.998036798991922 0.9951847266721967
      vertex 31.406708580912724 -13.140301168721782 0.9951847266721967
    endloop
  endfacet
  facet normal 0.7692881967445501 0.6313385071030714 0.09801714032955389
    outer loop
      vertex 32.23135381149184 -13.668646188508156 0.8010338178801852
      vertex 32.21776695296637 -13.68223304703363 0.9951847266721967
      vertex 32.52867403075636 -14.061074417450994 0.9951847266721967
    endloop
  endfacet
  facet normal 0.631338507103074 0.7692881967445482 0.09801714032955305
    outer loop
      vertex 31.84960070879279 -13.355349513790008 0.8010338178801852
      vertex 31.838925582549006 -13.371325969243635 0.9951847266721967
      vertex 32.21776695296637 -13.68223304703363 0.9951847266721967
    endloop
  endfacet
  facet normal 0.4691268326923441 0.8776745724069172 0.09801714032955919
    outer loop
      vertex 31.414061735759947 -13.122549082563383 0.8010338178801852
      vertex 31.406708580912724 -13.140301168721782 0.9951847266721967
      vertex 31.838925582549006 -13.371325969243635 0.9951847266721967
    endloop
  endfacet
  facet normal 0.9903926402016111 0.0975451610080766 0.09801714032958964
    outer loop
      vertex 32.920808715155665 -14.958525589126095 0.8010338178801852
      vertex 32.90196320100807 -14.96227419495968 0.9951847266721967
      vertex 32.95 -15.45 0.9951847266721967
    endloop
  endfacet
  facet normal 0.9523324064572578 0.28888687719060596 0.09801714032957776
    outer loop
      vertex 32.77745091743662 -14.485938264240051 0.8010338178801852
      vertex 32.759698831278214 -14.493291419087274 0.9951847266721967
      vertex 32.90196320100807 -14.96227419495968 0.9951847266721967
    endloop
  endfacet
  facet normal 0.8776745724069187 0.4691268326923433 0.09801714032954957
    outer loop
      vertex 32.759698831278214 -14.493291419087274 0.9951847266721967
      vertex 32.54465048620999 -14.05039929120721 0.8010338178801852
      vertex 32.52867403075636 -14.061074417450994 0.9951847266721967
    endloop
  endfacet
  facet normal -0.29028467725446644 -0.9569403357322076 0
    outer loop
      vertex 29.493291419087274 -17.759698831278214 0.9951847266721967
      vertex 29.96227419495968 -17.901963201008076 0.9951847266721967
      vertex 29.493291419087274 -17.759698831278214 5
    endloop
  endfacet
  facet normal -0.09801714032955905 -0.995184726672197 0
    outer loop
      vertex 29.96227419495968 -17.901963201008076 0.9951847266721967
      vertex 30.45 -17.95 0.9951847266721967
      vertex 29.96227419495968 -17.901963201008076 5
    endloop
  endfacet
  facet normal 0.09801714032955905 -0.995184726672197 0
    outer loop
      vertex 30.45 -17.95 0.9951847266721967
      vertex 30.93772580504032 -17.901963201008076 0.9951847266721967
      vertex 30.45 -17.95 5
    endloop
  endfacet
  facet normal 0.29028467725446644 -0.9569403357322076 0
    outer loop
      vertex 30.93772580504032 -17.901963201008076 0.9951847266721967
      vertex 31.406708580912724 -17.759698831278214 0.9951847266721967
      vertex 30.93772580504032 -17.901963201008076 5
    endloop
  endfacet
  facet normal -0.6343932841636477 -0.7730104533627352 3.4263488539820117e-18
    outer loop
      vertex 29.061074417450993 -17.528674030756363 0.9951847266721967
      vertex 28.68223304703363 -17.217766952966368 5
      vertex 28.68223304703363 -17.217766952966368 0.9951847266721967
    endloop
  endfacet
  facet normal -0.8819212643483576 -0.47139673682599287 2.1820857225960318e-19
    outer loop
      vertex 28.371325969243635 -16.838925582549006 0.9951847266721967
      vertex 28.140301168721784 -16.406708580912724 5
      vertex 28.140301168721784 -16.406708580912724 0.9951847266721967
    endloop
  endfacet
  facet normal -0.7730104533627352 -0.6343932841636477 0
    outer loop
      vertex 28.371325969243635 -16.838925582549006 0.9951847266721967
      vertex 28.68223304703363 -17.217766952966368 0.9951847266721967
      vertex 28.371325969243635 -16.838925582549006 5
    endloop
  endfacet
  facet normal -0.47139673682599287 -0.8819212643483576 0
    outer loop
      vertex 29.061074417450993 -17.528674030756363 0.9951847266721967
      vertex 29.493291419087274 -17.759698831278214 0.9951847266721967
      vertex 29.061074417450993 -17.528674030756363 5
    endloop
  endfacet
  facet normal -0.9569403357322076 -0.29028467725446644 1.4997879252570566e-18
    outer loop
      vertex 28.140301168721784 -16.406708580912724 0.9951847266721967
      vertex 27.998036798991922 -15.93772580504032 5
      vertex 27.998036798991922 -15.93772580504032 0.9951847266721967
    endloop
  endfacet
  facet normal -0.995184726672197 -0.09801714032955905 -4.6643517550284134e-20
    outer loop
      vertex 27.998036798991922 -15.93772580504032 0.9951847266721967
      vertex 27.95 -15.45 5
      vertex 27.95 -15.45 0.9951847266721967
    endloop
  endfacet
  facet normal 0.47139673682599287 -0.8819212643483576 0
    outer loop
      vertex 31.406708580912724 -17.759698831278214 0.9951847266721967
      vertex 31.838925582549006 -17.528674030756363 0.9951847266721967
      vertex 31.406708580912724 -17.759698831278214 5
    endloop
  endfacet
  facet normal 0.6343932841636442 -0.773010453362738 0
    outer loop
      vertex 31.838925582549006 -17.528674030756363 0.9951847266721967
      vertex 32.21776695296637 -17.217766952966368 0.9951847266721967
      vertex 31.838925582549006 -17.528674030756363 5
    endloop
  endfacet
  facet normal 0.7730104533627387 -0.6343932841636434 0
    outer loop
      vertex 32.21776695296637 -17.217766952966368 0.9951847266721967
      vertex 32.52867403075636 -16.838925582549006 0.9951847266721967
      vertex 32.21776695296637 -17.217766952966368 5
    endloop
  endfacet
  facet normal 0.8819212643483576 -0.47139673682599287 0
    outer loop
      vertex 32.52867403075636 -16.838925582549006 0.9951847266721967
      vertex 32.759698831278214 -16.406708580912724 0.9951847266721967
      vertex 32.52867403075636 -16.838925582549006 5
    endloop
  endfacet
  facet normal 0.9569403357322096 -0.2902846772544598 0
    outer loop
      vertex 32.759698831278214 -16.406708580912724 0.9951847266721967
      vertex 32.90196320100807 -15.93772580504032 0.9951847266721967
      vertex 32.759698831278214 -16.406708580912724 5
    endloop
  endfacet
  facet normal 0.9951847266721956 -0.0980171403295734 0
    outer loop
      vertex 32.90196320100807 -15.93772580504032 0.9951847266721967
      vertex 32.95 -15.45 0.9951847266721967
      vertex 32.90196320100807 -15.93772580504032 5
    endloop
  endfacet
  facet normal 0.9951847266721956 0.0980171403295734 0
    outer loop
      vertex 32.95 -15.45 0.9951847266721967
      vertex 32.90196320100807 -14.96227419495968 0.9951847266721967
      vertex 32.95 -15.45 5
    endloop
  endfacet
  facet normal -0.995184726672197 0.09801714032955905 4.6643517550284134e-20
    outer loop
      vertex 27.95 -15.45 0.9951847266721967
      vertex 27.998036798991922 -14.96227419495968 5
      vertex 27.998036798991922 -14.96227419495968 0.9951847266721967
    endloop
  endfacet
  facet normal -0.9569403357322076 0.29028467725446644 -1.4997879252570566e-18
    outer loop
      vertex 27.998036798991922 -14.96227419495968 0.9951847266721967
      vertex 28.140301168721784 -14.493291419087274 5
      vertex 28.140301168721784 -14.493291419087274 0.9951847266721967
    endloop
  endfacet
  facet normal -0.8819212643483568 0.47139673682599437 2.8139112422523263e-18
    outer loop
      vertex 28.140301168721784 -14.493291419087274 0.9951847266721967
      vertex 28.371325969243635 -14.061074417450994 5
      vertex 28.371325969243635 -14.061074417450994 0.9951847266721967
    endloop
  endfacet
  facet normal -0.7730104533627365 0.6343932841636459 2.2027204530679625e-18
    outer loop
      vertex 28.371325969243635 -14.061074417450994 0.9951847266721967
      vertex 28.68223304703363 -13.68223304703363 5
      vertex 28.68223304703363 -13.68223304703363 0.9951847266721967
    endloop
  endfacet
  facet normal -0.6343932841636477 0.7730104533627352 -3.4263488539820117e-18
    outer loop
      vertex 28.68223304703363 -13.68223304703363 0.9951847266721967
      vertex 29.061074417450993 -13.371325969243635 5
      vertex 29.061074417450993 -13.371325969243635 0.9951847266721967
    endloop
  endfacet
  facet normal -0.4713967368259957 0.8819212643483562 2.071133325808037e-18
    outer loop
      vertex 29.061074417450993 -13.371325969243635 0.9951847266721967
      vertex 29.493291419087274 -13.140301168721782 5
      vertex 29.493291419087274 -13.140301168721782 0.9951847266721967
    endloop
  endfacet
  facet normal -0.2902846772544631 0.9569403357322086 -1.7104632416562736e-18
    outer loop
      vertex 29.493291419087274 -13.140301168721782 0.9951847266721967
      vertex 29.96227419495968 -12.998036798991922 5
      vertex 29.96227419495968 -12.998036798991922 0.9951847266721967
    endloop
  endfacet
  facet normal 0.7730104533627401 0.6343932841636416 -2.3201598290522068e-18
    outer loop
      vertex 32.21776695296637 -13.68223304703363 0.9951847266721967
      vertex 32.52867403075636 -14.061074417450994 5
      vertex 32.52867403075636 -14.061074417450994 0.9951847266721967
    endloop
  endfacet
  facet normal -0.09801714032955905 0.995184726672197 4.6643517550284134e-20
    outer loop
      vertex 29.96227419495968 -12.998036798991922 0.9951847266721967
      vertex 30.45 -12.95 5
      vertex 30.45 -12.95 0.9951847266721967
    endloop
  endfacet
  facet normal 0.09801714032955905 0.995184726672197 -4.6643517550284134e-20
    outer loop
      vertex 30.45 -12.95 0.9951847266721967
      vertex 30.93772580504032 -12.998036798991922 5
      vertex 30.93772580504032 -12.998036798991922 0.9951847266721967
    endloop
  endfacet
  facet normal 0.2902846772544631 0.9569403357322086 0
    outer loop
      vertex 31.406708580912724 -13.140301168721782 0.9951847266721967
      vertex 30.93772580504032 -12.998036798991922 0.9951847266721967
      vertex 31.406708580912724 -13.140301168721782 5
    endloop
  endfacet
  facet normal 0.4713967368259957 0.8819212643483562 -2.071133325808037e-18
    outer loop
      vertex 31.406708580912724 -13.140301168721782 0.9951847266721967
      vertex 31.838925582549006 -13.371325969243635 5
      vertex 31.838925582549006 -13.371325969243635 0.9951847266721967
    endloop
  endfacet
  facet normal 0.6343932841636442 0.773010453362738 0
    outer loop
      vertex 32.21776695296637 -13.68223304703363 0.9951847266721967
      vertex 31.838925582549006 -13.371325969243635 0.9951847266721967
      vertex 32.21776695296637 -13.68223304703363 5
    endloop
  endfacet
  facet normal 0.9569403357322096 0.2902846772544598 1.9211385580554913e-18
    outer loop
      vertex 32.759698831278214 -14.493291419087274 0.9951847266721967
      vertex 32.90196320100807 -14.96227419495968 5
      vertex 32.90196320100807 -14.96227419495968 0.9951847266721967
    endloop
  endfacet
  facet normal 0.8819212643483568 0.47139673682599437 0
    outer loop
      vertex 32.759698831278214 -14.493291419087274 0.9951847266721967
      vertex 32.52867403075636 -14.061074417450994 0.9951847266721967
      vertex 32.759698831278214 -14.493291419087274 5
    endloop
  endfacet
  facet normal -0.29028467725446644 -0.9569403357322076 0
    outer loop
      vertex 29.96227419495968 -17.901963201008076 0.9951847266721967
      vertex 29.96227419495968 -17.901963201008076 5
      vertex 29.493291419087274 -17.759698831278214 5
    endloop
  endfacet
  facet normal -0.09801714032955905 -0.995184726672197 0
    outer loop
      vertex 30.45 -17.95 0.9951847266721967
      vertex 30.45 -17.95 5
      vertex 29.96227419495968 -17.901963201008076 5
    endloop
  endfacet
  facet normal 0.09801714032955905 -0.995184726672197 0
    outer loop
      vertex 30.93772580504032 -17.901963201008076 0.9951847266721967
      vertex 30.93772580504032 -17.901963201008076 5
      vertex 30.45 -17.95 5
    endloop
  endfacet
  facet normal 0.29028467725446644 -0.9569403357322076 0
    outer loop
      vertex 31.406708580912724 -17.759698831278214 0.9951847266721967
      vertex 31.406708580912724 -17.759698831278214 5
      vertex 30.93772580504032 -17.901963201008076 5
    endloop
  endfacet
  facet normal -0.6343932841636477 -0.7730104533627352 0
    outer loop
      vertex 29.061074417450993 -17.528674030756363 0.9951847266721967
      vertex 29.061074417450993 -17.528674030756363 5
      vertex 28.68223304703363 -17.217766952966368 5
    endloop
  endfacet
  facet normal -0.7730104533627352 -0.6343932841636477 0
    outer loop
      vertex 28.68223304703363 -17.217766952966368 0.9951847266721967
      vertex 28.68223304703363 -17.217766952966368 5
      vertex 28.371325969243635 -16.838925582549006 5
    endloop
  endfacet
  facet normal -0.8819212643483576 -0.47139673682599287 0
    outer loop
      vertex 28.371325969243635 -16.838925582549006 0.9951847266721967
      vertex 28.371325969243635 -16.838925582549006 5
      vertex 28.140301168721784 -16.406708580912724 5
    endloop
  endfacet
  facet normal -0.47139673682599287 -0.8819212643483576 0
    outer loop
      vertex 29.493291419087274 -17.759698831278214 0.9951847266721967
      vertex 29.493291419087274 -17.759698831278214 5
      vertex 29.061074417450993 -17.528674030756363 5
    endloop
  endfacet
  facet normal -0.9569403357322076 -0.29028467725446644 0
    outer loop
      vertex 28.140301168721784 -16.406708580912724 0.9951847266721967
      vertex 28.140301168721784 -16.406708580912724 5
      vertex 27.998036798991922 -15.93772580504032 5
    endloop
  endfacet
  facet normal -0.995184726672197 -0.09801714032955905 0
    outer loop
      vertex 27.998036798991922 -15.93772580504032 0.9951847266721967
      vertex 27.998036798991922 -15.93772580504032 5
      vertex 27.95 -15.45 5
    endloop
  endfacet
  facet normal -0.995184726672197 0.09801714032955905 0
    outer loop
      vertex 27.95 -15.45 0.9951847266721967
      vertex 27.95 -15.45 5
      vertex 27.998036798991922 -14.96227419495968 5
    endloop
  endfacet
  facet normal 0.47139673682599287 -0.8819212643483576 0
    outer loop
      vertex 31.838925582549006 -17.528674030756363 0.9951847266721967
      vertex 31.838925582549006 -17.528674030756363 5
      vertex 31.406708580912724 -17.759698831278214 5
    endloop
  endfacet
  facet normal 0.6343932841636442 -0.773010453362738 0
    outer loop
      vertex 32.21776695296637 -17.217766952966368 0.9951847266721967
      vertex 32.21776695296637 -17.217766952966368 5
      vertex 31.838925582549006 -17.528674030756363 5
    endloop
  endfacet
  facet normal 0.7730104533627387 -0.6343932841636434 0
    outer loop
      vertex 32.52867403075636 -16.838925582549006 0.9951847266721967
      vertex 32.52867403075636 -16.838925582549006 5
      vertex 32.21776695296637 -17.217766952966368 5
    endloop
  endfacet
  facet normal 0.8819212643483576 -0.47139673682599287 0
    outer loop
      vertex 32.759698831278214 -16.406708580912724 0.9951847266721967
      vertex 32.759698831278214 -16.406708580912724 5
      vertex 32.52867403075636 -16.838925582549006 5
    endloop
  endfacet
  facet normal 0.9569403357322096 -0.2902846772544598 0
    outer loop
      vertex 32.90196320100807 -15.93772580504032 0.9951847266721967
      vertex 32.90196320100807 -15.93772580504032 5
      vertex 32.759698831278214 -16.406708580912724 5
    endloop
  endfacet
  facet normal 0.9951847266721956 -0.0980171403295734 0
    outer loop
      vertex 32.95 -15.45 0.9951847266721967
      vertex 32.95 -15.45 5
      vertex 32.90196320100807 -15.93772580504032 5
    endloop
  endfacet
  facet normal 0 0 1
    outer loop
      vertex 28.371325969243635 -16.838925582549006 5
      vertex 28.68223304703363 -17.217766952966368 5
      vertex 29.20279558154618 -16.2833553495294 5
    endloop
  endfacet
  facet normal 0 0 1
    outer loop
      vertex 29.061074417450993 -17.528674030756363 5
      vertex 29.493291419087274 -17.759698831278214 5
      vertex 29.616644650470597 -16.69720441845382 5
    endloop
  endfacet
  facet normal 0 0 1
    outer loop
      vertex 29.493291419087274 -17.759698831278214 5
      vertex 29.96227419495968 -17.901963201008076 5
      vertex 29.875974851452366 -16.83581929876693 5
    endloop
  endfacet
  facet normal 0 0 1
    outer loop
      vertex 29.493291419087274 -17.759698831278214 5
      vertex 29.875974851452366 -16.83581929876693 5
      vertex 29.616644650470597 -16.69720441845382 5
    endloop
  endfacet
  facet normal 0 0 1
    outer loop
      vertex 29.96227419495968 -17.901963201008076 5
      vertex 30.157364516975807 -16.921177920604844 5
      vertex 29.875974851452366 -16.83581929876693 5
    endloop
  endfacet
  facet normal 0 0 1
    outer loop
      vertex 29.061074417450993 -17.528674030756363 5
      vertex 29.389339828220177 -16.510660171779822 5
      vertex 28.68223304703363 -17.217766952966368 5
    endloop
  endfacet
  facet normal 0 0 1
    outer loop
      vertex 29.061074417450993 -17.528674030756363 5
      vertex 29.616644650470597 -16.69720441845382 5
      vertex 29.389339828220177 -16.510660171779822 5
    endloop
  endfacet
  facet normal 0 0 1
    outer loop
      vertex 28.68223304703363 -17.217766952966368 5
      vertex 29.389339828220177 -16.510660171779822 5
      vertex 29.20279558154618 -16.2833553495294 5
    endloop
  endfacet
  facet normal 0 0 1
    outer loop
      vertex 28.140301168721784 -16.406708580912724 5
      vertex 28.978822079395155 -15.742635483024191 5
      vertex 27.998036798991922 -15.93772580504032 5
    endloop
  endfacet
  facet normal 0 0 1
    outer loop
      vertex 28.371325969243635 -16.838925582549006 5
      vertex 29.06418070123307 -16.024025148547633 5
      vertex 28.140301168721784 -16.406708580912724 5
    endloop
  endfacet
  facet normal 0 0 1
    outer loop
      vertex 28.371325969243635 -16.838925582549006 5
      vertex 29.20279558154618 -16.2833553495294 5
      vertex 29.06418070123307 -16.024025148547633 5
    endloop
  endfacet
  facet normal 0 0 1
    outer loop
      vertex 28.140301168721784 -16.406708580912724 5
      vertex 29.06418070123307 -16.024025148547633 5
      vertex 28.978822079395155 -15.742635483024191 5
    endloop
  endfacet
  facet normal 0 0 1
    outer loop
      vertex 27.998036798991922 -15.93772580504032 5
      vertex 28.95 -15.45 5
      vertex 27.95 -15.45 5
    endloop
  endfacet
  facet normal 0 0 1
    outer loop
      vertex 27.95 -15.45 5
      vertex 28.978822079395155 -15.157364516975807 5
      vertex 27.998036798991922 -14.96227419495968 5
    endloop
  endfacet
  facet normal 0 0 1
    outer loop
      vertex 27.998036798991922 -15.93772580504032 5
      vertex 28.978822079395155 -15.742635483024191 5
      vertex 28.95 -15.45 5
    endloop
  endfacet
  facet normal 0 0 1
    outer loop
      vertex 27.95 -15.45 5
      vertex 28.95 -15.45 5
      vertex 28.978822079395155 -15.157364516975807 5
    endloop
  endfacet
  facet normal 0 0 1
    outer loop
      vertex 29.96227419495968 -17.901963201008076 5
      vertex 30.45 -17.95 5
      vertex 30.157364516975807 -16.921177920604844 5
    endloop
  endfacet
  facet normal 0 0 1
    outer loop
      vertex 30.45 -17.95 5
      vertex 30.93772580504032 -17.901963201008076 5
      vertex 30.45 -16.95 5
    endloop
  endfacet
  facet normal 0 0 1
    outer loop
      vertex 30.45 -17.95 5
      vertex 30.45 -16.95 5
      vertex 30.157364516975807 -16.921177920604844 5
    endloop
  endfacet
  facet normal 0 0 1
    outer loop
      vertex 30.93772580504032 -17.901963201008076 5
      vertex 30.74263548302419 -16.921177920604844 5
      vertex 30.45 -16.95 5
    endloop
  endfacet
  facet normal 0 0 1
    outer loop
      vertex 30.93772580504032 -17.901963201008076 5
      vertex 31.406708580912724 -17.759698831278214 5
      vertex 30.74263548302419 -16.921177920604844 5
    endloop
  endfacet
  facet normal 0 0 1
    outer loop
      vertex 30.74263548302419 -16.921177920604844 5
      vertex 31.406708580912724 -17.759698831278214 5
      vertex 31.024025148547633 -16.83581929876693 5
    endloop
  endfacet
  facet normal 0 0 1
    outer loop
      vertex 31.406708580912724 -17.759698831278214 5
      vertex 31.838925582549006 -17.528674030756363 5
      vertex 31.024025148547633 -16.83581929876693 5
    endloop
  endfacet
  facet normal 0 0 1
    outer loop
      vertex 31.2833553495294 -16.69720441845382 5
      vertex 31.838925582549006 -17.528674030756363 5
      vertex 32.21776695296637 -17.217766952966368 5
    endloop
  endfacet
  facet normal 0 0 1
    outer loop
      vertex 31.024025148547633 -16.83581929876693 5
      vertex 31.838925582549006 -17.528674030756363 5
      vertex 31.2833553495294 -16.69720441845382 5
    endloop
  endfacet
  facet normal 0 0 1
    outer loop
      vertex 31.2833553495294 -16.69720441845382 5
      vertex 32.21776695296637 -17.217766952966368 5
      vertex 31.510660171779822 -16.510660171779822 5
    endloop
  endfacet
  facet normal 0 0 1
    outer loop
      vertex 32.21776695296637 -17.217766952966368 5
      vertex 32.52867403075636 -16.838925582549006 5
      vertex 31.510660171779822 -16.510660171779822 5
    endloop
  endfacet
  facet normal 0 0 1
    outer loop
      vertex 32.52867403075636 -16.838925582549006 5
      vertex 31.69720441845382 -16.2833553495294 5
      vertex 31.510660171779822 -16.510660171779822 5
    endloop
  endfacet
  facet normal 0 0 1
    outer loop
      vertex 32.52867403075636 -16.838925582549006 5
      vertex 32.759698831278214 -16.406708580912724 5
      vertex 31.69720441845382 -16.2833553495294 5
    endloop
  endfacet
  facet normal 0 0 1
    outer loop
      vertex 31.69720441845382 -16.2833553495294 5
      vertex 32.759698831278214 -16.406708580912724 5
      vertex 31.83581929876693 -16.024025148547633 5
    endloop
  endfacet
  facet normal 0 0 1
    outer loop
      vertex 31.83581929876693 -16.024025148547633 5
      vertex 32.90196320100807 -15.93772580504032 5
      vertex 31.921177920604844 -15.742635483024191 5
    endloop
  endfacet
  facet normal 0 0 1
    outer loop
      vertex 31.921177920604844 -15.742635483024191 5
      vertex 32.95 -15.45 5
      vertex 31.95 -15.45 5
    endloop
  endfacet
  facet normal 0 0 1
    outer loop
      vertex 31.95 -15.45 5
      vertex 32.90196320100807 -14.96227419495968 5
      vertex 31.921177920604844 -15.157364516975807 5
    endloop
  endfacet
  facet normal 0 0 1
    outer loop
      vertex 31.83581929876693 -16.024025148547633 5
      vertex 32.759698831278214 -16.406708580912724 5
      vertex 32.90196320100807 -15.93772580504032 5
    endloop
  endfacet
  facet normal 0 0 1
    outer loop
      vertex 31.921177920604844 -15.742635483024191 5
      vertex 32.90196320100807 -15.93772580504032 5
      vertex 32.95 -15.45 5
    endloop
  endfacet
  facet normal 0 0 1
    outer loop
      vertex 31.95 -15.45 5
      vertex 32.95 -15.45 5
      vertex 32.90196320100807 -14.96227419495968 5
    endloop
  endfacet
  facet normal -0.9569403357322076 0.29028467725446644 0
    outer loop
      vertex 27.998036798991922 -14.96227419495968 0.9951847266721967
      vertex 27.998036798991922 -14.96227419495968 5
      vertex 28.140301168721784 -14.493291419087274 5
    endloop
  endfacet
  facet normal -0.8819212643483568 0.47139673682599437 0
    outer loop
      vertex 28.140301168721784 -14.493291419087274 0.9951847266721967
      vertex 28.140301168721784 -14.493291419087274 5
      vertex 28.371325969243635 -14.061074417450994 5
    endloop
  endfacet
  facet normal -0.7730104533627365 0.6343932841636459 0
    outer loop
      vertex 28.371325969243635 -14.061074417450994 0.9951847266721967
      vertex 28.371325969243635 -14.061074417450994 5
      vertex 28.68223304703363 -13.68223304703363 5
    endloop
  endfacet
  facet normal -0.6343932841636477 0.7730104533627352 0
    outer loop
      vertex 28.68223304703363 -13.68223304703363 0.9951847266721967
      vertex 28.68223304703363 -13.68223304703363 5
      vertex 29.061074417450993 -13.371325969243635 5
    endloop
  endfacet
  facet normal -0.4713967368259957 0.8819212643483562 0
    outer loop
      vertex 29.061074417450993 -13.371325969243635 0.9951847266721967
      vertex 29.061074417450993 -13.371325969243635 5
      vertex 29.493291419087274 -13.140301168721782 5
    endloop
  endfacet
  facet normal -0.2902846772544631 0.9569403357322086 0
    outer loop
      vertex 29.493291419087274 -13.140301168721782 0.9951847266721967
      vertex 29.493291419087274 -13.140301168721782 5
      vertex 29.96227419495968 -12.998036798991922 5
    endloop
  endfacet
  facet normal -0.09801714032955905 0.995184726672197 0
    outer loop
      vertex 29.96227419495968 -12.998036798991922 0.9951847266721967
      vertex 29.96227419495968 -12.998036798991922 5
      vertex 30.45 -12.95 5
    endloop
  endfacet
  facet normal 0.09801714032955905 0.995184726672197 0
    outer loop
      vertex 30.45 -12.95 0.9951847266721967
      vertex 30.45 -12.95 5
      vertex 30.93772580504032 -12.998036798991922 5
    endloop
  endfacet
  facet normal 0.2902846772544631 0.9569403357322086 0
    outer loop
      vertex 30.93772580504032 -12.998036798991922 0.9951847266721967
      vertex 30.93772580504032 -12.998036798991922 5
      vertex 31.406708580912724 -13.140301168721782 5
    endloop
  endfacet
  facet normal 0.7730104533627401 0.6343932841636416 0
    outer loop
      vertex 32.21776695296637 -13.68223304703363 0.9951847266721967
      vertex 32.21776695296637 -13.68223304703363 5
      vertex 32.52867403075636 -14.061074417450994 5
    endloop
  endfacet
  facet normal 0.6343932841636442 0.773010453362738 0
    outer loop
      vertex 31.838925582549006 -13.371325969243635 0.9951847266721967
      vertex 31.838925582549006 -13.371325969243635 5
      vertex 32.21776695296637 -13.68223304703363 5
    endloop
  endfacet
  facet normal 0.4713967368259957 0.8819212643483562 0
    outer loop
      vertex 31.406708580912724 -13.140301168721782 0.9951847266721967
      vertex 31.406708580912724 -13.140301168721782 5
      vertex 31.838925582549006 -13.371325969243635 5
    endloop
  endfacet
  facet normal 0.9951847266721956 0.0980171403295734 0
    outer loop
      vertex 32.90196320100807 -14.96227419495968 0.9951847266721967
      vertex 32.90196320100807 -14.96227419495968 5
      vertex 32.95 -15.45 5
    endloop
  endfacet
  facet normal 0.9569403357322096 0.2902846772544598 0
    outer loop
      vertex 32.759698831278214 -14.493291419087274 0.9951847266721967
      vertex 32.759698831278214 -14.493291419087274 5
      vertex 32.90196320100807 -14.96227419495968 5
    endloop
  endfacet
  facet normal 0.8819212643483568 0.47139673682599437 0
    outer loop
      vertex 32.52867403075636 -14.061074417450994 0.9951847266721967
      vertex 32.52867403075636 -14.061074417450994 5
      vertex 32.759698831278214 -14.493291419087274 5
    endloop
  endfacet
  facet normal 0 0 1
    outer loop
      vertex 27.998036798991922 -14.96227419495968 5
      vertex 29.06418070123307 -14.875974851452364 5
      vertex 28.140301168721784 -14.493291419087274 5
    endloop
  endfacet
  facet normal 0 0 1
    outer loop
      vertex 27.998036798991922 -14.96227419495968 5
      vertex 28.978822079395155 -15.157364516975807 5
      vertex 29.06418070123307 -14.875974851452364 5
    endloop
  endfacet
  facet normal 0 0 1
    outer loop
      vertex 28.140301168721784 -14.493291419087274 5
      vertex 29.06418070123307 -14.875974851452364 5
      vertex 29.20279558154618 -14.616644650470596 5
    endloop
  endfacet
  facet normal 0 0 1
    outer loop
      vertex 28.140301168721784 -14.493291419087274 5
      vertex 29.20279558154618 -14.616644650470596 5
      vertex 28.371325969243635 -14.061074417450994 5
    endloop
  endfacet
  facet normal 0 0 1
    outer loop
      vertex 29.20279558154618 -14.616644650470596 5
      vertex 29.389339828220177 -14.389339828220178 5
      vertex 28.371325969243635 -14.061074417450994 5
    endloop
  endfacet
  facet normal 0 0 1
    outer loop
      vertex 29.389339828220177 -14.389339828220178 5
      vertex 28.68223304703363 -13.68223304703363 5
      vertex 28.371325969243635 -14.061074417450994 5
    endloop
  endfacet
  facet normal 0 0 1
    outer loop
      vertex 29.389339828220177 -14.389339828220178 5
      vertex 29.616644650470597 -14.202795581546182 5
      vertex 28.68223304703363 -13.68223304703363 5
    endloop
  endfacet
  facet normal 0 0 1
    outer loop
      vertex 28.68223304703363 -13.68223304703363 5
      vertex 29.616644650470597 -14.202795581546182 5
      vertex 29.061074417450993 -13.371325969243635 5
    endloop
  endfacet
  facet normal 0 0 1
    outer loop
      vertex 29.616644650470597 -14.202795581546182 5
      vertex 29.875974851452366 -14.06418070123307 5
      vertex 29.061074417450993 -13.371325969243635 5
    endloop
  endfacet
  facet normal 0 0 1
    outer loop
      vertex 29.061074417450993 -13.371325969243635 5
      vertex 29.875974851452366 -14.06418070123307 5
      vertex 29.493291419087274 -13.140301168721782 5
    endloop
  endfacet
  facet normal 0 0 1
    outer loop
      vertex 29.493291419087274 -13.140301168721782 5
      vertex 29.875974851452366 -14.06418070123307 5
      vertex 30.157364516975807 -13.978822079395155 5
    endloop
  endfacet
  facet normal 0 0 1
    outer loop
      vertex 29.493291419087274 -13.140301168721782 5
      vertex 30.157364516975807 -13.978822079395155 5
      vertex 29.96227419495968 -12.998036798991922 5
    endloop
  endfacet
  facet normal 0 0 1
    outer loop
      vertex 31.921177920604844 -15.157364516975807 5
      vertex 32.759698831278214 -14.493291419087274 5
      vertex 31.83581929876693 -14.875974851452364 5
    endloop
  endfacet
  facet normal 0 0 1
    outer loop
      vertex 31.510660171779822 -14.389339828220178 5
      vertex 31.838925582549006 -13.371325969243635 5
      vertex 31.2833553495294 -14.202795581546182 5
    endloop
  endfacet
  facet normal 0 0 1
    outer loop
      vertex 31.69720441845382 -14.616644650470596 5
      vertex 32.21776695296637 -13.68223304703363 5
      vertex 31.510660171779822 -14.389339828220178 5
    endloop
  endfacet
  facet normal 0 0 1
    outer loop
      vertex 31.69720441845382 -14.616644650470596 5
      vertex 31.83581929876693 -14.875974851452364 5
      vertex 32.52867403075636 -14.061074417450994 5
    endloop
  endfacet
  facet normal 0 0 1
    outer loop
      vertex 31.83581929876693 -14.875974851452364 5
      vertex 32.759698831278214 -14.493291419087274 5
      vertex 32.52867403075636 -14.061074417450994 5
    endloop
  endfacet
  facet normal 0 0 1
    outer loop
      vertex 31.69720441845382 -14.616644650470596 5
      vertex 32.52867403075636 -14.061074417450994 5
      vertex 32.21776695296637 -13.68223304703363 5
    endloop
  endfacet
  facet normal 0 0 1
    outer loop
      vertex 30.157364516975807 -13.978822079395155 5
      vertex 30.45 -13.95 5
      vertex 29.96227419495968 -12.998036798991922 5
    endloop
  endfacet
  facet normal 0 0 1
    outer loop
      vertex 30.45 -13.95 5
      vertex 30.74263548302419 -13.978822079395155 5
      vertex 30.45 -12.95 5
    endloop
  endfacet
  facet normal 0 0 1
    outer loop
      vertex 30.45 -13.95 5
      vertex 30.45 -12.95 5
      vertex 29.96227419495968 -12.998036798991922 5
    endloop
  endfacet
  facet normal 0 0 1
    outer loop
      vertex 30.74263548302419 -13.978822079395155 5
      vertex 30.93772580504032 -12.998036798991922 5
      vertex 30.45 -12.95 5
    endloop
  endfacet
  facet normal 0 0 1
    outer loop
      vertex 30.74263548302419 -13.978822079395155 5
      vertex 31.024025148547633 -14.06418070123307 5
      vertex 30.93772580504032 -12.998036798991922 5
    endloop
  endfacet
  facet normal 0 0 1
    outer loop
      vertex 31.024025148547633 -14.06418070123307 5
      vertex 31.2833553495294 -14.202795581546182 5
      vertex 31.406708580912724 -13.140301168721782 5
    endloop
  endfacet
  facet normal 0 0 1
    outer loop
      vertex 31.024025148547633 -14.06418070123307 5
      vertex 31.406708580912724 -13.140301168721782 5
      vertex 30.93772580504032 -12.998036798991922 5
    endloop
  endfacet
  facet normal 0 0 1
    outer loop
      vertex 31.510660171779822 -14.389339828220178 5
      vertex 32.21776695296637 -13.68223304703363 5
      vertex 31.838925582549006 -13.371325969243635 5
    endloop
  endfacet
  facet normal 0 0 1
    outer loop
      vertex 31.2833553495294 -14.202795581546182 5
      vertex 31.838925582549006 -13.371325969243635 5
      vertex 31.406708580912724 -13.140301168721782 5
    endloop
  endfacet
  facet normal 0 0 1
    outer loop
      vertex 31.921177920604844 -15.157364516975807 5
      vertex 32.90196320100807 -14.96227419495968 5
      vertex 32.759698831278214 -14.493291419087274 5
    endloop
  endfacet
  facet normal 0 0 1
    outer loop
      vertex 29.875974851452366 14.06418070123307 0.0009999999999998899
      vertex 30.157364516975807 13.978822079395155 0.0009999999999998899
      vertex 30.45 15.45 0.0009999999999998899
    endloop
  endfacet
  facet normal 0 0 1
    outer loop
      vertex 29.20279558154618 14.616644650470596 0.0009999999999998899
      vertex 30.45 15.45 0.0009999999999998899
      vertex 29.06418070123307 14.875974851452364 0.0009999999999998899
    endloop
  endfacet
  facet normal 0 0 1
    outer loop
      vertex 29.06418070123307 14.875974851452364 0.0009999999999998899
      vertex 30.45 15.45 0.0009999999999998899
      vertex 28.978822079395155 15.157364516975807 0.0009999999999998899
    endloop
  endfacet
  facet normal 0 0 1
    outer loop
      vertex 29.616644650470597 14.202795581546182 0.0009999999999998899
      vertex 30.45 15.45 0.0009999999999998899
      vertex 29.389339828220177 14.389339828220178 0.0009999999999998899
    endloop
  endfacet
  facet normal 0 0 1
    outer loop
      vertex 29.389339828220177 14.389339828220178 0.0009999999999998899
      vertex 30.45 15.45 0.0009999999999998899
      vertex 29.20279558154618 14.616644650470596 0.0009999999999998899
    endloop
  endfacet
  facet normal 0 0 1
    outer loop
      vertex 29.616644650470597 14.202795581546182 0.0009999999999998899
      vertex 29.875974851452366 14.06418070123307 0.0009999999999998899
      vertex 30.45 15.45 0.0009999999999998899
    endloop
  endfacet
  facet normal 0 0 1
    outer loop
      vertex 30.157364516975807 13.978822079395155 0.0009999999999998899
      vertex 30.45 13.95 0.0009999999999998899
      vertex 30.45 15.45 0.0009999999999998899
    endloop
  endfacet
  facet normal 0 0 1
    outer loop
      vertex 30.45 13.95 0.0009999999999998899
      vertex 30.74263548302419 13.978822079395155 0.0009999999999998899
      vertex 30.45 15.45 0.0009999999999998899
    endloop
  endfacet
  facet normal 0 0 1
    outer loop
      vertex 30.74263548302419 13.978822079395155 0.0009999999999998899
      vertex 31.024025148547633 14.06418070123307 0.0009999999999998899
      vertex 30.45 15.45 0.0009999999999998899
    endloop
  endfacet
  facet normal 0 0 1
    outer loop
      vertex 31.024025148547633 14.06418070123307 0.0009999999999998899
      vertex 31.2833553495294 14.202795581546182 0.0009999999999998899
      vertex 30.45 15.45 0.0009999999999998899
    endloop
  endfacet
  facet normal 0 0 1
    outer loop
      vertex 31.2833553495294 14.202795581546182 0.0009999999999998899
      vertex 31.510660171779822 14.389339828220178 0.0009999999999998899
      vertex 30.45 15.45 0.0009999999999998899
    endloop
  endfacet
  facet normal 0 0 1
    outer loop
      vertex 31.510660171779822 14.389339828220178 0.0009999999999998899
      vertex 31.69720441845382 14.616644650470596 0.0009999999999998899
      vertex 30.45 15.45 0.0009999999999998899
    endloop
  endfacet
  facet normal 0 0 1
    outer loop
      vertex 31.69720441845382 14.616644650470596 0.0009999999999998899
      vertex 31.83581929876693 14.875974851452364 0.0009999999999998899
      vertex 30.45 15.45 0.0009999999999998899
    endloop
  endfacet
  facet normal 0 0 1
    outer loop
      vertex 30.45 15.45 0.0009999999999998899
      vertex 31.83581929876693 14.875974851452364 0.0009999999999998899
      vertex 31.921177920604844 15.157364516975807 0.0009999999999998899
    endloop
  endfacet
  facet normal 0 0 1
    outer loop
      vertex 28.978822079395155 15.157364516975807 0.0009999999999998899
      vertex 30.45 15.45 0.0009999999999998899
      vertex 28.95 15.45 0.0009999999999998899
    endloop
  endfacet
  facet normal 0 0 1
    outer loop
      vertex 28.95 15.45 0.0009999999999998899
      vertex 30.45 15.45 0.0009999999999998899
      vertex 28.978822079395155 15.742635483024191 0.0009999999999998899
    endloop
  endfacet
  facet normal 0 0 1
    outer loop
      vertex 28.978822079395155 15.742635483024191 0.0009999999999998899
      vertex 30.45 15.45 0.0009999999999998899
      vertex 29.06418070123307 16.024025148547633 0.0009999999999998899
    endloop
  endfacet
  facet normal 0 0 1
    outer loop
      vertex 29.06418070123307 16.024025148547633 0.0009999999999998899
      vertex 30.45 15.45 0.0009999999999998899
      vertex 29.20279558154618 16.2833553495294 0.0009999999999998899
    endloop
  endfacet
  facet normal 0 0 1
    outer loop
      vertex 29.20279558154618 16.2833553495294 0.0009999999999998899
      vertex 30.45 15.45 0.0009999999999998899
      vertex 29.389339828220177 16.510660171779822 0.0009999999999998899
    endloop
  endfacet
  facet normal 0 0 1
    outer loop
      vertex 29.389339828220177 16.510660171779822 0.0009999999999998899
      vertex 30.45 15.45 0.0009999999999998899
      vertex 29.616644650470597 16.69720441845382 0.0009999999999998899
    endloop
  endfacet
  facet normal 0 0 1
    outer loop
      vertex 29.616644650470597 16.69720441845382 0.0009999999999998899
      vertex 30.45 15.45 0.0009999999999998899
      vertex 29.875974851452366 16.83581929876693 0.0009999999999998899
    endloop
  endfacet
  facet normal 0 0 1
    outer loop
      vertex 30.45 15.45 0.0009999999999998899
      vertex 30.157364516975807 16.921177920604844 0.0009999999999998899
      vertex 29.875974851452366 16.83581929876693 0.0009999999999998899
    endloop
  endfacet
  facet normal 0 0 1
    outer loop
      vertex 30.45 15.45 0.0009999999999998899
      vertex 30.45 16.95 0.0009999999999998899
      vertex 30.157364516975807 16.921177920604844 0.0009999999999998899
    endloop
  endfacet
  facet normal 0 0 1
    outer loop
      vertex 30.45 15.45 0.0009999999999998899
      vertex 30.74263548302419 16.921177920604844 0.0009999999999998899
      vertex 30.45 16.95 0.0009999999999998899
    endloop
  endfacet
  facet normal 0 0 1
    outer loop
      vertex 30.45 15.45 0.0009999999999998899
      vertex 31.024025148547633 16.83581929876693 0.0009999999999998899
      vertex 30.74263548302419 16.921177920604844 0.0009999999999998899
    endloop
  endfacet
  facet normal 0 0 1
    outer loop
      vertex 30.45 15.45 0.0009999999999998899
      vertex 31.69720441845382 16.2833553495294 0.0009999999999998899
      vertex 31.510660171779822 16.510660171779822 0.0009999999999998899
    endloop
  endfacet
  facet normal 0 0 1
    outer loop
      vertex 30.45 15.45 0.0009999999999998899
      vertex 31.2833553495294 16.69720441845382 0.0009999999999998899
      vertex 31.024025148547633 16.83581929876693 0.0009999999999998899
    endloop
  endfacet
  facet normal 0 0 1
    outer loop
      vertex 30.45 15.45 0.0009999999999998899
      vertex 31.510660171779822 16.510660171779822 0.0009999999999998899
      vertex 31.2833553495294 16.69720441845382 0.0009999999999998899
    endloop
  endfacet
  facet normal 0 0 1
    outer loop
      vertex 30.45 15.45 0.0009999999999998899
      vertex 31.921177920604844 15.157364516975807 0.0009999999999998899
      vertex 31.95 15.45 0.0009999999999998899
    endloop
  endfacet
  facet normal 0 0 1
    outer loop
      vertex 30.45 15.45 0.0009999999999998899
      vertex 31.95 15.45 0.0009999999999998899
      vertex 31.921177920604844 15.742635483024191 0.0009999999999998899
    endloop
  endfacet
  facet normal 0 0 1
    outer loop
      vertex 30.45 15.45 0.0009999999999998899
      vertex 31.921177920604844 15.742635483024191 0.0009999999999998899
      vertex 31.83581929876693 16.024025148547633 0.0009999999999998899
    endloop
  endfacet
  facet normal 0 0 1
    outer loop
      vertex 30.45 15.45 0.0009999999999998899
      vertex 31.83581929876693 16.024025148547633 0.0009999999999998899
      vertex 31.69720441845382 16.2833553495294 0.0009999999999998899
    endloop
  endfacet
  facet normal 0.7730104533627363 0.6343932841636463 2.1945945701597677e-18
    outer loop
      vertex 29.389339828220177 14.389339828220178 0.0009999999999998899
      vertex 29.20279558154618 14.616644650470596 0.0009999999999998899
      vertex 29.20279558154618 14.616644650470596 5
    endloop
  endfacet
  facet normal 0.6343932841636404 0.7730104533627411 -2.1592587153721446e-19
    outer loop
      vertex 29.616644650470597 14.202795581546182 0.0009999999999998899
      vertex 29.389339828220177 14.389339828220178 0.0009999999999998899
      vertex 29.389339828220177 14.389339828220178 5
    endloop
  endfacet
  facet normal 0.47139673682599664 0.8819212643483556 0
    outer loop
      vertex 29.616644650470597 14.202795581546182 0.0009999999999998899
      vertex 29.616644650470597 14.202795581546182 5
      vertex 29.875974851452366 14.06418070123307 0.0009999999999998899
    endloop
  endfacet
  facet normal 0.29028467725446333 0.9569403357322085 0
    outer loop
      vertex 29.875974851452366 14.06418070123307 0.0009999999999998899
      vertex 29.875974851452366 14.06418070123307 5
      vertex 30.157364516975807 13.978822079395155 0.0009999999999998899
    endloop
  endfacet
  facet normal 0.881921264348358 0.471396736825992 6.221372491140448e-19
    outer loop
      vertex 29.20279558154618 14.616644650470596 0.0009999999999998899
      vertex 29.06418070123307 14.875974851452364 0.0009999999999998899
      vertex 29.06418070123307 14.875974851452364 5
    endloop
  endfacet
  facet normal 0.956940335732209 0.29028467725446166 -9.867529255262004e-19
    outer loop
      vertex 29.06418070123307 14.875974851452364 0.0009999999999998899
      vertex 28.978822079395155 15.157364516975807 0.0009999999999998899
      vertex 28.978822079395155 15.157364516975807 5
    endloop
  endfacet
  facet normal 0.09801714032956382 0.9951847266721966 0
    outer loop
      vertex 30.157364516975807 13.978822079395155 0.0009999999999998899
      vertex 30.157364516975807 13.978822079395155 5
      vertex 30.45 13.95 0.0009999999999998899
    endloop
  endfacet
  facet normal -0.09801714032956382 0.9951847266721966 0
    outer loop
      vertex 30.45 13.95 0.0009999999999998899
      vertex 30.45 13.95 5
      vertex 30.74263548302419 13.978822079395155 0.0009999999999998899
    endloop
  endfacet
  facet normal -0.29028467725446333 0.9569403357322085 0
    outer loop
      vertex 30.74263548302419 13.978822079395155 0.0009999999999998899
      vertex 30.74263548302419 13.978822079395155 5
      vertex 31.024025148547633 14.06418070123307 0.0009999999999998899
    endloop
  endfacet
  facet normal -0.47139673682599664 0.8819212643483556 0
    outer loop
      vertex 31.024025148547633 14.06418070123307 0.0009999999999998899
      vertex 31.024025148547633 14.06418070123307 5
      vertex 31.2833553495294 14.202795581546182 0.0009999999999998899
    endloop
  endfacet
  facet normal -0.6343932841636404 0.7730104533627411 0
    outer loop
      vertex 31.2833553495294 14.202795581546182 0.0009999999999998899
      vertex 31.2833553495294 14.202795581546182 5
      vertex 31.510660171779822 14.389339828220178 0.0009999999999998899
    endloop
  endfacet
  facet normal -0.7730104533627363 0.6343932841636463 0
    outer loop
      vertex 31.510660171779822 14.389339828220178 0.0009999999999998899
      vertex 31.510660171779822 14.389339828220178 5
      vertex 31.69720441845382 14.616644650470596 0.0009999999999998899
    endloop
  endfacet
  facet normal -0.881921264348358 0.471396736825992 0
    outer loop
      vertex 31.69720441845382 14.616644650470596 0.0009999999999998899
      vertex 31.69720441845382 14.616644650470596 5
      vertex 31.83581929876693 14.875974851452364 0.0009999999999998899
    endloop
  endfacet
  facet normal -0.956940335732209 0.29028467725446166 0
    outer loop
      vertex 31.83581929876693 14.875974851452364 0.0009999999999998899
      vertex 31.83581929876693 14.875974851452364 5
      vertex 31.921177920604844 15.157364516975807 0.0009999999999998899
    endloop
  endfacet
  facet normal 0.9951847266721966 0.09801714032956382 -3.1389387496354963e-19
    outer loop
      vertex 28.978822079395155 15.157364516975807 0.0009999999999998899
      vertex 28.95 15.45 0.0009999999999998899
      vertex 28.95 15.45 5
    endloop
  endfacet
  facet normal 0.9951847266721966 -0.09801714032956382 3.1389387496354963e-19
    outer loop
      vertex 28.95 15.45 0.0009999999999998899
      vertex 28.978822079395155 15.742635483024191 0.0009999999999998899
      vertex 28.978822079395155 15.742635483024191 5
    endloop
  endfacet
  facet normal 0.9569403357322085 -0.29028467725446333 -6.739369562405416e-19
    outer loop
      vertex 28.978822079395155 15.742635483024191 0.0009999999999998899
      vertex 29.06418070123307 16.024025148547633 0.0009999999999998899
      vertex 29.06418070123307 16.024025148547633 5
    endloop
  endfacet
  facet normal 0.881921264348358 -0.471396736825992 -6.221372491140448e-19
    outer loop
      vertex 29.06418070123307 16.024025148547633 0.0009999999999998899
      vertex 29.20279558154618 16.2833553495294 0.0009999999999998899
      vertex 29.20279558154618 16.2833553495294 5
    endloop
  endfacet
  facet normal 0.7730104533627411 -0.6343932841636404 2.1592587153721446e-19
    outer loop
      vertex 29.20279558154618 16.2833553495294 0.0009999999999998899
      vertex 29.389339828220177 16.510660171779822 0.0009999999999998899
      vertex 29.389339828220177 16.510660171779822 5
    endloop
  endfacet
  facet normal 0.6343932841636404 -0.7730104533627411 2.1592587153721446e-19
    outer loop
      vertex 29.389339828220177 16.510660171779822 0.0009999999999998899
      vertex 29.616644650470597 16.69720441845382 0.0009999999999998899
      vertex 29.616644650470597 16.69720441845382 5
    endloop
  endfacet
  facet normal 0.471396736825992 -0.881921264348358 -6.221372491140448e-19
    outer loop
      vertex 29.616644650470597 16.69720441845382 0.0009999999999998899
      vertex 29.875974851452366 16.83581929876693 0.0009999999999998899
      vertex 29.875974851452366 16.83581929876693 5
    endloop
  endfacet
  facet normal 0.29028467725446333 -0.9569403357322085 -6.739369562405416e-19
    outer loop
      vertex 29.875974851452366 16.83581929876693 0.0009999999999998899
      vertex 30.157364516975807 16.921177920604844 0.0009999999999998899
      vertex 30.157364516975807 16.921177920604844 5
    endloop
  endfacet
  facet normal -0.9951847266721966 0.09801714032956382 0
    outer loop
      vertex 31.921177920604844 15.157364516975807 0.0009999999999998899
      vertex 31.921177920604844 15.157364516975807 5
      vertex 31.95 15.45 0.0009999999999998899
    endloop
  endfacet
  facet normal -0.9951847266721966 -0.09801714032956382 0
    outer loop
      vertex 31.95 15.45 0.0009999999999998899
      vertex 31.95 15.45 5
      vertex 31.921177920604844 15.742635483024191 0.0009999999999998899
    endloop
  endfacet
  facet normal -0.9569403357322085 -0.29028467725446333 0
    outer loop
      vertex 31.921177920604844 15.742635483024191 0.0009999999999998899
      vertex 31.921177920604844 15.742635483024191 5
      vertex 31.83581929876693 16.024025148547633 0.0009999999999998899
    endloop
  endfacet
  facet normal -0.881921264348358 -0.471396736825992 6.221372491140448e-19
    outer loop
      vertex 31.69720441845382 16.2833553495294 0.0009999999999998899
      vertex 31.83581929876693 16.024025148547633 0.0009999999999998899
      vertex 31.83581929876693 16.024025148547633 5
    endloop
  endfacet
  facet normal -0.7730104533627411 -0.6343932841636404 0
    outer loop
      vertex 31.69720441845382 16.2833553495294 0.0009999999999998899
      vertex 31.69720441845382 16.2833553495294 5
      vertex 31.510660171779822 16.510660171779822 0.0009999999999998899
    endloop
  endfacet
  facet normal 0.09801714032956382 -0.9951847266721966 3.1389387496354963e-19
    outer loop
      vertex 30.157364516975807 16.921177920604844 0.0009999999999998899
      vertex 30.45 16.95 0.0009999999999998899
      vertex 30.45 16.95 5
    endloop
  endfacet
  facet normal -0.09801714032956382 -0.9951847266721966 -3.1389387496354963e-19
    outer loop
      vertex 30.45 16.95 0.0009999999999998899
      vertex 30.74263548302419 16.921177920604844 0.0009999999999998899
      vertex 30.74263548302419 16.921177920604844 5
    endloop
  endfacet
  facet normal -0.471396736825992 -0.881921264348358 6.221372491140448e-19
    outer loop
      vertex 31.024025148547633 16.83581929876693 0.0009999999999998899
      vertex 31.2833553495294 16.69720441845382 0.0009999999999998899
      vertex 31.2833553495294 16.69720441845382 5
    endloop
  endfacet
  facet normal -0.29028467725446333 -0.9569403357322085 6.739369562405416e-19
    outer loop
      vertex 30.74263548302419 16.921177920604844 0.0009999999999998899
      vertex 31.024025148547633 16.83581929876693 0.0009999999999998899
      vertex 31.024025148547633 16.83581929876693 5
    endloop
  endfacet
  facet normal -0.6343932841636404 -0.7730104533627411 0
    outer loop
      vertex 31.510660171779822 16.510660171779822 0.0009999999999998899
      vertex 31.510660171779822 16.510660171779822 5
      vertex 31.2833553495294 16.69720441845382 0.0009999999999998899
    endloop
  endfacet
  facet normal 0.6343932841636404 0.7730104533627411 0
    outer loop
      vertex 29.616644650470597 14.202795581546182 0.0009999999999998899
      vertex 29.389339828220177 14.389339828220178 5
      vertex 29.616644650470597 14.202795581546182 5
    endloop
  endfacet
  facet normal 0.7730104533627363 0.6343932841636463 0
    outer loop
      vertex 29.389339828220177 14.389339828220178 0.0009999999999998899
      vertex 29.20279558154618 14.616644650470596 5
      vertex 29.389339828220177 14.389339828220178 5
    endloop
  endfacet
  facet normal 0.47139673682599664 0.8819212643483556 0
    outer loop
      vertex 29.875974851452366 14.06418070123307 0.0009999999999998899
      vertex 29.616644650470597 14.202795581546182 5
      vertex 29.875974851452366 14.06418070123307 5
    endloop
  endfacet
  facet normal 0.29028467725446333 0.9569403357322085 0
    outer loop
      vertex 30.157364516975807 13.978822079395155 0.0009999999999998899
      vertex 29.875974851452366 14.06418070123307 5
      vertex 30.157364516975807 13.978822079395155 5
    endloop
  endfacet
  facet normal 0.881921264348358 0.471396736825992 0
    outer loop
      vertex 29.20279558154618 14.616644650470596 0.0009999999999998899
      vertex 29.06418070123307 14.875974851452364 5
      vertex 29.20279558154618 14.616644650470596 5
    endloop
  endfacet
  facet normal 0.956940335732209 0.29028467725446166 0
    outer loop
      vertex 29.06418070123307 14.875974851452364 0.0009999999999998899
      vertex 28.978822079395155 15.157364516975807 5
      vertex 29.06418070123307 14.875974851452364 5
    endloop
  endfacet
  facet normal 0.09801714032956382 0.9951847266721966 0
    outer loop
      vertex 30.45 13.95 0.0009999999999998899
      vertex 30.157364516975807 13.978822079395155 5
      vertex 30.45 13.95 5
    endloop
  endfacet
  facet normal -0.09801714032956382 0.9951847266721966 0
    outer loop
      vertex 30.74263548302419 13.978822079395155 0.0009999999999998899
      vertex 30.45 13.95 5
      vertex 30.74263548302419 13.978822079395155 5
    endloop
  endfacet
  facet normal -0.29028467725446333 0.9569403357322085 0
    outer loop
      vertex 31.024025148547633 14.06418070123307 0.0009999999999998899
      vertex 30.74263548302419 13.978822079395155 5
      vertex 31.024025148547633 14.06418070123307 5
    endloop
  endfacet
  facet normal -0.47139673682599664 0.8819212643483556 0
    outer loop
      vertex 31.2833553495294 14.202795581546182 0.0009999999999998899
      vertex 31.024025148547633 14.06418070123307 5
      vertex 31.2833553495294 14.202795581546182 5
    endloop
  endfacet
  facet normal -0.6343932841636404 0.7730104533627411 0
    outer loop
      vertex 31.510660171779822 14.389339828220178 0.0009999999999998899
      vertex 31.2833553495294 14.202795581546182 5
      vertex 31.510660171779822 14.389339828220178 5
    endloop
  endfacet
  facet normal -0.7730104533627363 0.6343932841636463 0
    outer loop
      vertex 31.69720441845382 14.616644650470596 0.0009999999999998899
      vertex 31.510660171779822 14.389339828220178 5
      vertex 31.69720441845382 14.616644650470596 5
    endloop
  endfacet
  facet normal -0.881921264348358 0.471396736825992 0
    outer loop
      vertex 31.83581929876693 14.875974851452364 0.0009999999999998899
      vertex 31.69720441845382 14.616644650470596 5
      vertex 31.83581929876693 14.875974851452364 5
    endloop
  endfacet
  facet normal -0.956940335732209 0.29028467725446166 0
    outer loop
      vertex 31.921177920604844 15.157364516975807 0.0009999999999998899
      vertex 31.83581929876693 14.875974851452364 5
      vertex 31.921177920604844 15.157364516975807 5
    endloop
  endfacet
  facet normal 0.9951847266721966 0.09801714032956382 0
    outer loop
      vertex 28.978822079395155 15.157364516975807 0.0009999999999998899
      vertex 28.95 15.45 5
      vertex 28.978822079395155 15.157364516975807 5
    endloop
  endfacet
  facet normal 0.9951847266721966 -0.09801714032956382 0
    outer loop
      vertex 28.95 15.45 0.0009999999999998899
      vertex 28.978822079395155 15.742635483024191 5
      vertex 28.95 15.45 5
    endloop
  endfacet
  facet normal 0.9569403357322085 -0.29028467725446333 0
    outer loop
      vertex 28.978822079395155 15.742635483024191 0.0009999999999998899
      vertex 29.06418070123307 16.024025148547633 5
      vertex 28.978822079395155 15.742635483024191 5
    endloop
  endfacet
  facet normal 0.881921264348358 -0.471396736825992 0
    outer loop
      vertex 29.06418070123307 16.024025148547633 0.0009999999999998899
      vertex 29.20279558154618 16.2833553495294 5
      vertex 29.06418070123307 16.024025148547633 5
    endloop
  endfacet
  facet normal 0.7730104533627411 -0.6343932841636404 0
    outer loop
      vertex 29.20279558154618 16.2833553495294 0.0009999999999998899
      vertex 29.389339828220177 16.510660171779822 5
      vertex 29.20279558154618 16.2833553495294 5
    endloop
  endfacet
  facet normal 0.6343932841636404 -0.7730104533627411 0
    outer loop
      vertex 29.389339828220177 16.510660171779822 0.0009999999999998899
      vertex 29.616644650470597 16.69720441845382 5
      vertex 29.389339828220177 16.510660171779822 5
    endloop
  endfacet
  facet normal 0.471396736825992 -0.881921264348358 0
    outer loop
      vertex 29.616644650470597 16.69720441845382 0.0009999999999998899
      vertex 29.875974851452366 16.83581929876693 5
      vertex 29.616644650470597 16.69720441845382 5
    endloop
  endfacet
  facet normal 0.29028467725446333 -0.9569403357322085 0
    outer loop
      vertex 29.875974851452366 16.83581929876693 0.0009999999999998899
      vertex 30.157364516975807 16.921177920604844 5
      vertex 29.875974851452366 16.83581929876693 5
    endloop
  endfacet
  facet normal -0.9951847266721966 0.09801714032956382 0
    outer loop
      vertex 31.95 15.45 0.0009999999999998899
      vertex 31.921177920604844 15.157364516975807 5
      vertex 31.95 15.45 5
    endloop
  endfacet
  facet normal -0.9951847266721966 -0.09801714032956382 0
    outer loop
      vertex 31.921177920604844 15.742635483024191 0.0009999999999998899
      vertex 31.95 15.45 5
      vertex 31.921177920604844 15.742635483024191 5
    endloop
  endfacet
  facet normal -0.9569403357322085 -0.29028467725446333 0
    outer loop
      vertex 31.83581929876693 16.024025148547633 0.0009999999999998899
      vertex 31.921177920604844 15.742635483024191 5
      vertex 31.83581929876693 16.024025148547633 5
    endloop
  endfacet
  facet normal -0.7730104533627411 -0.6343932841636404 0
    outer loop
      vertex 31.510660171779822 16.510660171779822 0.0009999999999998899
      vertex 31.69720441845382 16.2833553495294 5
      vertex 31.510660171779822 16.510660171779822 5
    endloop
  endfacet
  facet normal -0.881921264348358 -0.471396736825992 0
    outer loop
      vertex 31.69720441845382 16.2833553495294 0.0009999999999998899
      vertex 31.83581929876693 16.024025148547633 5
      vertex 31.69720441845382 16.2833553495294 5
    endloop
  endfacet
  facet normal 0.09801714032956382 -0.9951847266721966 0
    outer loop
      vertex 30.157364516975807 16.921177920604844 0.0009999999999998899
      vertex 30.45 16.95 5
      vertex 30.157364516975807 16.921177920604844 5
    endloop
  endfacet
  facet normal -0.09801714032956382 -0.9951847266721966 0
    outer loop
      vertex 30.45 16.95 0.0009999999999998899
      vertex 30.74263548302419 16.921177920604844 5
      vertex 30.45 16.95 5
    endloop
  endfacet
  facet normal -0.29028467725446333 -0.9569403357322085 0
    outer loop
      vertex 30.74263548302419 16.921177920604844 0.0009999999999998899
      vertex 31.024025148547633 16.83581929876693 5
      vertex 30.74263548302419 16.921177920604844 5
    endloop
  endfacet
  facet normal -0.471396736825992 -0.881921264348358 0
    outer loop
      vertex 31.024025148547633 16.83581929876693 0.0009999999999998899
      vertex 31.2833553495294 16.69720441845382 5
      vertex 31.024025148547633 16.83581929876693 5
    endloop
  endfacet
  facet normal -0.6343932841636404 -0.7730104533627411 0
    outer loop
      vertex 31.2833553495294 16.69720441845382 0.0009999999999998899
      vertex 31.510660171779822 16.510660171779822 5
      vertex 31.2833553495294 16.69720441845382 5
    endloop
  endfacet
  facet normal 0 0 1
    outer loop
      vertex -31.83581929876693 14.875974851452364 0.0009999999999998899
      vertex -31.69720441845382 14.616644650470596 0.0009999999999998899
      vertex -30.45 15.45 0.0009999999999998899
    endloop
  endfacet
  facet normal 0 0 1
    outer loop
      vertex -31.83581929876693 14.875974851452364 0.0009999999999998899
      vertex -30.45 15.45 0.0009999999999998899
      vertex -31.921177920604844 15.157364516975807 0.0009999999999998899
    endloop
  endfacet
  facet normal 0 0 1
    outer loop
      vertex -31.024025148547633 14.06418070123307 0.0009999999999998899
      vertex -30.74263548302419 13.978822079395155 0.0009999999999998899
      vertex -30.45 15.45 0.0009999999999998899
    endloop
  endfacet
  facet normal 0 0 1
    outer loop
      vertex -30.74263548302419 13.978822079395155 0.0009999999999998899
      vertex -30.45 13.95 0.0009999999999998899
      vertex -30.45 15.45 0.0009999999999998899
    endloop
  endfacet
  facet normal 0 0 1
    outer loop
      vertex -30.45 13.95 0.0009999999999998899
      vertex -30.157364516975807 13.978822079395155 0.0009999999999998899
      vertex -30.45 15.45 0.0009999999999998899
    endloop
  endfacet
  facet normal 0 0 1
    outer loop
      vertex -31.2833553495294 14.202795581546182 0.0009999999999998899
      vertex -30.45 15.45 0.0009999999999998899
      vertex -31.510660171779822 14.389339828220178 0.0009999999999998899
    endloop
  endfacet
  facet normal 0 0 1
    outer loop
      vertex -31.510660171779822 14.389339828220178 0.0009999999999998899
      vertex -30.45 15.45 0.0009999999999998899
      vertex -31.69720441845382 14.616644650470596 0.0009999999999998899
    endloop
  endfacet
  facet normal 0 0 1
    outer loop
      vertex -31.2833553495294 14.202795581546182 0.0009999999999998899
      vertex -31.024025148547633 14.06418070123307 0.0009999999999998899
      vertex -30.45 15.45 0.0009999999999998899
    endloop
  endfacet
  facet normal 0 0 1
    outer loop
      vertex -30.157364516975807 13.978822079395155 0.0009999999999998899
      vertex -29.875974851452366 14.06418070123307 0.0009999999999998899
      vertex -30.45 15.45 0.0009999999999998899
    endloop
  endfacet
  facet normal 0 0 1
    outer loop
      vertex -29.875974851452366 14.06418070123307 0.0009999999999998899
      vertex -29.616644650470597 14.202795581546182 0.0009999999999998899
      vertex -30.45 15.45 0.0009999999999998899
    endloop
  endfacet
  facet normal 0 0 1
    outer loop
      vertex -29.616644650470597 14.202795581546182 0.0009999999999998899
      vertex -29.389339828220177 14.389339828220178 0.0009999999999998899
      vertex -30.45 15.45 0.0009999999999998899
    endloop
  endfacet
  facet normal 0 0 1
    outer loop
      vertex -30.45 15.45 0.0009999999999998899
      vertex -29.389339828220177 14.389339828220178 0.0009999999999998899
      vertex -29.20279558154618 14.616644650470596 0.0009999999999998899
    endloop
  endfacet
  facet normal 0 0 1
    outer loop
      vertex -30.45 15.45 0.0009999999999998899
      vertex -29.20279558154618 14.616644650470596 0.0009999999999998899
      vertex -29.06418070123307 14.875974851452364 0.0009999999999998899
    endloop
  endfacet
  facet normal 0 0 1
    outer loop
      vertex -30.45 15.45 0.0009999999999998899
      vertex -29.06418070123307 14.875974851452364 0.0009999999999998899
      vertex -28.978822079395155 15.157364516975807 0.0009999999999998899
    endloop
  endfacet
  facet normal 0 0 1
    outer loop
      vertex -31.921177920604844 15.157364516975807 0.0009999999999998899
      vertex -30.45 15.45 0.0009999999999998899
      vertex -31.95 15.45 0.0009999999999998899
    endloop
  endfacet
  facet normal 0 0 1
    outer loop
      vertex -31.95 15.45 0.0009999999999998899
      vertex -30.45 15.45 0.0009999999999998899
      vertex -31.921177920604844 15.742635483024191 0.0009999999999998899
    endloop
  endfacet
  facet normal 0 0 1
    outer loop
      vertex -31.921177920604844 15.742635483024191 0.0009999999999998899
      vertex -30.45 15.45 0.0009999999999998899
      vertex -31.83581929876693 16.024025148547633 0.0009999999999998899
    endloop
  endfacet
  facet normal 0 0 1
    outer loop
      vertex -31.83581929876693 16.024025148547633 0.0009999999999998899
      vertex -30.45 15.45 0.0009999999999998899
      vertex -31.69720441845382 16.2833553495294 0.0009999999999998899
    endloop
  endfacet
  facet normal 0 0 1
    outer loop
      vertex -31.69720441845382 16.2833553495294 0.0009999999999998899
      vertex -30.45 15.45 0.0009999999999998899
      vertex -31.510660171779822 16.510660171779822 0.0009999999999998899
    endloop
  endfacet
  facet normal 0 0 1
    outer loop
      vertex -31.510660171779822 16.510660171779822 0.0009999999999998899
      vertex -30.45 15.45 0.0009999999999998899
      vertex -31.2833553495294 16.69720441845382 0.0009999999999998899
    endloop
  endfacet
  facet normal 0 0 1
    outer loop
      vertex -30.45 15.45 0.0009999999999998899
      vertex -31.024025148547633 16.83581929876693 0.0009999999999998899
      vertex -31.2833553495294 16.69720441845382 0.0009999999999998899
    endloop
  endfacet
  facet normal 0 0 1
    outer loop
      vertex -30.45 15.45 0.0009999999999998899
      vertex -30.74263548302419 16.921177920604844 0.0009999999999998899
      vertex -31.024025148547633 16.83581929876693 0.0009999999999998899
    endloop
  endfacet
  facet normal 0 0 1
    outer loop
      vertex -30.45 15.45 0.0009999999999998899
      vertex -30.45 16.95 0.0009999999999998899
      vertex -30.74263548302419 16.921177920604844 0.0009999999999998899
    endloop
  endfacet
  facet normal 0 0 1
    outer loop
      vertex -30.45 15.45 0.0009999999999998899
      vertex -30.157364516975807 16.921177920604844 0.0009999999999998899
      vertex -30.45 16.95 0.0009999999999998899
    endloop
  endfacet
  facet normal 0 0 1
    outer loop
      vertex -30.45 15.45 0.0009999999999998899
      vertex -28.978822079395155 15.157364516975807 0.0009999999999998899
      vertex -28.95 15.45 0.0009999999999998899
    endloop
  endfacet
  facet normal 0 0 1
    outer loop
      vertex -30.45 15.45 0.0009999999999998899
      vertex -28.95 15.45 0.0009999999999998899
      vertex -28.978822079395155 15.742635483024191 0.0009999999999998899
    endloop
  endfacet
  facet normal 0 0 1
    outer loop
      vertex -30.45 15.45 0.0009999999999998899
      vertex -28.978822079395155 15.742635483024191 0.0009999999999998899
      vertex -29.06418070123307 16.024025148547633 0.0009999999999998899
    endloop
  endfacet
  facet normal 0 0 1
    outer loop
      vertex -30.45 15.45 0.0009999999999998899
      vertex -29.20279558154618 16.2833553495294 0.0009999999999998899
      vertex -29.389339828220177 16.510660171779822 0.0009999999999998899
    endloop
  endfacet
  facet normal 0 0 1
    outer loop
      vertex -30.45 15.45 0.0009999999999998899
      vertex -29.875974851452366 16.83581929876693 0.0009999999999998899
      vertex -30.157364516975807 16.921177920604844 0.0009999999999998899
    endloop
  endfacet
  facet normal 0 0 1
    outer loop
      vertex -30.45 15.45 0.0009999999999998899
      vertex -29.616644650470597 16.69720441845382 0.0009999999999998899
      vertex -29.875974851452366 16.83581929876693 0.0009999999999998899
    endloop
  endfacet
  facet normal 0 0 1
    outer loop
      vertex -30.45 15.45 0.0009999999999998899
      vertex -29.389339828220177 16.510660171779822 0.0009999999999998899
      vertex -29.616644650470597 16.69720441845382 0.0009999999999998899
    endloop
  endfacet
  facet normal 0 0 1
    outer loop
      vertex -30.45 15.45 0.0009999999999998899
      vertex -29.06418070123307 16.024025148547633 0.0009999999999998899
      vertex -29.20279558154618 16.2833553495294 0.0009999999999998899
    endloop
  endfacet
  facet normal 0.7730104533627363 0.6343932841636463 2.1945945701597677e-18
    outer loop
      vertex -31.510660171779822 14.389339828220178 0.0009999999999998899
      vertex -31.69720441845382 14.616644650470596 0.0009999999999998899
      vertex -31.69720441845382 14.616644650470596 5
    endloop
  endfacet
  facet normal 0.6343932841636404 0.7730104533627411 -2.1592587153721446e-19
    outer loop
      vertex -31.2833553495294 14.202795581546182 0.0009999999999998899
      vertex -31.510660171779822 14.389339828220178 0.0009999999999998899
      vertex -31.510660171779822 14.389339828220178 5
    endloop
  endfacet
  facet normal 0.881921264348358 0.471396736825992 0
    outer loop
      vertex -31.83581929876693 14.875974851452364 0.0009999999999998899
      vertex -31.83581929876693 14.875974851452364 5
      vertex -31.69720441845382 14.616644650470596 0.0009999999999998899
    endloop
  endfacet
  facet normal 0.956940335732209 0.29028467725446166 -9.867529255262004e-19
    outer loop
      vertex -31.83581929876693 14.875974851452364 0.0009999999999998899
      vertex -31.921177920604844 15.157364516975807 0.0009999999999998899
      vertex -31.921177920604844 15.157364516975807 5
    endloop
  endfacet
  facet normal 0.47139673682599664 0.8819212643483556 0
    outer loop
      vertex -31.2833553495294 14.202795581546182 0.0009999999999998899
      vertex -31.2833553495294 14.202795581546182 5
      vertex -31.024025148547633 14.06418070123307 0.0009999999999998899
    endloop
  endfacet
  facet normal 0.29028467725446333 0.9569403357322085 0
    outer loop
      vertex -31.024025148547633 14.06418070123307 0.0009999999999998899
      vertex -31.024025148547633 14.06418070123307 5
      vertex -30.74263548302419 13.978822079395155 0.0009999999999998899
    endloop
  endfacet
  facet normal 0.09801714032956382 0.9951847266721966 0
    outer loop
      vertex -30.74263548302419 13.978822079395155 0.0009999999999998899
      vertex -30.74263548302419 13.978822079395155 5
      vertex -30.45 13.95 0.0009999999999998899
    endloop
  endfacet
  facet normal -0.09801714032956382 0.9951847266721966 0
    outer loop
      vertex -30.45 13.95 0.0009999999999998899
      vertex -30.45 13.95 5
      vertex -30.157364516975807 13.978822079395155 0.0009999999999998899
    endloop
  endfacet
  facet normal -0.29028467725446333 0.9569403357322085 0
    outer loop
      vertex -30.157364516975807 13.978822079395155 0.0009999999999998899
      vertex -30.157364516975807 13.978822079395155 5
      vertex -29.875974851452366 14.06418070123307 0.0009999999999998899
    endloop
  endfacet
  facet normal -0.47139673682599664 0.8819212643483556 0
    outer loop
      vertex -29.875974851452366 14.06418070123307 0.0009999999999998899
      vertex -29.875974851452366 14.06418070123307 5
      vertex -29.616644650470597 14.202795581546182 0.0009999999999998899
    endloop
  endfacet
  facet normal -0.6343932841636404 0.7730104533627411 0
    outer loop
      vertex -29.616644650470597 14.202795581546182 0.0009999999999998899
      vertex -29.616644650470597 14.202795581546182 5
      vertex -29.389339828220177 14.389339828220178 0.0009999999999998899
    endloop
  endfacet
  facet normal -0.7730104533627363 0.6343932841636463 0
    outer loop
      vertex -29.389339828220177 14.389339828220178 0.0009999999999998899
      vertex -29.389339828220177 14.389339828220178 5
      vertex -29.20279558154618 14.616644650470596 0.0009999999999998899
    endloop
  endfacet
  facet normal -0.881921264348358 0.471396736825992 0
    outer loop
      vertex -29.20279558154618 14.616644650470596 0.0009999999999998899
      vertex -29.20279558154618 14.616644650470596 5
      vertex -29.06418070123307 14.875974851452364 0.0009999999999998899
    endloop
  endfacet
  facet normal -0.956940335732209 0.29028467725446166 0
    outer loop
      vertex -29.06418070123307 14.875974851452364 0.0009999999999998899
      vertex -29.06418070123307 14.875974851452364 5
      vertex -28.978822079395155 15.157364516975807 0.0009999999999998899
    endloop
  endfacet
  facet normal 0.9951847266721966 0.09801714032956382 -3.1389387496354963e-19
    outer loop
      vertex -31.921177920604844 15.157364516975807 0.0009999999999998899
      vertex -31.95 15.45 0.0009999999999998899
      vertex -31.95 15.45 5
    endloop
  endfacet
  facet normal 0.9951847266721966 -0.09801714032956382 3.1389387496354963e-19
    outer loop
      vertex -31.95 15.45 0.0009999999999998899
      vertex -31.921177920604844 15.742635483024191 0.0009999999999998899
      vertex -31.921177920604844 15.742635483024191 5
    endloop
  endfacet
  facet normal 0.9569403357322085 -0.29028467725446333 -6.739369562405416e-19
    outer loop
      vertex -31.921177920604844 15.742635483024191 0.0009999999999998899
      vertex -31.83581929876693 16.024025148547633 0.0009999999999998899
      vertex -31.83581929876693 16.024025148547633 5
    endloop
  endfacet
  facet normal 0.881921264348358 -0.471396736825992 -6.221372491140448e-19
    outer loop
      vertex -31.83581929876693 16.024025148547633 0.0009999999999998899
      vertex -31.69720441845382 16.2833553495294 0.0009999999999998899
      vertex -31.69720441845382 16.2833553495294 5
    endloop
  endfacet
  facet normal 0.7730104533627411 -0.6343932841636404 2.1592587153721446e-19
    outer loop
      vertex -31.69720441845382 16.2833553495294 0.0009999999999998899
      vertex -31.510660171779822 16.510660171779822 0.0009999999999998899
      vertex -31.510660171779822 16.510660171779822 5
    endloop
  endfacet
  facet normal 0.6343932841636404 -0.7730104533627411 2.1592587153721446e-19
    outer loop
      vertex -31.510660171779822 16.510660171779822 0.0009999999999998899
      vertex -31.2833553495294 16.69720441845382 0.0009999999999998899
      vertex -31.2833553495294 16.69720441845382 5
    endloop
  endfacet
  facet normal 0.471396736825992 -0.881921264348358 -6.221372491140448e-19
    outer loop
      vertex -31.2833553495294 16.69720441845382 0.0009999999999998899
      vertex -31.024025148547633 16.83581929876693 0.0009999999999998899
      vertex -31.024025148547633 16.83581929876693 5
    endloop
  endfacet
  facet normal 0.29028467725446333 -0.9569403357322085 -6.739369562405416e-19
    outer loop
      vertex -31.024025148547633 16.83581929876693 0.0009999999999998899
      vertex -30.74263548302419 16.921177920604844 0.0009999999999998899
      vertex -30.74263548302419 16.921177920604844 5
    endloop
  endfacet
  facet normal 0.09801714032956382 -0.9951847266721966 3.1389387496354963e-19
    outer loop
      vertex -30.74263548302419 16.921177920604844 0.0009999999999998899
      vertex -30.45 16.95 0.0009999999999998899
      vertex -30.45 16.95 5
    endloop
  endfacet
  facet normal -0.09801714032956382 -0.9951847266721966 -3.1389387496354963e-19
    outer loop
      vertex -30.45 16.95 0.0009999999999998899
      vertex -30.157364516975807 16.921177920604844 0.0009999999999998899
      vertex -30.157364516975807 16.921177920604844 5
    endloop
  endfacet
  facet normal -0.9569403357322085 -0.29028467725446333 0
    outer loop
      vertex -28.978822079395155 15.742635483024191 0.0009999999999998899
      vertex -28.978822079395155 15.742635483024191 5
      vertex -29.06418070123307 16.024025148547633 0.0009999999999998899
    endloop
  endfacet
  facet normal -0.881921264348358 -0.471396736825992 6.221372491140448e-19
    outer loop
      vertex -29.20279558154618 16.2833553495294 0.0009999999999998899
      vertex -29.06418070123307 16.024025148547633 0.0009999999999998899
      vertex -29.06418070123307 16.024025148547633 5
    endloop
  endfacet
  facet normal -0.7730104533627411 -0.6343932841636404 0
    outer loop
      vertex -29.20279558154618 16.2833553495294 0.0009999999999998899
      vertex -29.20279558154618 16.2833553495294 5
      vertex -29.389339828220177 16.510660171779822 0.0009999999999998899
    endloop
  endfacet
  facet normal -0.9951847266721966 0.09801714032956382 0
    outer loop
      vertex -28.978822079395155 15.157364516975807 0.0009999999999998899
      vertex -28.978822079395155 15.157364516975807 5
      vertex -28.95 15.45 0.0009999999999998899
    endloop
  endfacet
  facet normal -0.9951847266721966 -0.09801714032956382 0
    outer loop
      vertex -28.95 15.45 0.0009999999999998899
      vertex -28.95 15.45 5
      vertex -28.978822079395155 15.742635483024191 0.0009999999999998899
    endloop
  endfacet
  facet normal -0.471396736825992 -0.881921264348358 6.221372491140448e-19
    outer loop
      vertex -29.875974851452366 16.83581929876693 0.0009999999999998899
      vertex -29.616644650470597 16.69720441845382 0.0009999999999998899
      vertex -29.616644650470597 16.69720441845382 5
    endloop
  endfacet
  facet normal -0.29028467725446333 -0.9569403357322085 0
    outer loop
      vertex -29.875974851452366 16.83581929876693 0.0009999999999998899
      vertex -29.875974851452366 16.83581929876693 5
      vertex -30.157364516975807 16.921177920604844 0.0009999999999998899
    endloop
  endfacet
  facet normal -0.6343932841636404 -0.7730104533627411 0
    outer loop
      vertex -29.389339828220177 16.510660171779822 0.0009999999999998899
      vertex -29.389339828220177 16.510660171779822 5
      vertex -29.616644650470597 16.69720441845382 0.0009999999999998899
    endloop
  endfacet
  facet normal 0.6343932841636404 0.7730104533627411 0
    outer loop
      vertex -31.2833553495294 14.202795581546182 0.0009999999999998899
      vertex -31.510660171779822 14.389339828220178 5
      vertex -31.2833553495294 14.202795581546182 5
    endloop
  endfacet
  facet normal 0.7730104533627363 0.6343932841636463 0
    outer loop
      vertex -31.510660171779822 14.389339828220178 0.0009999999999998899
      vertex -31.69720441845382 14.616644650470596 5
      vertex -31.510660171779822 14.389339828220178 5
    endloop
  endfacet
  facet normal 0.881921264348358 0.471396736825992 0
    outer loop
      vertex -31.69720441845382 14.616644650470596 0.0009999999999998899
      vertex -31.83581929876693 14.875974851452364 5
      vertex -31.69720441845382 14.616644650470596 5
    endloop
  endfacet
  facet normal 0.956940335732209 0.29028467725446166 0
    outer loop
      vertex -31.83581929876693 14.875974851452364 0.0009999999999998899
      vertex -31.921177920604844 15.157364516975807 5
      vertex -31.83581929876693 14.875974851452364 5
    endloop
  endfacet
  facet normal 0.47139673682599664 0.8819212643483556 0
    outer loop
      vertex -31.024025148547633 14.06418070123307 0.0009999999999998899
      vertex -31.2833553495294 14.202795581546182 5
      vertex -31.024025148547633 14.06418070123307 5
    endloop
  endfacet
  facet normal 0.29028467725446333 0.9569403357322085 0
    outer loop
      vertex -30.74263548302419 13.978822079395155 0.0009999999999998899
      vertex -31.024025148547633 14.06418070123307 5
      vertex -30.74263548302419 13.978822079395155 5
    endloop
  endfacet
  facet normal 0.09801714032956382 0.9951847266721966 0
    outer loop
      vertex -30.45 13.95 0.0009999999999998899
      vertex -30.74263548302419 13.978822079395155 5
      vertex -30.45 13.95 5
    endloop
  endfacet
  facet normal -0.09801714032956382 0.9951847266721966 0
    outer loop
      vertex -30.157364516975807 13.978822079395155 0.0009999999999998899
      vertex -30.45 13.95 5
      vertex -30.157364516975807 13.978822079395155 5
    endloop
  endfacet
  facet normal -0.29028467725446333 0.9569403357322085 0
    outer loop
      vertex -29.875974851452366 14.06418070123307 0.0009999999999998899
      vertex -30.157364516975807 13.978822079395155 5
      vertex -29.875974851452366 14.06418070123307 5
    endloop
  endfacet
  facet normal -0.47139673682599664 0.8819212643483556 0
    outer loop
      vertex -29.616644650470597 14.202795581546182 0.0009999999999998899
      vertex -29.875974851452366 14.06418070123307 5
      vertex -29.616644650470597 14.202795581546182 5
    endloop
  endfacet
  facet normal -0.6343932841636404 0.7730104533627411 0
    outer loop
      vertex -29.389339828220177 14.389339828220178 0.0009999999999998899
      vertex -29.616644650470597 14.202795581546182 5
      vertex -29.389339828220177 14.389339828220178 5
    endloop
  endfacet
  facet normal -0.7730104533627363 0.6343932841636463 0
    outer loop
      vertex -29.20279558154618 14.616644650470596 0.0009999999999998899
      vertex -29.389339828220177 14.389339828220178 5
      vertex -29.20279558154618 14.616644650470596 5
    endloop
  endfacet
  facet normal -0.881921264348358 0.471396736825992 0
    outer loop
      vertex -29.06418070123307 14.875974851452364 0.0009999999999998899
      vertex -29.20279558154618 14.616644650470596 5
      vertex -29.06418070123307 14.875974851452364 5
    endloop
  endfacet
  facet normal -0.956940335732209 0.29028467725446166 0
    outer loop
      vertex -28.978822079395155 15.157364516975807 0.0009999999999998899
      vertex -29.06418070123307 14.875974851452364 5
      vertex -28.978822079395155 15.157364516975807 5
    endloop
  endfacet
  facet normal 0.9951847266721966 0.09801714032956382 0
    outer loop
      vertex -31.921177920604844 15.157364516975807 0.0009999999999998899
      vertex -31.95 15.45 5
      vertex -31.921177920604844 15.157364516975807 5
    endloop
  endfacet
  facet normal 0.9951847266721966 -0.09801714032956382 0
    outer loop
      vertex -31.95 15.45 0.0009999999999998899
      vertex -31.921177920604844 15.742635483024191 5
      vertex -31.95 15.45 5
    endloop
  endfacet
  facet normal 0.9569403357322085 -0.29028467725446333 0
    outer loop
      vertex -31.921177920604844 15.742635483024191 0.0009999999999998899
      vertex -31.83581929876693 16.024025148547633 5
      vertex -31.921177920604844 15.742635483024191 5
    endloop
  endfacet
  facet normal 0.881921264348358 -0.471396736825992 0
    outer loop
      vertex -31.83581929876693 16.024025148547633 0.0009999999999998899
      vertex -31.69720441845382 16.2833553495294 5
      vertex -31.83581929876693 16.024025148547633 5
    endloop
  endfacet
  facet normal 0.7730104533627411 -0.6343932841636404 0
    outer loop
      vertex -31.69720441845382 16.2833553495294 0.0009999999999998899
      vertex -31.510660171779822 16.510660171779822 5
      vertex -31.69720441845382 16.2833553495294 5
    endloop
  endfacet
  facet normal 0.6343932841636404 -0.7730104533627411 0
    outer loop
      vertex -31.510660171779822 16.510660171779822 0.0009999999999998899
      vertex -31.2833553495294 16.69720441845382 5
      vertex -31.510660171779822 16.510660171779822 5
    endloop
  endfacet
  facet normal 0.471396736825992 -0.881921264348358 0
    outer loop
      vertex -31.2833553495294 16.69720441845382 0.0009999999999998899
      vertex -31.024025148547633 16.83581929876693 5
      vertex -31.2833553495294 16.69720441845382 5
    endloop
  endfacet
  facet normal 0.29028467725446333 -0.9569403357322085 0
    outer loop
      vertex -31.024025148547633 16.83581929876693 0.0009999999999998899
      vertex -30.74263548302419 16.921177920604844 5
      vertex -31.024025148547633 16.83581929876693 5
    endloop
  endfacet
  facet normal 0.09801714032956382 -0.9951847266721966 0
    outer loop
      vertex -30.74263548302419 16.921177920604844 0.0009999999999998899
      vertex -30.45 16.95 5
      vertex -30.74263548302419 16.921177920604844 5
    endloop
  endfacet
  facet normal -0.09801714032956382 -0.9951847266721966 0
    outer loop
      vertex -30.45 16.95 0.0009999999999998899
      vertex -30.157364516975807 16.921177920604844 5
      vertex -30.45 16.95 5
    endloop
  endfacet
  facet normal -0.9569403357322085 -0.29028467725446333 0
    outer loop
      vertex -29.06418070123307 16.024025148547633 0.0009999999999998899
      vertex -28.978822079395155 15.742635483024191 5
      vertex -29.06418070123307 16.024025148547633 5
    endloop
  endfacet
  facet normal -0.7730104533627411 -0.6343932841636404 0
    outer loop
      vertex -29.389339828220177 16.510660171779822 0.0009999999999998899
      vertex -29.20279558154618 16.2833553495294 5
      vertex -29.389339828220177 16.510660171779822 5
    endloop
  endfacet
  facet normal -0.881921264348358 -0.471396736825992 0
    outer loop
      vertex -29.20279558154618 16.2833553495294 0.0009999999999998899
      vertex -29.06418070123307 16.024025148547633 5
      vertex -29.20279558154618 16.2833553495294 5
    endloop
  endfacet
  facet normal -0.9951847266721966 0.09801714032956382 0
    outer loop
      vertex -28.95 15.45 0.0009999999999998899
      vertex -28.978822079395155 15.157364516975807 5
      vertex -28.95 15.45 5
    endloop
  endfacet
  facet normal -0.9951847266721966 -0.09801714032956382 0
    outer loop
      vertex -28.978822079395155 15.742635483024191 0.0009999999999998899
      vertex -28.95 15.45 5
      vertex -28.978822079395155 15.742635483024191 5
    endloop
  endfacet
  facet normal -0.29028467725446333 -0.9569403357322085 0
    outer loop
      vertex -30.157364516975807 16.921177920604844 0.0009999999999998899
      vertex -29.875974851452366 16.83581929876693 5
      vertex -30.157364516975807 16.921177920604844 5
    endloop
  endfacet
  facet normal -0.471396736825992 -0.881921264348358 0
    outer loop
      vertex -29.875974851452366 16.83581929876693 0.0009999999999998899
      vertex -29.616644650470597 16.69720441845382 5
      vertex -29.875974851452366 16.83581929876693 5
    endloop
  endfacet
  facet normal -0.6343932841636404 -0.7730104533627411 0
    outer loop
      vertex -29.616644650470597 16.69720441845382 0.0009999999999998899
      vertex -29.389339828220177 16.510660171779822 5
      vertex -29.616644650470597 16.69720441845382 5
    endloop
  endfacet
  facet normal 0 0 1
    outer loop
      vertex -31.83581929876693 -16.024025148547633 0.0009999999999998899
      vertex -31.69720441845382 -16.2833553495294 0.0009999999999998899
      vertex -30.45 -15.45 0.0009999999999998899
    endloop
  endfacet
  facet normal 0 0 1
    outer loop
      vertex -31.83581929876693 -16.024025148547633 0.0009999999999998899
      vertex -30.45 -15.45 0.0009999999999998899
      vertex -31.921177920604844 -15.742635483024191 0.0009999999999998899
    endloop
  endfacet
  facet normal 0 0 1
    outer loop
      vertex -31.921177920604844 -15.742635483024191 0.0009999999999998899
      vertex -30.45 -15.45 0.0009999999999998899
      vertex -31.95 -15.45 0.0009999999999998899
    endloop
  endfacet
  facet normal 0 0 1
    outer loop
      vertex -31.95 -15.45 0.0009999999999998899
      vertex -30.45 -15.45 0.0009999999999998899
      vertex -31.921177920604844 -15.157364516975807 0.0009999999999998899
    endloop
  endfacet
  facet normal 0 0 1
    outer loop
      vertex -31.2833553495294 -16.69720441845382 0.0009999999999998899
      vertex -30.45 -15.45 0.0009999999999998899
      vertex -31.510660171779822 -16.510660171779822 0.0009999999999998899
    endloop
  endfacet
  facet normal 0 0 1
    outer loop
      vertex -31.2833553495294 -16.69720441845382 0.0009999999999998899
      vertex -31.024025148547633 -16.83581929876693 0.0009999999999998899
      vertex -30.45 -15.45 0.0009999999999998899
    endloop
  endfacet
  facet normal 0 0 1
    outer loop
      vertex -31.510660171779822 -16.510660171779822 0.0009999999999998899
      vertex -30.45 -15.45 0.0009999999999998899
      vertex -31.69720441845382 -16.2833553495294 0.0009999999999998899
    endloop
  endfacet
  facet normal 0 0 1
    outer loop
      vertex -31.024025148547633 -16.83581929876693 0.0009999999999998899
      vertex -30.74263548302419 -16.921177920604844 0.0009999999999998899
      vertex -30.45 -15.45 0.0009999999999998899
    endloop
  endfacet
  facet normal 0 0 1
    outer loop
      vertex -30.74263548302419 -16.921177920604844 0.0009999999999998899
      vertex -30.45 -16.95 0.0009999999999998899
      vertex -30.45 -15.45 0.0009999999999998899
    endloop
  endfacet
  facet normal 0 0 1
    outer loop
      vertex -30.45 -16.95 0.0009999999999998899
      vertex -30.157364516975807 -16.921177920604844 0.0009999999999998899
      vertex -30.45 -15.45 0.0009999999999998899
    endloop
  endfacet
  facet normal 0 0 1
    outer loop
      vertex -30.157364516975807 -16.921177920604844 0.0009999999999998899
      vertex -29.875974851452366 -16.83581929876693 0.0009999999999998899
      vertex -30.45 -15.45 0.0009999999999998899
    endloop
  endfacet
  facet normal 0 0 1
    outer loop
      vertex -29.875974851452366 -16.83581929876693 0.0009999999999998899
      vertex -29.616644650470597 -16.69720441845382 0.0009999999999998899
      vertex -30.45 -15.45 0.0009999999999998899
    endloop
  endfacet
  facet normal 0 0 1
    outer loop
      vertex -30.45 -15.45 0.0009999999999998899
      vertex -29.616644650470597 -16.69720441845382 0.0009999999999998899
      vertex -29.389339828220177 -16.510660171779822 0.0009999999999998899
    endloop
  endfacet
  facet normal 0 0 1
    outer loop
      vertex -30.45 -15.45 0.0009999999999998899
      vertex -29.389339828220177 -16.510660171779822 0.0009999999999998899
      vertex -29.20279558154618 -16.2833553495294 0.0009999999999998899
    endloop
  endfacet
  facet normal 0 0 1
    outer loop
      vertex -30.45 -15.45 0.0009999999999998899
      vertex -29.20279558154618 -16.2833553495294 0.0009999999999998899
      vertex -29.06418070123307 -16.024025148547633 0.0009999999999998899
    endloop
  endfacet
  facet normal 0 0 1
    outer loop
      vertex -30.45 -15.45 0.0009999999999998899
      vertex -29.06418070123307 -16.024025148547633 0.0009999999999998899
      vertex -28.978822079395155 -15.742635483024191 0.0009999999999998899
    endloop
  endfacet
  facet normal 0 0 1
    outer loop
      vertex -30.45 -15.45 0.0009999999999998899
      vertex -28.978822079395155 -15.742635483024191 0.0009999999999998899
      vertex -28.95 -15.45 0.0009999999999998899
    endloop
  endfacet
  facet normal 0 0 1
    outer loop
      vertex -30.45 -15.45 0.0009999999999998899
      vertex -28.95 -15.45 0.0009999999999998899
      vertex -28.978822079395155 -15.157364516975807 0.0009999999999998899
    endloop
  endfacet
  facet normal 0 0 1
    outer loop
      vertex -31.921177920604844 -15.157364516975807 0.0009999999999998899
      vertex -30.45 -15.45 0.0009999999999998899
      vertex -31.83581929876693 -14.875974851452364 0.0009999999999998899
    endloop
  endfacet
  facet normal 0 0 1
    outer loop
      vertex -31.83581929876693 -14.875974851452364 0.0009999999999998899
      vertex -30.45 -15.45 0.0009999999999998899
      vertex -31.69720441845382 -14.616644650470596 0.0009999999999998899
    endloop
  endfacet
  facet normal 0 0 1
    outer loop
      vertex -30.45 -15.45 0.0009999999999998899
      vertex -31.510660171779822 -14.389339828220178 0.0009999999999998899
      vertex -31.69720441845382 -14.616644650470596 0.0009999999999998899
    endloop
  endfacet
  facet normal 0 0 1
    outer loop
      vertex -30.45 -15.45 0.0009999999999998899
      vertex -31.2833553495294 -14.202795581546182 0.0009999999999998899
      vertex -31.510660171779822 -14.389339828220178 0.0009999999999998899
    endloop
  endfacet
  facet normal 0 0 1
    outer loop
      vertex -30.45 -15.45 0.0009999999999998899
      vertex -31.024025148547633 -14.06418070123307 0.0009999999999998899
      vertex -31.2833553495294 -14.202795581546182 0.0009999999999998899
    endloop
  endfacet
  facet normal 0 0 1
    outer loop
      vertex -30.45 -15.45 0.0009999999999998899
      vertex -30.74263548302419 -13.978822079395155 0.0009999999999998899
      vertex -31.024025148547633 -14.06418070123307 0.0009999999999998899
    endloop
  endfacet
  facet normal 0 0 1
    outer loop
      vertex -30.45 -15.45 0.0009999999999998899
      vertex -30.45 -13.95 0.0009999999999998899
      vertex -30.74263548302419 -13.978822079395155 0.0009999999999998899
    endloop
  endfacet
  facet normal 0 0 1
    outer loop
      vertex -30.45 -15.45 0.0009999999999998899
      vertex -30.157364516975807 -13.978822079395155 0.0009999999999998899
      vertex -30.45 -13.95 0.0009999999999998899
    endloop
  endfacet
  facet normal 0 0 1
    outer loop
      vertex -30.45 -15.45 0.0009999999999998899
      vertex -29.616644650470597 -14.202795581546182 0.0009999999999998899
      vertex -29.875974851452366 -14.06418070123307 0.0009999999999998899
    endloop
  endfacet
  facet normal 0 0 1
    outer loop
      vertex -30.45 -15.45 0.0009999999999998899
      vertex -29.20279558154618 -14.616644650470596 0.0009999999999998899
      vertex -29.389339828220177 -14.389339828220178 0.0009999999999998899
    endloop
  endfacet
  facet normal 0 0 1
    outer loop
      vertex -30.45 -15.45 0.0009999999999998899
      vertex -29.389339828220177 -14.389339828220178 0.0009999999999998899
      vertex -29.616644650470597 -14.202795581546182 0.0009999999999998899
    endloop
  endfacet
  facet normal 0 0 1
    outer loop
      vertex -30.45 -15.45 0.0009999999999998899
      vertex -28.978822079395155 -15.157364516975807 0.0009999999999998899
      vertex -29.06418070123307 -14.875974851452364 0.0009999999999998899
    endloop
  endfacet
  facet normal 0 0 1
    outer loop
      vertex -30.45 -15.45 0.0009999999999998899
      vertex -29.06418070123307 -14.875974851452364 0.0009999999999998899
      vertex -29.20279558154618 -14.616644650470596 0.0009999999999998899
    endloop
  endfacet
  facet normal 0 0 1
    outer loop
      vertex -30.45 -15.45 0.0009999999999998899
      vertex -29.875974851452366 -14.06418070123307 0.0009999999999998899
      vertex -30.157364516975807 -13.978822079395155 0.0009999999999998899
    endloop
  endfacet
  facet normal 0.6343932841636404 0.7730104533627411 -2.1592587153721446e-19
    outer loop
      vertex -31.2833553495294 -16.69720441845382 0.0009999999999998899
      vertex -31.510660171779822 -16.510660171779822 0.0009999999999998899
      vertex -31.510660171779822 -16.510660171779822 5
    endloop
  endfacet
  facet normal 0.29028467725446333 0.9569403357322085 0
    outer loop
      vertex -31.024025148547633 -16.83581929876693 0.0009999999999998899
      vertex -31.024025148547633 -16.83581929876693 5
      vertex -30.74263548302419 -16.921177920604844 0.0009999999999998899
    endloop
  endfacet
  facet normal 0.471396736825992 0.881921264348358 0
    outer loop
      vertex -31.2833553495294 -16.69720441845382 0.0009999999999998899
      vertex -31.2833553495294 -16.69720441845382 5
      vertex -31.024025148547633 -16.83581929876693 0.0009999999999998899
    endloop
  endfacet
  facet normal 0.09801714032956382 0.9951847266721966 0
    outer loop
      vertex -30.74263548302419 -16.921177920604844 0.0009999999999998899
      vertex -30.74263548302419 -16.921177920604844 5
      vertex -30.45 -16.95 0.0009999999999998899
    endloop
  endfacet
  facet normal -0.09801714032956382 0.9951847266721966 0
    outer loop
      vertex -30.45 -16.95 0.0009999999999998899
      vertex -30.45 -16.95 5
      vertex -30.157364516975807 -16.921177920604844 0.0009999999999998899
    endloop
  endfacet
  facet normal 0.7730104533627411 0.6343932841636404 -2.1592587153721446e-19
    outer loop
      vertex -31.510660171779822 -16.510660171779822 0.0009999999999998899
      vertex -31.69720441845382 -16.2833553495294 0.0009999999999998899
      vertex -31.69720441845382 -16.2833553495294 5
    endloop
  endfacet
  facet normal 0.881921264348358 0.471396736825992 0
    outer loop
      vertex -31.83581929876693 -16.024025148547633 0.0009999999999998899
      vertex -31.83581929876693 -16.024025148547633 5
      vertex -31.69720441845382 -16.2833553495294 0.0009999999999998899
    endloop
  endfacet
  facet normal 0.9569403357322085 0.29028467725446333 6.739369562405416e-19
    outer loop
      vertex -31.83581929876693 -16.024025148547633 0.0009999999999998899
      vertex -31.921177920604844 -15.742635483024191 0.0009999999999998899
      vertex -31.921177920604844 -15.742635483024191 5
    endloop
  endfacet
  facet normal 0.9951847266721966 0.09801714032956382 -3.1389387496354963e-19
    outer loop
      vertex -31.921177920604844 -15.742635483024191 0.0009999999999998899
      vertex -31.95 -15.45 0.0009999999999998899
      vertex -31.95 -15.45 5
    endloop
  endfacet
  facet normal 0.9951847266721966 -0.09801714032956382 3.1389387496354963e-19
    outer loop
      vertex -31.95 -15.45 0.0009999999999998899
      vertex -31.921177920604844 -15.157364516975807 0.0009999999999998899
      vertex -31.921177920604844 -15.157364516975807 5
    endloop
  endfacet
  facet normal -0.29028467725446333 0.9569403357322085 0
    outer loop
      vertex -30.157364516975807 -16.921177920604844 0.0009999999999998899
      vertex -30.157364516975807 -16.921177920604844 5
      vertex -29.875974851452366 -16.83581929876693 0.0009999999999998899
    endloop
  endfacet
  facet normal -0.471396736825992 0.881921264348358 0
    outer loop
      vertex -29.875974851452366 -16.83581929876693 0.0009999999999998899
      vertex -29.875974851452366 -16.83581929876693 5
      vertex -29.616644650470597 -16.69720441845382 0.0009999999999998899
    endloop
  endfacet
  facet normal -0.6343932841636404 0.7730104533627411 0
    outer loop
      vertex -29.616644650470597 -16.69720441845382 0.0009999999999998899
      vertex -29.616644650470597 -16.69720441845382 5
      vertex -29.389339828220177 -16.510660171779822 0.0009999999999998899
    endloop
  endfacet
  facet normal -0.7730104533627411 0.6343932841636404 0
    outer loop
      vertex -29.389339828220177 -16.510660171779822 0.0009999999999998899
      vertex -29.389339828220177 -16.510660171779822 5
      vertex -29.20279558154618 -16.2833553495294 0.0009999999999998899
    endloop
  endfacet
  facet normal -0.881921264348358 0.471396736825992 0
    outer loop
      vertex -29.20279558154618 -16.2833553495294 0.0009999999999998899
      vertex -29.20279558154618 -16.2833553495294 5
      vertex -29.06418070123307 -16.024025148547633 0.0009999999999998899
    endloop
  endfacet
  facet normal -0.9569403357322085 0.29028467725446333 0
    outer loop
      vertex -29.06418070123307 -16.024025148547633 0.0009999999999998899
      vertex -29.06418070123307 -16.024025148547633 5
      vertex -28.978822079395155 -15.742635483024191 0.0009999999999998899
    endloop
  endfacet
  facet normal -0.9951847266721966 0.09801714032956382 0
    outer loop
      vertex -28.978822079395155 -15.742635483024191 0.0009999999999998899
      vertex -28.978822079395155 -15.742635483024191 5
      vertex -28.95 -15.45 0.0009999999999998899
    endloop
  endfacet
  facet normal -0.9951847266721966 -0.09801714032956382 0
    outer loop
      vertex -28.95 -15.45 0.0009999999999998899
      vertex -28.95 -15.45 5
      vertex -28.978822079395155 -15.157364516975807 0.0009999999999998899
    endloop
  endfacet
  facet normal 0.956940335732209 -0.29028467725446166 9.867529255262004e-19
    outer loop
      vertex -31.921177920604844 -15.157364516975807 0.0009999999999998899
      vertex -31.83581929876693 -14.875974851452364 0.0009999999999998899
      vertex -31.83581929876693 -14.875974851452364 5
    endloop
  endfacet
  facet normal 0.881921264348358 -0.471396736825992 -6.221372491140448e-19
    outer loop
      vertex -31.83581929876693 -14.875974851452364 0.0009999999999998899
      vertex -31.69720441845382 -14.616644650470596 0.0009999999999998899
      vertex -31.69720441845382 -14.616644650470596 5
    endloop
  endfacet
  facet normal 0.7730104533627363 -0.6343932841636463 -2.1945945701597677e-18
    outer loop
      vertex -31.69720441845382 -14.616644650470596 0.0009999999999998899
      vertex -31.510660171779822 -14.389339828220178 0.0009999999999998899
      vertex -31.510660171779822 -14.389339828220178 5
    endloop
  endfacet
  facet normal 0.6343932841636404 -0.7730104533627411 2.1592587153721446e-19
    outer loop
      vertex -31.510660171779822 -14.389339828220178 0.0009999999999998899
      vertex -31.2833553495294 -14.202795581546182 0.0009999999999998899
      vertex -31.2833553495294 -14.202795581546182 5
    endloop
  endfacet
  facet normal 0.47139673682599664 -0.8819212643483556 1.2119078397529851e-18
    outer loop
      vertex -31.2833553495294 -14.202795581546182 0.0009999999999998899
      vertex -31.024025148547633 -14.06418070123307 0.0009999999999998899
      vertex -31.024025148547633 -14.06418070123307 5
    endloop
  endfacet
  facet normal 0.29028467725446333 -0.9569403357322085 -6.739369562405416e-19
    outer loop
      vertex -31.024025148547633 -14.06418070123307 0.0009999999999998899
      vertex -30.74263548302419 -13.978822079395155 0.0009999999999998899
      vertex -30.74263548302419 -13.978822079395155 5
    endloop
  endfacet
  facet normal 0.09801714032956382 -0.9951847266721966 3.1389387496354963e-19
    outer loop
      vertex -30.74263548302419 -13.978822079395155 0.0009999999999998899
      vertex -30.45 -13.95 0.0009999999999998899
      vertex -30.45 -13.95 5
    endloop
  endfacet
  facet normal -0.09801714032956382 -0.9951847266721966 -3.1389387496354963e-19
    outer loop
      vertex -30.45 -13.95 0.0009999999999998899
      vertex -30.157364516975807 -13.978822079395155 0.0009999999999998899
      vertex -30.157364516975807 -13.978822079395155 5
    endloop
  endfacet
  facet normal -0.956940335732209 -0.29028467725446166 0
    outer loop
      vertex -28.978822079395155 -15.157364516975807 0.0009999999999998899
      vertex -28.978822079395155 -15.157364516975807 5
      vertex -29.06418070123307 -14.875974851452364 0.0009999999999998899
    endloop
  endfacet
  facet normal -0.881921264348358 -0.471396736825992 0
    outer loop
      vertex -29.06418070123307 -14.875974851452364 0.0009999999999998899
      vertex -29.06418070123307 -14.875974851452364 5
      vertex -29.20279558154618 -14.616644650470596 0.0009999999999998899
    endloop
  endfacet
  facet normal -0.29028467725446333 -0.9569403357322085 6.739369562405416e-19
    outer loop
      vertex -30.157364516975807 -13.978822079395155 0.0009999999999998899
      vertex -29.875974851452366 -14.06418070123307 0.0009999999999998899
      vertex -29.875974851452366 -14.06418070123307 5
    endloop
  endfacet
  facet normal -0.47139673682599664 -0.8819212643483556 -1.2119078397529851e-18
    outer loop
      vertex -29.875974851452366 -14.06418070123307 0.0009999999999998899
      vertex -29.616644650470597 -14.202795581546182 0.0009999999999998899
      vertex -29.616644650470597 -14.202795581546182 5
    endloop
  endfacet
  facet normal -0.6343932841636404 -0.7730104533627411 0
    outer loop
      vertex -29.389339828220177 -14.389339828220178 0.0009999999999998899
      vertex -29.389339828220177 -14.389339828220178 5
      vertex -29.616644650470597 -14.202795581546182 0.0009999999999998899
    endloop
  endfacet
  facet normal -0.7730104533627363 -0.6343932841636463 0
    outer loop
      vertex -29.20279558154618 -14.616644650470596 0.0009999999999998899
      vertex -29.20279558154618 -14.616644650470596 5
      vertex -29.389339828220177 -14.389339828220178 0.0009999999999998899
    endloop
  endfacet
  facet normal 0.6343932841636404 0.7730104533627411 0
    outer loop
      vertex -31.2833553495294 -16.69720441845382 0.0009999999999998899
      vertex -31.510660171779822 -16.510660171779822 5
      vertex -31.2833553495294 -16.69720441845382 5
    endloop
  endfacet
  facet normal 0.471396736825992 0.881921264348358 0
    outer loop
      vertex -31.024025148547633 -16.83581929876693 0.0009999999999998899
      vertex -31.2833553495294 -16.69720441845382 5
      vertex -31.024025148547633 -16.83581929876693 5
    endloop
  endfacet
  facet normal 0.29028467725446333 0.9569403357322085 0
    outer loop
      vertex -30.74263548302419 -16.921177920604844 0.0009999999999998899
      vertex -31.024025148547633 -16.83581929876693 5
      vertex -30.74263548302419 -16.921177920604844 5
    endloop
  endfacet
  facet normal 0.09801714032956382 0.9951847266721966 0
    outer loop
      vertex -30.45 -16.95 0.0009999999999998899
      vertex -30.74263548302419 -16.921177920604844 5
      vertex -30.45 -16.95 5
    endloop
  endfacet
  facet normal -0.09801714032956382 0.9951847266721966 0
    outer loop
      vertex -30.157364516975807 -16.921177920604844 0.0009999999999998899
      vertex -30.45 -16.95 5
      vertex -30.157364516975807 -16.921177920604844 5
    endloop
  endfacet
  facet normal 0.881921264348358 0.471396736825992 0
    outer loop
      vertex -31.69720441845382 -16.2833553495294 0.0009999999999998899
      vertex -31.83581929876693 -16.024025148547633 5
      vertex -31.69720441845382 -16.2833553495294 5
    endloop
  endfacet
  facet normal 0.7730104533627411 0.6343932841636404 0
    outer loop
      vertex -31.510660171779822 -16.510660171779822 0.0009999999999998899
      vertex -31.69720441845382 -16.2833553495294 5
      vertex -31.510660171779822 -16.510660171779822 5
    endloop
  endfacet
  facet normal 0.9569403357322085 0.29028467725446333 0
    outer loop
      vertex -31.83581929876693 -16.024025148547633 0.0009999999999998899
      vertex -31.921177920604844 -15.742635483024191 5
      vertex -31.83581929876693 -16.024025148547633 5
    endloop
  endfacet
  facet normal 0.9951847266721966 0.09801714032956382 0
    outer loop
      vertex -31.921177920604844 -15.742635483024191 0.0009999999999998899
      vertex -31.95 -15.45 5
      vertex -31.921177920604844 -15.742635483024191 5
    endloop
  endfacet
  facet normal 0.9951847266721966 -0.09801714032956382 0
    outer loop
      vertex -31.95 -15.45 0.0009999999999998899
      vertex -31.921177920604844 -15.157364516975807 5
      vertex -31.95 -15.45 5
    endloop
  endfacet
  facet normal -0.29028467725446333 0.9569403357322085 0
    outer loop
      vertex -29.875974851452366 -16.83581929876693 0.0009999999999998899
      vertex -30.157364516975807 -16.921177920604844 5
      vertex -29.875974851452366 -16.83581929876693 5
    endloop
  endfacet
  facet normal -0.471396736825992 0.881921264348358 0
    outer loop
      vertex -29.616644650470597 -16.69720441845382 0.0009999999999998899
      vertex -29.875974851452366 -16.83581929876693 5
      vertex -29.616644650470597 -16.69720441845382 5
    endloop
  endfacet
  facet normal -0.6343932841636404 0.7730104533627411 0
    outer loop
      vertex -29.389339828220177 -16.510660171779822 0.0009999999999998899
      vertex -29.616644650470597 -16.69720441845382 5
      vertex -29.389339828220177 -16.510660171779822 5
    endloop
  endfacet
  facet normal -0.7730104533627411 0.6343932841636404 0
    outer loop
      vertex -29.20279558154618 -16.2833553495294 0.0009999999999998899
      vertex -29.389339828220177 -16.510660171779822 5
      vertex -29.20279558154618 -16.2833553495294 5
    endloop
  endfacet
  facet normal -0.881921264348358 0.471396736825992 0
    outer loop
      vertex -29.06418070123307 -16.024025148547633 0.0009999999999998899
      vertex -29.20279558154618 -16.2833553495294 5
      vertex -29.06418070123307 -16.024025148547633 5
    endloop
  endfacet
  facet normal -0.9569403357322085 0.29028467725446333 0
    outer loop
      vertex -28.978822079395155 -15.742635483024191 0.0009999999999998899
      vertex -29.06418070123307 -16.024025148547633 5
      vertex -28.978822079395155 -15.742635483024191 5
    endloop
  endfacet
  facet normal -0.9951847266721966 0.09801714032956382 0
    outer loop
      vertex -28.95 -15.45 0.0009999999999998899
      vertex -28.978822079395155 -15.742635483024191 5
      vertex -28.95 -15.45 5
    endloop
  endfacet
  facet normal -0.9951847266721966 -0.09801714032956382 0
    outer loop
      vertex -28.978822079395155 -15.157364516975807 0.0009999999999998899
      vertex -28.95 -15.45 5
      vertex -28.978822079395155 -15.157364516975807 5
    endloop
  endfacet
  facet normal 0.956940335732209 -0.29028467725446166 0
    outer loop
      vertex -31.921177920604844 -15.157364516975807 0.0009999999999998899
      vertex -31.83581929876693 -14.875974851452364 5
      vertex -31.921177920604844 -15.157364516975807 5
    endloop
  endfacet
  facet normal 0.881921264348358 -0.471396736825992 0
    outer loop
      vertex -31.83581929876693 -14.875974851452364 0.0009999999999998899
      vertex -31.69720441845382 -14.616644650470596 5
      vertex -31.83581929876693 -14.875974851452364 5
    endloop
  endfacet
  facet normal 0.7730104533627363 -0.6343932841636463 0
    outer loop
      vertex -31.69720441845382 -14.616644650470596 0.0009999999999998899
      vertex -31.510660171779822 -14.389339828220178 5
      vertex -31.69720441845382 -14.616644650470596 5
    endloop
  endfacet
  facet normal 0.6343932841636404 -0.7730104533627411 0
    outer loop
      vertex -31.510660171779822 -14.389339828220178 0.0009999999999998899
      vertex -31.2833553495294 -14.202795581546182 5
      vertex -31.510660171779822 -14.389339828220178 5
    endloop
  endfacet
  facet normal 0.47139673682599664 -0.8819212643483556 0
    outer loop
      vertex -31.2833553495294 -14.202795581546182 0.0009999999999998899
      vertex -31.024025148547633 -14.06418070123307 5
      vertex -31.2833553495294 -14.202795581546182 5
    endloop
  endfacet
  facet normal 0.29028467725446333 -0.9569403357322085 0
    outer loop
      vertex -31.024025148547633 -14.06418070123307 0.0009999999999998899
      vertex -30.74263548302419 -13.978822079395155 5
      vertex -31.024025148547633 -14.06418070123307 5
    endloop
  endfacet
  facet normal 0.09801714032956382 -0.9951847266721966 0
    outer loop
      vertex -30.74263548302419 -13.978822079395155 0.0009999999999998899
      vertex -30.45 -13.95 5
      vertex -30.74263548302419 -13.978822079395155 5
    endloop
  endfacet
  facet normal -0.09801714032956382 -0.9951847266721966 0
    outer loop
      vertex -30.45 -13.95 0.0009999999999998899
      vertex -30.157364516975807 -13.978822079395155 5
      vertex -30.45 -13.95 5
    endloop
  endfacet
  facet normal -0.956940335732209 -0.29028467725446166 0
    outer loop
      vertex -29.06418070123307 -14.875974851452364 0.0009999999999998899
      vertex -28.978822079395155 -15.157364516975807 5
      vertex -29.06418070123307 -14.875974851452364 5
    endloop
  endfacet
  facet normal -0.881921264348358 -0.471396736825992 0
    outer loop
      vertex -29.20279558154618 -14.616644650470596 0.0009999999999998899
      vertex -29.06418070123307 -14.875974851452364 5
      vertex -29.20279558154618 -14.616644650470596 5
    endloop
  endfacet
  facet normal -0.29028467725446333 -0.9569403357322085 0
    outer loop
      vertex -30.157364516975807 -13.978822079395155 0.0009999999999998899
      vertex -29.875974851452366 -14.06418070123307 5
      vertex -30.157364516975807 -13.978822079395155 5
    endloop
  endfacet
  facet normal -0.47139673682599664 -0.8819212643483556 0
    outer loop
      vertex -29.875974851452366 -14.06418070123307 0.0009999999999998899
      vertex -29.616644650470597 -14.202795581546182 5
      vertex -29.875974851452366 -14.06418070123307 5
    endloop
  endfacet
  facet normal -0.7730104533627363 -0.6343932841636463 0
    outer loop
      vertex -29.389339828220177 -14.389339828220178 0.0009999999999998899
      vertex -29.20279558154618 -14.616644650470596 5
      vertex -29.389339828220177 -14.389339828220178 5
    endloop
  endfacet
  facet normal -0.6343932841636404 -0.7730104533627411 0
    outer loop
      vertex -29.616644650470597 -14.202795581546182 0.0009999999999998899
      vertex -29.389339828220177 -14.389339828220178 5
      vertex -29.616644650470597 -14.202795581546182 5
    endloop
  endfacet
  facet normal 0 0 1
    outer loop
      vertex 29.06418070123307 -16.024025148547633 0.0009999999999998899
      vertex 29.20279558154618 -16.2833553495294 0.0009999999999998899
      vertex 30.45 -15.45 0.0009999999999998899
    endloop
  endfacet
  facet normal 0 0 1
    outer loop
      vertex 29.616644650470597 -16.69720441845382 0.0009999999999998899
      vertex 30.45 -15.45 0.0009999999999998899
      vertex 29.389339828220177 -16.510660171779822 0.0009999999999998899
    endloop
  endfacet
  facet normal 0 0 1
    outer loop
      vertex 29.616644650470597 -16.69720441845382 0.0009999999999998899
      vertex 29.875974851452366 -16.83581929876693 0.0009999999999998899
      vertex 30.45 -15.45 0.0009999999999998899
    endloop
  endfacet
  facet normal 0 0 1
    outer loop
      vertex 30.157364516975807 -16.921177920604844 0.0009999999999998899
      vertex 30.45 -15.45 0.0009999999999998899
      vertex 29.875974851452366 -16.83581929876693 0.0009999999999998899
    endloop
  endfacet
  facet normal 0 0 1
    outer loop
      vertex 29.389339828220177 -16.510660171779822 0.0009999999999998899
      vertex 30.45 -15.45 0.0009999999999998899
      vertex 29.20279558154618 -16.2833553495294 0.0009999999999998899
    endloop
  endfacet
  facet normal 0 0 1
    outer loop
      vertex 29.06418070123307 -16.024025148547633 0.0009999999999998899
      vertex 30.45 -15.45 0.0009999999999998899
      vertex 28.978822079395155 -15.742635483024191 0.0009999999999998899
    endloop
  endfacet
  facet normal 0 0 1
    outer loop
      vertex 28.978822079395155 -15.742635483024191 0.0009999999999998899
      vertex 30.45 -15.45 0.0009999999999998899
      vertex 28.95 -15.45 0.0009999999999998899
    endloop
  endfacet
  facet normal 0 0 1
    outer loop
      vertex 28.95 -15.45 0.0009999999999998899
      vertex 30.45 -15.45 0.0009999999999998899
      vertex 28.978822079395155 -15.157364516975807 0.0009999999999998899
    endloop
  endfacet
  facet normal 0 0 1
    outer loop
      vertex 30.157364516975807 -16.921177920604844 0.0009999999999998899
      vertex 30.45 -16.95 0.0009999999999998899
      vertex 30.45 -15.45 0.0009999999999998899
    endloop
  endfacet
  facet normal 0 0 1
    outer loop
      vertex 30.45 -16.95 0.0009999999999998899
      vertex 30.74263548302419 -16.921177920604844 0.0009999999999998899
      vertex 30.45 -15.45 0.0009999999999998899
    endloop
  endfacet
  facet normal 0 0 1
    outer loop
      vertex 30.74263548302419 -16.921177920604844 0.0009999999999998899
      vertex 31.024025148547633 -16.83581929876693 0.0009999999999998899
      vertex 30.45 -15.45 0.0009999999999998899
    endloop
  endfacet
  facet normal 0 0 1
    outer loop
      vertex 31.024025148547633 -16.83581929876693 0.0009999999999998899
      vertex 31.2833553495294 -16.69720441845382 0.0009999999999998899
      vertex 30.45 -15.45 0.0009999999999998899
    endloop
  endfacet
  facet normal 0 0 1
    outer loop
      vertex 31.2833553495294 -16.69720441845382 0.0009999999999998899
      vertex 31.510660171779822 -16.510660171779822 0.0009999999999998899
      vertex 30.45 -15.45 0.0009999999999998899
    endloop
  endfacet
  facet normal 0 0 1
    outer loop
      vertex 30.45 -15.45 0.0009999999999998899
      vertex 31.510660171779822 -16.510660171779822 0.0009999999999998899
      vertex 31.69720441845382 -16.2833553495294 0.0009999999999998899
    endloop
  endfacet
  facet normal 0 0 1
    outer loop
      vertex 30.45 -15.45 0.0009999999999998899
      vertex 31.69720441845382 -16.2833553495294 0.0009999999999998899
      vertex 31.83581929876693 -16.024025148547633 0.0009999999999998899
    endloop
  endfacet
  facet normal 0 0 1
    outer loop
      vertex 30.45 -15.45 0.0009999999999998899
      vertex 31.83581929876693 -16.024025148547633 0.0009999999999998899
      vertex 31.921177920604844 -15.742635483024191 0.0009999999999998899
    endloop
  endfacet
  facet normal 0 0 1
    outer loop
      vertex 30.45 -15.45 0.0009999999999998899
      vertex 31.921177920604844 -15.742635483024191 0.0009999999999998899
      vertex 31.95 -15.45 0.0009999999999998899
    endloop
  endfacet
  facet normal 0 0 1
    outer loop
      vertex 30.45 -15.45 0.0009999999999998899
      vertex 31.95 -15.45 0.0009999999999998899
      vertex 31.921177920604844 -15.157364516975807 0.0009999999999998899
    endloop
  endfacet
  facet normal 0 0 1
    outer loop
      vertex 28.978822079395155 -15.157364516975807 0.0009999999999998899
      vertex 30.45 -15.45 0.0009999999999998899
      vertex 29.06418070123307 -14.875974851452364 0.0009999999999998899
    endloop
  endfacet
  facet normal 0 0 1
    outer loop
      vertex 29.06418070123307 -14.875974851452364 0.0009999999999998899
      vertex 30.45 -15.45 0.0009999999999998899
      vertex 29.20279558154618 -14.616644650470596 0.0009999999999998899
    endloop
  endfacet
  facet normal 0 0 1
    outer loop
      vertex 29.20279558154618 -14.616644650470596 0.0009999999999998899
      vertex 30.45 -15.45 0.0009999999999998899
      vertex 29.389339828220177 -14.389339828220178 0.0009999999999998899
    endloop
  endfacet
  facet normal 0 0 1
    outer loop
      vertex 29.389339828220177 -14.389339828220178 0.0009999999999998899
      vertex 30.45 -15.45 0.0009999999999998899
      vertex 29.616644650470597 -14.202795581546182 0.0009999999999998899
    endloop
  endfacet
  facet normal 0 0 1
    outer loop
      vertex 30.45 -15.45 0.0009999999999998899
      vertex 29.875974851452366 -14.06418070123307 0.0009999999999998899
      vertex 29.616644650470597 -14.202795581546182 0.0009999999999998899
    endloop
  endfacet
  facet normal 0 0 1
    outer loop
      vertex 30.45 -15.45 0.0009999999999998899
      vertex 30.157364516975807 -13.978822079395155 0.0009999999999998899
      vertex 29.875974851452366 -14.06418070123307 0.0009999999999998899
    endloop
  endfacet
  facet normal 0 0 1
    outer loop
      vertex 30.45 -15.45 0.0009999999999998899
      vertex 31.2833553495294 -14.202795581546182 0.0009999999999998899
      vertex 31.024025148547633 -14.06418070123307 0.0009999999999998899
    endloop
  endfacet
  facet normal 0 0 1
    outer loop
      vertex 30.45 -15.45 0.0009999999999998899
      vertex 31.69720441845382 -14.616644650470596 0.0009999999999998899
      vertex 31.510660171779822 -14.389339828220178 0.0009999999999998899
    endloop
  endfacet
  facet normal 0 0 1
    outer loop
      vertex 30.45 -15.45 0.0009999999999998899
      vertex 31.510660171779822 -14.389339828220178 0.0009999999999998899
      vertex 31.2833553495294 -14.202795581546182 0.0009999999999998899
    endloop
  endfacet
  facet normal 0 0 1
    outer loop
      vertex 30.45 -15.45 0.0009999999999998899
      vertex 30.45 -13.95 0.0009999999999998899
      vertex 30.157364516975807 -13.978822079395155 0.0009999999999998899
    endloop
  endfacet
  facet normal 0 0 1
    outer loop
      vertex 30.45 -15.45 0.0009999999999998899
      vertex 30.74263548302419 -13.978822079395155 0.0009999999999998899
      vertex 30.45 -13.95 0.0009999999999998899
    endloop
  endfacet
  facet normal 0 0 1
    outer loop
      vertex 30.45 -15.45 0.0009999999999998899
      vertex 31.024025148547633 -14.06418070123307 0.0009999999999998899
      vertex 30.74263548302419 -13.978822079395155 0.0009999999999998899
    endloop
  endfacet
  facet normal 0 0 1
    outer loop
      vertex 30.45 -15.45 0.0009999999999998899
      vertex 31.921177920604844 -15.157364516975807 0.0009999999999998899
      vertex 31.83581929876693 -14.875974851452364 0.0009999999999998899
    endloop
  endfacet
  facet normal 0 0 1
    outer loop
      vertex 30.45 -15.45 0.0009999999999998899
      vertex 31.83581929876693 -14.875974851452364 0.0009999999999998899
      vertex 31.69720441845382 -14.616644650470596 0.0009999999999998899
    endloop
  endfacet
  facet normal 0.6343932841636404 0.7730104533627411 -2.1592587153721446e-19
    outer loop
      vertex 29.616644650470597 -16.69720441845382 0.0009999999999998899
      vertex 29.389339828220177 -16.510660171779822 0.0009999999999998899
      vertex 29.389339828220177 -16.510660171779822 5
    endloop
  endfacet
  facet normal 0.29028467725446333 0.9569403357322085 6.739369562405416e-19
    outer loop
      vertex 30.157364516975807 -16.921177920604844 0.0009999999999998899
      vertex 29.875974851452366 -16.83581929876693 0.0009999999999998899
      vertex 29.875974851452366 -16.83581929876693 5
    endloop
  endfacet
  facet normal 0.471396736825992 0.881921264348358 0
    outer loop
      vertex 29.616644650470597 -16.69720441845382 0.0009999999999998899
      vertex 29.616644650470597 -16.69720441845382 5
      vertex 29.875974851452366 -16.83581929876693 0.0009999999999998899
    endloop
  endfacet
  facet normal 0.9951847266721966 0.09801714032956382 -3.1389387496354963e-19
    outer loop
      vertex 28.978822079395155 -15.742635483024191 0.0009999999999998899
      vertex 28.95 -15.45 0.0009999999999998899
      vertex 28.95 -15.45 5
    endloop
  endfacet
  facet normal 0.9951847266721966 -0.09801714032956382 3.1389387496354963e-19
    outer loop
      vertex 28.95 -15.45 0.0009999999999998899
      vertex 28.978822079395155 -15.157364516975807 0.0009999999999998899
      vertex 28.978822079395155 -15.157364516975807 5
    endloop
  endfacet
  facet normal 0.7730104533627411 0.6343932841636404 -2.1592587153721446e-19
    outer loop
      vertex 29.389339828220177 -16.510660171779822 0.0009999999999998899
      vertex 29.20279558154618 -16.2833553495294 0.0009999999999998899
      vertex 29.20279558154618 -16.2833553495294 5
    endloop
  endfacet
  facet normal 0.881921264348358 0.471396736825992 0
    outer loop
      vertex 29.06418070123307 -16.024025148547633 0.0009999999999998899
      vertex 29.06418070123307 -16.024025148547633 5
      vertex 29.20279558154618 -16.2833553495294 0.0009999999999998899
    endloop
  endfacet
  facet normal 0.9569403357322085 0.29028467725446333 6.739369562405416e-19
    outer loop
      vertex 29.06418070123307 -16.024025148547633 0.0009999999999998899
      vertex 28.978822079395155 -15.742635483024191 0.0009999999999998899
      vertex 28.978822079395155 -15.742635483024191 5
    endloop
  endfacet
  facet normal 0.09801714032956382 0.9951847266721966 0
    outer loop
      vertex 30.157364516975807 -16.921177920604844 0.0009999999999998899
      vertex 30.157364516975807 -16.921177920604844 5
      vertex 30.45 -16.95 0.0009999999999998899
    endloop
  endfacet
  facet normal -0.09801714032956382 0.9951847266721966 0
    outer loop
      vertex 30.45 -16.95 0.0009999999999998899
      vertex 30.45 -16.95 5
      vertex 30.74263548302419 -16.921177920604844 0.0009999999999998899
    endloop
  endfacet
  facet normal -0.29028467725446333 0.9569403357322085 0
    outer loop
      vertex 30.74263548302419 -16.921177920604844 0.0009999999999998899
      vertex 30.74263548302419 -16.921177920604844 5
      vertex 31.024025148547633 -16.83581929876693 0.0009999999999998899
    endloop
  endfacet
  facet normal -0.471396736825992 0.881921264348358 0
    outer loop
      vertex 31.024025148547633 -16.83581929876693 0.0009999999999998899
      vertex 31.024025148547633 -16.83581929876693 5
      vertex 31.2833553495294 -16.69720441845382 0.0009999999999998899
    endloop
  endfacet
  facet normal -0.6343932841636404 0.7730104533627411 0
    outer loop
      vertex 31.2833553495294 -16.69720441845382 0.0009999999999998899
      vertex 31.2833553495294 -16.69720441845382 5
      vertex 31.510660171779822 -16.510660171779822 0.0009999999999998899
    endloop
  endfacet
  facet normal -0.7730104533627411 0.6343932841636404 0
    outer loop
      vertex 31.510660171779822 -16.510660171779822 0.0009999999999998899
      vertex 31.510660171779822 -16.510660171779822 5
      vertex 31.69720441845382 -16.2833553495294 0.0009999999999998899
    endloop
  endfacet
  facet normal -0.881921264348358 0.471396736825992 0
    outer loop
      vertex 31.69720441845382 -16.2833553495294 0.0009999999999998899
      vertex 31.69720441845382 -16.2833553495294 5
      vertex 31.83581929876693 -16.024025148547633 0.0009999999999998899
    endloop
  endfacet
  facet normal -0.9569403357322085 0.29028467725446333 0
    outer loop
      vertex 31.83581929876693 -16.024025148547633 0.0009999999999998899
      vertex 31.83581929876693 -16.024025148547633 5
      vertex 31.921177920604844 -15.742635483024191 0.0009999999999998899
    endloop
  endfacet
  facet normal -0.9951847266721966 0.09801714032956382 0
    outer loop
      vertex 31.921177920604844 -15.742635483024191 0.0009999999999998899
      vertex 31.921177920604844 -15.742635483024191 5
      vertex 31.95 -15.45 0.0009999999999998899
    endloop
  endfacet
  facet normal -0.9951847266721966 -0.09801714032956382 0
    outer loop
      vertex 31.95 -15.45 0.0009999999999998899
      vertex 31.95 -15.45 5
      vertex 31.921177920604844 -15.157364516975807 0.0009999999999998899
    endloop
  endfacet
  facet normal 0.956940335732209 -0.29028467725446166 9.867529255262004e-19
    outer loop
      vertex 28.978822079395155 -15.157364516975807 0.0009999999999998899
      vertex 29.06418070123307 -14.875974851452364 0.0009999999999998899
      vertex 29.06418070123307 -14.875974851452364 5
    endloop
  endfacet
  facet normal 0.881921264348358 -0.471396736825992 -6.221372491140448e-19
    outer loop
      vertex 29.06418070123307 -14.875974851452364 0.0009999999999998899
      vertex 29.20279558154618 -14.616644650470596 0.0009999999999998899
      vertex 29.20279558154618 -14.616644650470596 5
    endloop
  endfacet
  facet normal 0.7730104533627363 -0.6343932841636463 -2.1945945701597677e-18
    outer loop
      vertex 29.20279558154618 -14.616644650470596 0.0009999999999998899
      vertex 29.389339828220177 -14.389339828220178 0.0009999999999998899
      vertex 29.389339828220177 -14.389339828220178 5
    endloop
  endfacet
  facet normal 0.6343932841636404 -0.7730104533627411 2.1592587153721446e-19
    outer loop
      vertex 29.389339828220177 -14.389339828220178 0.0009999999999998899
      vertex 29.616644650470597 -14.202795581546182 0.0009999999999998899
      vertex 29.616644650470597 -14.202795581546182 5
    endloop
  endfacet
  facet normal 0.47139673682599664 -0.8819212643483556 1.2119078397529851e-18
    outer loop
      vertex 29.616644650470597 -14.202795581546182 0.0009999999999998899
      vertex 29.875974851452366 -14.06418070123307 0.0009999999999998899
      vertex 29.875974851452366 -14.06418070123307 5
    endloop
  endfacet
  facet normal 0.29028467725446333 -0.9569403357322085 -6.739369562405416e-19
    outer loop
      vertex 29.875974851452366 -14.06418070123307 0.0009999999999998899
      vertex 30.157364516975807 -13.978822079395155 0.0009999999999998899
      vertex 30.157364516975807 -13.978822079395155 5
    endloop
  endfacet
  facet normal 0.09801714032956382 -0.9951847266721966 3.1389387496354963e-19
    outer loop
      vertex 30.157364516975807 -13.978822079395155 0.0009999999999998899
      vertex 30.45 -13.95 0.0009999999999998899
      vertex 30.45 -13.95 5
    endloop
  endfacet
  facet normal -0.09801714032956382 -0.9951847266721966 -3.1389387496354963e-19
    outer loop
      vertex 30.45 -13.95 0.0009999999999998899
      vertex 30.74263548302419 -13.978822079395155 0.0009999999999998899
      vertex 30.74263548302419 -13.978822079395155 5
    endloop
  endfacet
  facet normal -0.29028467725446333 -0.9569403357322085 6.739369562405416e-19
    outer loop
      vertex 30.74263548302419 -13.978822079395155 0.0009999999999998899
      vertex 31.024025148547633 -14.06418070123307 0.0009999999999998899
      vertex 31.024025148547633 -14.06418070123307 5
    endloop
  endfacet
  facet normal -0.47139673682599664 -0.8819212643483556 -1.2119078397529851e-18
    outer loop
      vertex 31.024025148547633 -14.06418070123307 0.0009999999999998899
      vertex 31.2833553495294 -14.202795581546182 0.0009999999999998899
      vertex 31.2833553495294 -14.202795581546182 5
    endloop
  endfacet
  facet normal -0.956940335732209 -0.29028467725446166 0
    outer loop
      vertex 31.921177920604844 -15.157364516975807 0.0009999999999998899
      vertex 31.921177920604844 -15.157364516975807 5
      vertex 31.83581929876693 -14.875974851452364 0.0009999999999998899
    endloop
  endfacet
  facet normal -0.881921264348358 -0.471396736825992 6.221372491140448e-19
    outer loop
      vertex 31.69720441845382 -14.616644650470596 0.0009999999999998899
      vertex 31.83581929876693 -14.875974851452364 0.0009999999999998899
      vertex 31.83581929876693 -14.875974851452364 5
    endloop
  endfacet
  facet normal -0.6343932841636404 -0.7730104533627411 0
    outer loop
      vertex 31.510660171779822 -14.389339828220178 0.0009999999999998899
      vertex 31.510660171779822 -14.389339828220178 5
      vertex 31.2833553495294 -14.202795581546182 0.0009999999999998899
    endloop
  endfacet
  facet normal -0.7730104533627363 -0.6343932841636463 0
    outer loop
      vertex 31.69720441845382 -14.616644650470596 0.0009999999999998899
      vertex 31.69720441845382 -14.616644650470596 5
      vertex 31.510660171779822 -14.389339828220178 0.0009999999999998899
    endloop
  endfacet
  facet normal 0.6343932841636404 0.7730104533627411 0
    outer loop
      vertex 29.616644650470597 -16.69720441845382 0.0009999999999998899
      vertex 29.389339828220177 -16.510660171779822 5
      vertex 29.616644650470597 -16.69720441845382 5
    endloop
  endfacet
  facet normal 0.471396736825992 0.881921264348358 0
    outer loop
      vertex 29.875974851452366 -16.83581929876693 0.0009999999999998899
      vertex 29.616644650470597 -16.69720441845382 5
      vertex 29.875974851452366 -16.83581929876693 5
    endloop
  endfacet
  facet normal 0.29028467725446333 0.9569403357322085 0
    outer loop
      vertex 30.157364516975807 -16.921177920604844 0.0009999999999998899
      vertex 29.875974851452366 -16.83581929876693 5
      vertex 30.157364516975807 -16.921177920604844 5
    endloop
  endfacet
  facet normal 0.9951847266721966 0.09801714032956382 0
    outer loop
      vertex 28.978822079395155 -15.742635483024191 0.0009999999999998899
      vertex 28.95 -15.45 5
      vertex 28.978822079395155 -15.742635483024191 5
    endloop
  endfacet
  facet normal 0.9951847266721966 -0.09801714032956382 0
    outer loop
      vertex 28.95 -15.45 0.0009999999999998899
      vertex 28.978822079395155 -15.157364516975807 5
      vertex 28.95 -15.45 5
    endloop
  endfacet
  facet normal 0.881921264348358 0.471396736825992 0
    outer loop
      vertex 29.20279558154618 -16.2833553495294 0.0009999999999998899
      vertex 29.06418070123307 -16.024025148547633 5
      vertex 29.20279558154618 -16.2833553495294 5
    endloop
  endfacet
  facet normal 0.7730104533627411 0.6343932841636404 0
    outer loop
      vertex 29.389339828220177 -16.510660171779822 0.0009999999999998899
      vertex 29.20279558154618 -16.2833553495294 5
      vertex 29.389339828220177 -16.510660171779822 5
    endloop
  endfacet
  facet normal 0.9569403357322085 0.29028467725446333 0
    outer loop
      vertex 29.06418070123307 -16.024025148547633 0.0009999999999998899
      vertex 28.978822079395155 -15.742635483024191 5
      vertex 29.06418070123307 -16.024025148547633 5
    endloop
  endfacet
  facet normal 0.09801714032956382 0.9951847266721966 0
    outer loop
      vertex 30.45 -16.95 0.0009999999999998899
      vertex 30.157364516975807 -16.921177920604844 5
      vertex 30.45 -16.95 5
    endloop
  endfacet
  facet normal -0.09801714032956382 0.9951847266721966 0
    outer loop
      vertex 30.74263548302419 -16.921177920604844 0.0009999999999998899
      vertex 30.45 -16.95 5
      vertex 30.74263548302419 -16.921177920604844 5
    endloop
  endfacet
  facet normal -0.29028467725446333 0.9569403357322085 0
    outer loop
      vertex 31.024025148547633 -16.83581929876693 0.0009999999999998899
      vertex 30.74263548302419 -16.921177920604844 5
      vertex 31.024025148547633 -16.83581929876693 5
    endloop
  endfacet
  facet normal -0.471396736825992 0.881921264348358 0
    outer loop
      vertex 31.2833553495294 -16.69720441845382 0.0009999999999998899
      vertex 31.024025148547633 -16.83581929876693 5
      vertex 31.2833553495294 -16.69720441845382 5
    endloop
  endfacet
  facet normal -0.6343932841636404 0.7730104533627411 0
    outer loop
      vertex 31.510660171779822 -16.510660171779822 0.0009999999999998899
      vertex 31.2833553495294 -16.69720441845382 5
      vertex 31.510660171779822 -16.510660171779822 5
    endloop
  endfacet
  facet normal -0.7730104533627411 0.6343932841636404 0
    outer loop
      vertex 31.69720441845382 -16.2833553495294 0.0009999999999998899
      vertex 31.510660171779822 -16.510660171779822 5
      vertex 31.69720441845382 -16.2833553495294 5
    endloop
  endfacet
  facet normal -0.881921264348358 0.471396736825992 0
    outer loop
      vertex 31.83581929876693 -16.024025148547633 0.0009999999999998899
      vertex 31.69720441845382 -16.2833553495294 5
      vertex 31.83581929876693 -16.024025148547633 5
    endloop
  endfacet
  facet normal -0.9569403357322085 0.29028467725446333 0
    outer loop
      vertex 31.921177920604844 -15.742635483024191 0.0009999999999998899
      vertex 31.83581929876693 -16.024025148547633 5
      vertex 31.921177920604844 -15.742635483024191 5
    endloop
  endfacet
  facet normal -0.9951847266721966 0.09801714032956382 0
    outer loop
      vertex 31.95 -15.45 0.0009999999999998899
      vertex 31.921177920604844 -15.742635483024191 5
      vertex 31.95 -15.45 5
    endloop
  endfacet
  facet normal -0.9951847266721966 -0.09801714032956382 0
    outer loop
      vertex 31.921177920604844 -15.157364516975807 0.0009999999999998899
      vertex 31.95 -15.45 5
      vertex 31.921177920604844 -15.157364516975807 5
    endloop
  endfacet
  facet normal 0.956940335732209 -0.29028467725446166 0
    outer loop
      vertex 28.978822079395155 -15.157364516975807 0.0009999999999998899
      vertex 29.06418070123307 -14.875974851452364 5
      vertex 28.978822079395155 -15.157364516975807 5
    endloop
  endfacet
  facet normal 0.881921264348358 -0.471396736825992 0
    outer loop
      vertex 29.06418070123307 -14.875974851452364 0.0009999999999998899
      vertex 29.20279558154618 -14.616644650470596 5
      vertex 29.06418070123307 -14.875974851452364 5
    endloop
  endfacet
  facet normal 0.7730104533627363 -0.6343932841636463 0
    outer loop
      vertex 29.20279558154618 -14.616644650470596 0.0009999999999998899
      vertex 29.389339828220177 -14.389339828220178 5
      vertex 29.20279558154618 -14.616644650470596 5
    endloop
  endfacet
  facet normal 0.6343932841636404 -0.7730104533627411 0
    outer loop
      vertex 29.389339828220177 -14.389339828220178 0.0009999999999998899
      vertex 29.616644650470597 -14.202795581546182 5
      vertex 29.389339828220177 -14.389339828220178 5
    endloop
  endfacet
  facet normal 0.47139673682599664 -0.8819212643483556 0
    outer loop
      vertex 29.616644650470597 -14.202795581546182 0.0009999999999998899
      vertex 29.875974851452366 -14.06418070123307 5
      vertex 29.616644650470597 -14.202795581546182 5
    endloop
  endfacet
  facet normal 0.29028467725446333 -0.9569403357322085 0
    outer loop
      vertex 29.875974851452366 -14.06418070123307 0.0009999999999998899
      vertex 30.157364516975807 -13.978822079395155 5
      vertex 29.875974851452366 -14.06418070123307 5
    endloop
  endfacet
  facet normal 0.09801714032956382 -0.9951847266721966 0
    outer loop
      vertex 30.157364516975807 -13.978822079395155 0.0009999999999998899
      vertex 30.45 -13.95 5
      vertex 30.157364516975807 -13.978822079395155 5
    endloop
  endfacet
  facet normal -0.09801714032956382 -0.9951847266721966 0
    outer loop
      vertex 30.45 -13.95 0.0009999999999998899
      vertex 30.74263548302419 -13.978822079395155 5
      vertex 30.45 -13.95 5
    endloop
  endfacet
  facet normal -0.29028467725446333 -0.9569403357322085 0
    outer loop
      vertex 30.74263548302419 -13.978822079395155 0.0009999999999998899
      vertex 31.024025148547633 -14.06418070123307 5
      vertex 30.74263548302419 -13.978822079395155 5
    endloop
  endfacet
  facet normal -0.47139673682599664 -0.8819212643483556 0
    outer loop
      vertex 31.024025148547633 -14.06418070123307 0.0009999999999998899
      vertex 31.2833553495294 -14.202795581546182 5
      vertex 31.024025148547633 -14.06418070123307 5
    endloop
  endfacet
  facet normal -0.956940335732209 -0.29028467725446166 0
    outer loop
      vertex 31.83581929876693 -14.875974851452364 0.0009999999999998899
      vertex 31.921177920604844 -15.157364516975807 5
      vertex 31.83581929876693 -14.875974851452364 5
    endloop
  endfacet
  facet normal -0.881921264348358 -0.471396736825992 0
    outer loop
      vertex 31.69720441845382 -14.616644650470596 0.0009999999999998899
      vertex 31.83581929876693 -14.875974851452364 5
      vertex 31.69720441845382 -14.616644650470596 5
    endloop
  endfacet
  facet normal -0.7730104533627363 -0.6343932841636463 0
    outer loop
      vertex 31.510660171779822 -14.389339828220178 0.0009999999999998899
      vertex 31.69720441845382 -14.616644650470596 5
      vertex 31.510660171779822 -14.389339828220178 5
    endloop
  endfacet
  facet normal -0.6343932841636404 -0.7730104533627411 0
    outer loop
      vertex 31.2833553495294 -14.202795581546182 0.0009999999999998899
      vertex 31.510660171779822 -14.389339828220178 5
      vertex 31.2833553495294 -14.202795581546182 5
    endloop
  endfacet
  facet normal 0 0 1
    outer loop
      vertex -37.125 -20.25 0
      vertex -33.6835783637895 -16.789392013277812 0
      vertex -33.882748481411305 -16.132816127056447 0
    endloop
  endfacet
  facet normal 0 0 1
    outer loop
      vertex -37.125 -20.25 0
      vertex -31.789392013277812 -18.683578363789504 0
      vertex -32.394495815568604 -18.36014364305891 0
    endloop
  endfacet
  facet normal 0 0 1
    outer loop
      vertex -37.125 -20.25 0
      vertex -31.132816127056447 -18.882748481411305 0
      vertex -31.789392013277812 -18.683578363789504 0
    endloop
  endfacet
  facet normal 0 0 1
    outer loop
      vertex -37.125 -20.25 0
      vertex -30.45 -18.95 0
      vertex -31.132816127056447 -18.882748481411305 0
    endloop
  endfacet
  facet normal 0 0 1
    outer loop
      vertex -37.125 -20.25 0
      vertex -32.92487373415292 -17.924873734152914 0
      vertex -33.360143643058905 -17.394495815568607 0
    endloop
  endfacet
  facet normal 0 0 1
    outer loop
      vertex -37.125 -20.25 0
      vertex -32.394495815568604 -18.36014364305891 0
      vertex -32.92487373415292 -17.924873734152914 0
    endloop
  endfacet
  facet normal 0 0 1
    outer loop
      vertex -37.125 -20.25 0
      vertex -33.360143643058905 -17.394495815568607 0
      vertex -33.6835783637895 -16.789392013277812 0
    endloop
  endfacet
  facet normal 0 0 1
    outer loop
      vertex -37.125 -20.25 0
      vertex -33.882748481411305 -16.132816127056447 0
      vertex -33.95 -15.45 0
    endloop
  endfacet
  facet normal 0 0 1
    outer loop
      vertex -37.125 -20.25 0
      vertex -33.95 -15.45 0
      vertex -33.882748481411305 -14.76718387294355 0
    endloop
  endfacet
  facet normal 0 0 1
    outer loop
      vertex -37.125 -20.25 0
      vertex -33.882748481411305 -14.76718387294355 0
      vertex -33.6835783637895 -14.110607986722185 0
    endloop
  endfacet
  facet normal 0 0 1
    outer loop
      vertex -37.125 -20.25 0
      vertex -33.6835783637895 -14.110607986722185 0
      vertex -33.360143643058905 -13.505504184431391 0
    endloop
  endfacet
  facet normal -1 0 0
    outer loop
      vertex -37.125 -20.25 -1.6
      vertex -37.125 -20.25 0
      vertex -37.125 20.25 0
    endloop
  endfacet
  facet normal 0 0 1
    outer loop
      vertex -37.125 -20.25 0
      vertex -33.360143643058905 -13.505504184431391 0
      vertex -32.92487373415292 12.975126265847083 0
    endloop
  endfacet
  facet normal 0 0 1
    outer loop
      vertex -33.360143643058905 -13.505504184431391 0
      vertex -32.92487373415292 -12.975126265847083 0
      vertex -32.92487373415292 12.975126265847083 0
    endloop
  endfacet
  facet normal 0 0 1
    outer loop
      vertex -32.92487373415292 -12.975126265847083 0
      vertex -32.394495815568604 -12.53985635694109 0
      vertex -32.394495815568604 12.53985635694109 0
    endloop
  endfacet
  facet normal 0 0 1
    outer loop
      vertex -32.394495815568604 -12.53985635694109 0
      vertex -31.789392013277812 -12.216421636210496 0
      vertex -31.789392013277812 12.216421636210496 0
    endloop
  endfacet
  facet normal 0 0 1
    outer loop
      vertex -31.789392013277812 -12.216421636210496 0
      vertex -31.132816127056447 -12.017251518588694 0
      vertex -31.132816127056447 12.017251518588694 0
    endloop
  endfacet
  facet normal 0 0 1
    outer loop
      vertex -31.132816127056447 -12.017251518588694 0
      vertex -30.45 -11.95 0
      vertex -30.45 11.95 0
    endloop
  endfacet
  facet normal 0 0 1
    outer loop
      vertex -30.45 -11.95 0
      vertex -29.76718387294355 -12.017251518588694 0
      vertex -29.76718387294355 12.017251518588694 0
    endloop
  endfacet
  facet normal 0 0 1
    outer loop
      vertex -29.110607986722187 -12.216421636210496 0
      vertex -29.110607986722187 12.216421636210496 0
      vertex -29.76718387294355 -12.017251518588694 0
    endloop
  endfacet
  facet normal 0 0 1
    outer loop
      vertex -29.110607986722187 -12.216421636210496 0
      vertex -28.50550418443139 -12.53985635694109 0
      vertex -28.50550418443139 12.53985635694109 0
    endloop
  endfacet
  facet normal 0 0 1
    outer loop
      vertex -27.975126265847084 -12.975126265847083 0
      vertex -27.975126265847084 12.975126265847083 0
      vertex -28.50550418443139 -12.53985635694109 0
    endloop
  endfacet
  facet normal 0 0 1
    outer loop
      vertex -27.216421636210494 -14.110607986722185 0
      vertex -27.975126265847084 12.975126265847083 0
      vertex -27.53985635694109 -13.505504184431391 0
    endloop
  endfacet
  facet normal 0 0 1
    outer loop
      vertex -27.975126265847084 -12.975126265847083 0
      vertex -27.53985635694109 -13.505504184431391 0
      vertex -27.975126265847084 12.975126265847083 0
    endloop
  endfacet
  facet normal 0 -1 0
    outer loop
      vertex -37.125 -20.25 -1.6
      vertex 37.125 -20.25 0
      vertex -37.125 -20.25 0
    endloop
  endfacet
  facet normal 0 0 1
    outer loop
      vertex -37.125 -20.25 0
      vertex 29.110607986722187 -18.683578363789504 0
      vertex -30.45 -18.95 0
    endloop
  endfacet
  facet normal 0 0 1
    outer loop
      vertex -30.45 -18.95 0
      vertex 29.110607986722187 -18.683578363789504 0
      vertex -29.76718387294355 -18.882748481411305 0
    endloop
  endfacet
  facet normal 0 0 1
    outer loop
      vertex -29.76718387294355 -18.882748481411305 0
      vertex 29.110607986722187 -18.683578363789504 0
      vertex -29.110607986722187 -18.683578363789504 0
    endloop
  endfacet
  facet normal 0 0 1
    outer loop
      vertex -29.110607986722187 -18.683578363789504 0
      vertex 29.110607986722187 -18.683578363789504 0
      vertex -28.50550418443139 -18.36014364305891 0
    endloop
  endfacet
  facet normal 0 0 1
    outer loop
      vertex -28.50550418443139 -18.36014364305891 0
      vertex 28.50550418443139 -18.36014364305891 0
      vertex -27.975126265847084 -17.924873734152914 0
    endloop
  endfacet
  facet normal 0 0 1
    outer loop
      vertex -27.975126265847084 -17.924873734152914 0
      vertex 27.975126265847084 -17.924873734152914 0
      vertex -27.53985635694109 -17.394495815568607 0
    endloop
  endfacet
  facet normal 0 0 1
    outer loop
      vertex -27.53985635694109 -17.394495815568607 0
      vertex 27.53985635694109 -17.394495815568607 0
      vertex -27.216421636210494 -16.789392013277812 0
    endloop
  endfacet
  facet normal 0 0 1
    outer loop
      vertex -27.216421636210494 -16.789392013277812 0
      vertex 27.216421636210494 -16.789392013277812 0
      vertex -27.017251518588694 -16.132816127056447 0
    endloop
  endfacet
  facet normal 0 0 1
    outer loop
      vertex -27.017251518588694 -16.132816127056447 0
      vertex 27.017251518588694 -16.132816127056447 0
      vertex -26.95 -15.45 0
    endloop
  endfacet
  facet normal 0 0 1
    outer loop
      vertex -26.95 -15.45 0
      vertex 26.95 -15.45 0
      vertex -27.017251518588694 -14.76718387294355 0
    endloop
  endfacet
  facet normal 0 0 1
    outer loop
      vertex -27.017251518588694 -14.76718387294355 0
      vertex 27.017251518588694 -14.76718387294355 0
      vertex -27.216421636210494 -14.110607986722185 0
    endloop
  endfacet
  facet normal 0 0 1
    outer loop
      vertex -27.216421636210494 -14.110607986722185 0
      vertex 27.017251518588694 -14.76718387294355 0
      vertex -27.975126265847084 12.975126265847083 0
    endloop
  endfacet
  facet normal 0 0 1
    outer loop
      vertex -37.125 -20.25 0
      vertex -32.92487373415292 12.975126265847083 0
      vertex -33.360143643058905 13.505504184431391 0
    endloop
  endfacet
  facet normal 0 0 1
    outer loop
      vertex -37.125 -20.25 0
      vertex -33.360143643058905 13.505504184431391 0
      vertex -33.6835783637895 14.110607986722185 0
    endloop
  endfacet
  facet normal 0 0 1
    outer loop
      vertex -37.125 -20.25 0
      vertex -33.6835783637895 14.110607986722185 0
      vertex -33.882748481411305 14.76718387294355 0
    endloop
  endfacet
  facet normal 0 0 1
    outer loop
      vertex -37.125 -20.25 0
      vertex -33.882748481411305 14.76718387294355 0
      vertex -33.95 15.45 0
    endloop
  endfacet
  facet normal 0 0 1
    outer loop
      vertex -32.92487373415292 -12.975126265847083 0
      vertex -32.394495815568604 12.53985635694109 0
      vertex -32.92487373415292 12.975126265847083 0
    endloop
  endfacet
  facet normal 0 0 1
    outer loop
      vertex -32.394495815568604 -12.53985635694109 0
      vertex -31.789392013277812 12.216421636210496 0
      vertex -32.394495815568604 12.53985635694109 0
    endloop
  endfacet
  facet normal 0 0 1
    outer loop
      vertex -31.789392013277812 -12.216421636210496 0
      vertex -31.132816127056447 12.017251518588694 0
      vertex -31.789392013277812 12.216421636210496 0
    endloop
  endfacet
  facet normal 0 0 1
    outer loop
      vertex -31.132816127056447 -12.017251518588694 0
      vertex -30.45 11.95 0
      vertex -31.132816127056447 12.017251518588694 0
    endloop
  endfacet
  facet normal 0 0 1
    outer loop
      vertex -30.45 -11.95 0
      vertex -29.76718387294355 12.017251518588694 0
      vertex -30.45 11.95 0
    endloop
  endfacet
  facet normal 0 0 1
    outer loop
      vertex -29.76718387294355 -12.017251518588694 0
      vertex -29.110607986722187 12.216421636210496 0
      vertex -29.76718387294355 12.017251518588694 0
    endloop
  endfacet
  facet normal 0 0 1
    outer loop
      vertex -29.110607986722187 -12.216421636210496 0
      vertex -28.50550418443139 12.53985635694109 0
      vertex -29.110607986722187 12.216421636210496 0
    endloop
  endfacet
  facet normal 0 0 1
    outer loop
      vertex -28.50550418443139 -12.53985635694109 0
      vertex -27.975126265847084 12.975126265847083 0
      vertex -28.50550418443139 12.53985635694109 0
    endloop
  endfacet
  facet normal -1 0 0
    outer loop
      vertex -37.125 -20.25 -1.6
      vertex -37.125 20.25 0
      vertex -37.125 20.25 -1.6
    endloop
  endfacet
  facet normal 0 0 1
    outer loop
      vertex -37.125 -20.25 0
      vertex -33.95 15.45 0
      vertex -37.125 20.25 0
    endloop
  endfacet
  facet normal 0 0 1
    outer loop
      vertex -37.125 20.25 0
      vertex -33.95 15.45 0
      vertex -33.882748481411305 16.132816127056447 0
    endloop
  endfacet
  facet normal 0 0 1
    outer loop
      vertex -37.125 20.25 0
      vertex -33.882748481411305 16.132816127056447 0
      vertex -33.6835783637895 16.789392013277812 0
    endloop
  endfacet
  facet normal 0 0 1
    outer loop
      vertex -37.125 20.25 0
      vertex -33.6835783637895 16.789392013277812 0
      vertex -33.360143643058905 17.394495815568607 0
    endloop
  endfacet
  facet normal 0 0 1
    outer loop
      vertex -37.125 20.25 0
      vertex -33.360143643058905 17.394495815568607 0
      vertex -32.92487373415292 17.924873734152914 0
    endloop
  endfacet
  facet normal 0 0 1
    outer loop
      vertex -37.125 20.25 0
      vertex -32.92487373415292 17.924873734152914 0
      vertex -32.394495815568604 18.36014364305891 0
    endloop
  endfacet
  facet normal 0 0 1
    outer loop
      vertex -37.125 20.25 0
      vertex -32.394495815568604 18.36014364305891 0
      vertex -31.789392013277812 18.683578363789504 0
    endloop
  endfacet
  facet normal 0 0 1
    outer loop
      vertex -37.125 20.25 0
      vertex -31.789392013277812 18.683578363789504 0
      vertex -31.132816127056447 18.882748481411305 0
    endloop
  endfacet
  facet normal 0 0 1
    outer loop
      vertex -37.125 20.25 0
      vertex -31.132816127056447 18.882748481411305 0
      vertex -30.45 18.95 0
    endloop
  endfacet
  facet normal 0 0 1
    outer loop
      vertex -27.975126265847084 12.975126265847083 0
      vertex 27.017251518588694 -14.76718387294355 0
      vertex -27.53985635694109 13.505504184431391 0
    endloop
  endfacet
  facet normal 0 0 -1
    outer loop
      vertex -37.125 -20.25 -1.6
      vertex -37.125 20.25 -1.6
      vertex 37.125 20.25 -1.6
    endloop
  endfacet
  facet normal 0 0 1
    outer loop
      vertex 27.216421636210494 -14.110607986722185 0
      vertex -27.216421636210494 14.110607986722185 0
      vertex -27.53985635694109 13.505504184431391 0
    endloop
  endfacet
  facet normal 0 0 1
    outer loop
      vertex -27.216421636210494 14.110607986722185 0
      vertex 27.53985635694109 -13.505504184431391 0
      vertex -27.017251518588694 14.76718387294355 0
    endloop
  endfacet
  facet normal 0 0 1
    outer loop
      vertex -27.017251518588694 14.76718387294355 0
      vertex 27.975126265847084 -12.975126265847083 0
      vertex -26.95 15.45 0
    endloop
  endfacet
  facet normal 0 0 1
    outer loop
      vertex -26.95 15.45 0
      vertex 28.50550418443139 -12.53985635694109 0
      vertex -27.017251518588694 16.132816127056447 0
    endloop
  endfacet
  facet normal 0 0 1
    outer loop
      vertex -27.017251518588694 16.132816127056447 0
      vertex 29.110607986722187 -12.216421636210496 0
      vertex -27.216421636210494 16.789392013277812 0
    endloop
  endfacet
  facet normal 0 1 0
    outer loop
      vertex -37.125 20.25 -1.6
      vertex -37.125 20.25 0
      vertex 37.125 20.25 -1.6
    endloop
  endfacet
  facet normal 0 0 1
    outer loop
      vertex -27.975126265847084 17.924873734152914 0
      vertex -27.53985635694109 17.394495815568607 0
      vertex 27.53985635694109 17.394495815568607 0
    endloop
  endfacet
  facet normal 0 0 1
    outer loop
      vertex -37.125 20.25 0
      vertex -30.45 18.95 0
      vertex 29.110607986722187 18.683578363789504 0
    endloop
  endfacet
  facet normal 0 0 1
    outer loop
      vertex -27.975126265847084 17.924873734152914 0
      vertex 27.975126265847084 17.924873734152914 0
      vertex -28.50550418443139 18.36014364305891 0
    endloop
  endfacet
  facet normal 0 0 1
    outer loop
      vertex -30.45 18.95 0
      vertex -29.76718387294355 18.882748481411305 0
      vertex 29.110607986722187 18.683578363789504 0
    endloop
  endfacet
  facet normal 0 0 1
    outer loop
      vertex -29.76718387294355 18.882748481411305 0
      vertex -29.110607986722187 18.683578363789504 0
      vertex 29.110607986722187 18.683578363789504 0
    endloop
  endfacet
  facet normal 0 0 1
    outer loop
      vertex -29.110607986722187 18.683578363789504 0
      vertex -28.50550418443139 18.36014364305891 0
      vertex 28.50550418443139 18.36014364305891 0
    endloop
  endfacet
  facet normal 0 0 1
    outer loop
      vertex -27.216421636210494 16.789392013277812 0
      vertex 27.216421636210494 16.789392013277812 0
      vertex -27.53985635694109 17.394495815568607 0
    endloop
  endfacet
  facet normal 0 0 1
    outer loop
      vertex -37.125 -20.25 0
      vertex 29.76718387294355 -18.882748481411305 0
      vertex 29.110607986722187 -18.683578363789504 0
    endloop
  endfacet
  facet normal 0 0 1
    outer loop
      vertex -37.125 -20.25 0
      vertex 30.45 -18.95 0
      vertex 29.76718387294355 -18.882748481411305 0
    endloop
  endfacet
  facet normal 0 0 1
    outer loop
      vertex -27.216421636210494 -16.789392013277812 0
      vertex 27.53985635694109 -17.394495815568607 0
      vertex 27.216421636210494 -16.789392013277812 0
    endloop
  endfacet
  facet normal 0 0 1
    outer loop
      vertex -27.017251518588694 -16.132816127056447 0
      vertex 27.216421636210494 -16.789392013277812 0
      vertex 27.017251518588694 -16.132816127056447 0
    endloop
  endfacet
  facet normal 0 0 1
    outer loop
      vertex -26.95 -15.45 0
      vertex 27.017251518588694 -16.132816127056447 0
      vertex 26.95 -15.45 0
    endloop
  endfacet
  facet normal 0 0 1
    outer loop
      vertex -27.017251518588694 -14.76718387294355 0
      vertex 26.95 -15.45 0
      vertex 27.017251518588694 -14.76718387294355 0
    endloop
  endfacet
  facet normal 0 -1 0
    outer loop
      vertex -37.125 -20.25 -1.6
      vertex 37.125 -20.25 -1.6
      vertex 37.125 -20.25 0
    endloop
  endfacet
  facet normal 0 0 1
    outer loop
      vertex -37.125 -20.25 0
      vertex 37.125 -20.25 0
      vertex 30.45 -18.95 0
    endloop
  endfacet
  facet normal 0 0 1
    outer loop
      vertex -28.50550418443139 -18.36014364305891 0
      vertex 29.110607986722187 -18.683578363789504 0
      vertex 28.50550418443139 -18.36014364305891 0
    endloop
  endfacet
  facet normal 0 0 1
    outer loop
      vertex -27.975126265847084 -17.924873734152914 0
      vertex 28.50550418443139 -18.36014364305891 0
      vertex 27.975126265847084 -17.924873734152914 0
    endloop
  endfacet
  facet normal 0 0 1
    outer loop
      vertex -27.53985635694109 -17.394495815568607 0
      vertex 27.975126265847084 -17.924873734152914 0
      vertex 27.53985635694109 -17.394495815568607 0
    endloop
  endfacet
  facet normal 0 0 1
    outer loop
      vertex 27.216421636210494 -14.110607986722185 0
      vertex -27.53985635694109 13.505504184431391 0
      vertex 27.017251518588694 -14.76718387294355 0
    endloop
  endfacet
  facet normal 0 0 1
    outer loop
      vertex -27.216421636210494 14.110607986722185 0
      vertex 27.216421636210494 -14.110607986722185 0
      vertex 27.53985635694109 -13.505504184431391 0
    endloop
  endfacet
  facet normal 0 0 -1
    outer loop
      vertex -37.125 -20.25 -1.6
      vertex 37.125 20.25 -1.6
      vertex 37.125 -20.25 -1.6
    endloop
  endfacet
  facet normal 0 0 1
    outer loop
      vertex -27.017251518588694 14.76718387294355 0
      vertex 27.53985635694109 -13.505504184431391 0
      vertex 27.975126265847084 -12.975126265847083 0
    endloop
  endfacet
  facet normal 0 0 1
    outer loop
      vertex -26.95 15.45 0
      vertex 27.975126265847084 -12.975126265847083 0
      vertex 28.50550418443139 -12.53985635694109 0
    endloop
  endfacet
  facet normal 0 0 1
    outer loop
      vertex -27.017251518588694 16.132816127056447 0
      vertex 28.50550418443139 -12.53985635694109 0
      vertex 29.110607986722187 -12.216421636210496 0
    endloop
  endfacet
  facet normal 0 0 1
    outer loop
      vertex -27.216421636210494 16.789392013277812 0
      vertex 29.110607986722187 -12.216421636210496 0
      vertex 29.76718387294355 -12.017251518588694 0
    endloop
  endfacet
  facet normal 0 0 1
    outer loop
      vertex 37.125 -20.25 0
      vertex 31.132816127056447 -18.882748481411305 0
      vertex 30.45 -18.95 0
    endloop
  endfacet
  facet normal 0 0 1
    outer loop
      vertex 37.125 -20.25 0
      vertex 31.789392013277812 -18.683578363789504 0
      vertex 31.132816127056447 -18.882748481411305 0
    endloop
  endfacet
  facet normal 0 0 1
    outer loop
      vertex 37.125 -20.25 0
      vertex 32.394495815568604 -18.36014364305891 0
      vertex 31.789392013277812 -18.683578363789504 0
    endloop
  endfacet
  facet normal 0 0 1
    outer loop
      vertex 37.125 -20.25 0
      vertex 32.92487373415292 -17.924873734152914 0
      vertex 32.394495815568604 -18.36014364305891 0
    endloop
  endfacet
  facet normal 0 0 1
    outer loop
      vertex 37.125 -20.25 0
      vertex 33.360143643058905 -17.394495815568607 0
      vertex 32.92487373415292 -17.924873734152914 0
    endloop
  endfacet
  facet normal 0 0 1
    outer loop
      vertex 37.125 -20.25 0
      vertex 33.6835783637895 -16.789392013277812 0
      vertex 33.360143643058905 -17.394495815568607 0
    endloop
  endfacet
  facet normal 0 0 1
    outer loop
      vertex 37.125 -20.25 0
      vertex 33.882748481411305 -16.132816127056447 0
      vertex 33.6835783637895 -16.789392013277812 0
    endloop
  endfacet
  facet normal 0 0 1
    outer loop
      vertex 37.125 -20.25 0
      vertex 33.95 -15.45 0
      vertex 33.882748481411305 -16.132816127056447 0
    endloop
  endfacet
  facet normal 1 0 0
    outer loop
      vertex 37.125 -20.25 -1.6
      vertex 37.125 20.25 -1.6
      vertex 37.125 -20.25 0
    endloop
  endfacet
  facet normal 0 0 1
    outer loop
      vertex 37.125 -20.25 0
      vertex 32.394495815568604 12.53985635694109 0
      vertex 33.95 -15.45 0
    endloop
  endfacet
  facet normal 0 0 1
    outer loop
      vertex 33.95 -15.45 0
      vertex 32.394495815568604 12.53985635694109 0
      vertex 33.882748481411305 -14.76718387294355 0
    endloop
  endfacet
  facet normal 0 0 1
    outer loop
      vertex 33.882748481411305 -14.76718387294355 0
      vertex 32.394495815568604 12.53985635694109 0
      vertex 33.6835783637895 -14.110607986722185 0
    endloop
  endfacet
  facet normal 0 0 1
    outer loop
      vertex 29.76718387294355 -12.017251518588694 0
      vertex 30.45 -11.95 0
      vertex 30.45 11.95 0
    endloop
  endfacet
  facet normal 0 0 1
    outer loop
      vertex 30.45 -11.95 0
      vertex 31.132816127056447 -12.017251518588694 0
      vertex 31.132816127056447 12.017251518588694 0
    endloop
  endfacet
  facet normal 0 0 1
    outer loop
      vertex 31.132816127056447 -12.017251518588694 0
      vertex 31.789392013277812 -12.216421636210496 0
      vertex 31.789392013277812 12.216421636210496 0
    endloop
  endfacet
  facet normal 0 0 1
    outer loop
      vertex 31.789392013277812 -12.216421636210496 0
      vertex 32.394495815568604 -12.53985635694109 0
      vertex 32.394495815568604 12.53985635694109 0
    endloop
  endfacet
  facet normal 0 0 1
    outer loop
      vertex 33.360143643058905 -13.505504184431391 0
      vertex 32.394495815568604 12.53985635694109 0
      vertex 32.92487373415292 -12.975126265847083 0
    endloop
  endfacet
  facet normal 0 0 1
    outer loop
      vertex 33.6835783637895 -14.110607986722185 0
      vertex 32.394495815568604 12.53985635694109 0
      vertex 33.360143643058905 -13.505504184431391 0
    endloop
  endfacet
  facet normal 0 0 1
    outer loop
      vertex 32.92487373415292 -12.975126265847083 0
      vertex 32.394495815568604 12.53985635694109 0
      vertex 32.394495815568604 -12.53985635694109 0
    endloop
  endfacet
  facet normal 0 0 1
    outer loop
      vertex -27.216421636210494 16.789392013277812 0
      vertex 29.76718387294355 -12.017251518588694 0
      vertex 29.76718387294355 12.017251518588694 0
    endloop
  endfacet
  facet normal 0 0 1
    outer loop
      vertex -27.216421636210494 16.789392013277812 0
      vertex 27.53985635694109 13.505504184431391 0
      vertex 27.216421636210494 14.110607986722185 0
    endloop
  endfacet
  facet normal 0 0 1
    outer loop
      vertex -27.216421636210494 16.789392013277812 0
      vertex 27.216421636210494 14.110607986722185 0
      vertex 27.017251518588694 14.76718387294355 0
    endloop
  endfacet
  facet normal 0 0 1
    outer loop
      vertex -27.216421636210494 16.789392013277812 0
      vertex 27.017251518588694 14.76718387294355 0
      vertex 26.95 15.45 0
    endloop
  endfacet
  facet normal 0 0 1
    outer loop
      vertex -27.216421636210494 16.789392013277812 0
      vertex 26.95 15.45 0
      vertex 27.017251518588694 16.132816127056447 0
    endloop
  endfacet
  facet normal 0 0 1
    outer loop
      vertex -27.216421636210494 16.789392013277812 0
      vertex 27.017251518588694 16.132816127056447 0
      vertex 27.216421636210494 16.789392013277812 0
    endloop
  endfacet
  facet normal 0 0 1
    outer loop
      vertex -27.53985635694109 17.394495815568607 0
      vertex 27.216421636210494 16.789392013277812 0
      vertex 27.53985635694109 17.394495815568607 0
    endloop
  endfacet
  facet normal 0 0 1
    outer loop
      vertex -27.975126265847084 17.924873734152914 0
      vertex 27.53985635694109 17.394495815568607 0
      vertex 27.975126265847084 17.924873734152914 0
    endloop
  endfacet
  facet normal 0 0 1
    outer loop
      vertex -37.125 20.25 0
      vertex 29.110607986722187 18.683578363789504 0
      vertex 29.76718387294355 18.882748481411305 0
    endloop
  endfacet
  facet normal 0 0 1
    outer loop
      vertex -37.125 20.25 0
      vertex 29.76718387294355 18.882748481411305 0
      vertex 30.45 18.95 0
    endloop
  endfacet
  facet normal 0 0 1
    outer loop
      vertex -27.216421636210494 16.789392013277812 0
      vertex 29.110607986722187 12.216421636210496 0
      vertex 28.50550418443139 12.53985635694109 0
    endloop
  endfacet
  facet normal 0 0 1
    outer loop
      vertex -27.216421636210494 16.789392013277812 0
      vertex 29.76718387294355 12.017251518588694 0
      vertex 29.110607986722187 12.216421636210496 0
    endloop
  endfacet
  facet normal 0 0 1
    outer loop
      vertex -27.216421636210494 16.789392013277812 0
      vertex 28.50550418443139 12.53985635694109 0
      vertex 27.975126265847084 12.975126265847083 0
    endloop
  endfacet
  facet normal 0 0 1
    outer loop
      vertex -27.216421636210494 16.789392013277812 0
      vertex 27.975126265847084 12.975126265847083 0
      vertex 27.53985635694109 13.505504184431391 0
    endloop
  endfacet
  facet normal 0 1 0
    outer loop
      vertex -37.125 20.25 0
      vertex 37.125 20.25 0
      vertex 37.125 20.25 -1.6
    endloop
  endfacet
  facet normal 0 0 1
    outer loop
      vertex -28.50550418443139 18.36014364305891 0
      vertex 27.975126265847084 17.924873734152914 0
      vertex 28.50550418443139 18.36014364305891 0
    endloop
  endfacet
  facet normal 0 0 1
    outer loop
      vertex -29.110607986722187 18.683578363789504 0
      vertex 28.50550418443139 18.36014364305891 0
      vertex 29.110607986722187 18.683578363789504 0
    endloop
  endfacet
  facet normal 0 0 1
    outer loop
      vertex -37.125 20.25 0
      vertex 30.45 18.95 0
      vertex 37.125 20.25 0
    endloop
  endfacet
  facet normal 0 0 1
    outer loop
      vertex 29.76718387294355 -12.017251518588694 0
      vertex 30.45 11.95 0
      vertex 29.76718387294355 12.017251518588694 0
    endloop
  endfacet
  facet normal 0 0 1
    outer loop
      vertex 30.45 -11.95 0
      vertex 31.132816127056447 12.017251518588694 0
      vertex 30.45 11.95 0
    endloop
  endfacet
  facet normal 0 0 1
    outer loop
      vertex 31.132816127056447 -12.017251518588694 0
      vertex 31.789392013277812 12.216421636210496 0
      vertex 31.132816127056447 12.017251518588694 0
    endloop
  endfacet
  facet normal 0 0 1
    outer loop
      vertex 31.789392013277812 -12.216421636210496 0
      vertex 32.394495815568604 12.53985635694109 0
      vertex 31.789392013277812 12.216421636210496 0
    endloop
  endfacet
  facet normal 0 0 1
    outer loop
      vertex 37.125 -20.25 0
      vertex 32.92487373415292 12.975126265847083 0
      vertex 32.394495815568604 12.53985635694109 0
    endloop
  endfacet
  facet normal 0 0 1
    outer loop
      vertex 37.125 -20.25 0
      vertex 33.360143643058905 13.505504184431391 0
      vertex 32.92487373415292 12.975126265847083 0
    endloop
  endfacet
  facet normal 0 0 1
    outer loop
      vertex 37.125 -20.25 0
      vertex 33.6835783637895 14.110607986722185 0
      vertex 33.360143643058905 13.505504184431391 0
    endloop
  endfacet
  facet normal 0 0 1
    outer loop
      vertex 37.125 -20.25 0
      vertex 33.882748481411305 14.76718387294355 0
      vertex 33.6835783637895 14.110607986722185 0
    endloop
  endfacet
  facet normal 0 0 1
    outer loop
      vertex 37.125 -20.25 0
      vertex 33.95 15.45 0
      vertex 33.882748481411305 14.76718387294355 0
    endloop
  endfacet
  facet normal 1 0 0
    outer loop
      vertex 37.125 -20.25 0
      vertex 37.125 20.25 -1.6
      vertex 37.125 20.25 0
    endloop
  endfacet
  facet normal 0 0 1
    outer loop
      vertex 37.125 -20.25 0
      vertex 37.125 20.25 0
      vertex 33.95 15.45 0
    endloop
  endfacet
  facet normal 0 0 1
    outer loop
      vertex 37.125 20.25 0
      vertex 33.882748481411305 16.132816127056447 0
      vertex 33.95 15.45 0
    endloop
  endfacet
  facet normal 0 0 1
    outer loop
      vertex 37.125 20.25 0
      vertex 33.360143643058905 17.394495815568607 0
      vertex 33.6835783637895 16.789392013277812 0
    endloop
  endfacet
  facet normal 0 0 1
    outer loop
      vertex 37.125 20.25 0
      vertex 32.394495815568604 18.36014364305891 0
      vertex 32.92487373415292 17.924873734152914 0
    endloop
  endfacet
  facet normal 0 0 1
    outer loop
      vertex 37.125 20.25 0
      vertex 32.92487373415292 17.924873734152914 0
      vertex 33.360143643058905 17.394495815568607 0
    endloop
  endfacet
  facet normal 0 0 1
    outer loop
      vertex 37.125 20.25 0
      vertex 30.45 18.95 0
      vertex 31.132816127056447 18.882748481411305 0
    endloop
  endfacet
  facet normal 0 0 1
    outer loop
      vertex 37.125 20.25 0
      vertex 31.132816127056447 18.882748481411305 0
      vertex 31.789392013277812 18.683578363789504 0
    endloop
  endfacet
  facet normal 0 0 1
    outer loop
      vertex 37.125 20.25 0
      vertex 31.789392013277812 18.683578363789504 0
      vertex 32.394495815568604 18.36014364305891 0
    endloop
  endfacet
  facet normal 0 0 1
    outer loop
      vertex 37.125 20.25 0
      vertex 33.6835783637895 16.789392013277812 0
      vertex 33.882748481411305 16.132816127056447 0
    endloop
  endfacet
endsolid OpenSCAD_Model
