solid OpenSCAD_Model
  facet normal -0.09754516100806315 -0.009607359798384677 0.995184726672197
    outer loop
      vertex -3.3049096779838716 -9 0.01912219546999383
      vertex -3.5 -9 0
      vertex -3.4327484814113065 -9.68281612705645 0
    endloop
  endfacet
  facet normal -0.09754516100806325 0.009607359798384686 0.995184726672197
    outer loop
      vertex -3.2414067652287617 -8.355244106687907 0.01912219546999383
      vertex -3.4327484814113065 -8.31718387294355 0
      vertex -3.5 -9 0
    endloop
  endfacet
  facet normal -0.06218141555799823 -0.07576827408347189 0.995184726672197
    outer loop
      vertex -2.336924044511445 -11.336924044511445 0.01912219546999383
      vertex -2.4748737341529163 -11.474873734152917 0
      vertex -1.9444958155686076 -11.910143643058909 0
    endloop
  endfacet
  facet normal -0.1841546497458423 -0.22439308996872792 0.9569403357322088
    outer loop
      vertex -2.336924044511445 -11.336924044511445 0.01912219546999383
      vertex -1.8361094399062379 -11.74793196864818 0.01912219546999383
      vertex -2.2042756840798177 -11.204275684079818 0.07575392663191494
    endloop
  endfacet
  facet normal -0.04620496010437014 -0.08644340032725537 0.995184726672197
    outer loop
      vertex -1.8361094399062379 -11.74793196864818 0.01912219546999383
      vertex -1.9444958155686076 -11.910143643058909 0
      vertex -1.3393920132778143 -12.233578363789503 0
    endloop
  endfacet
  facet normal -0.06218141555799817 -0.07576827408347185 0.995184726672197
    outer loop
      vertex -2.336924044511445 -11.336924044511445 0.01912219546999383
      vertex -1.9444958155686076 -11.910143643058909 0
      vertex -1.8361094399062379 -11.74793196864818 0.01912219546999383
    endloop
  endfacet
  facet normal -0.18415464974584134 -0.22439308996872726 0.9569403357322092
    outer loop
      vertex -2.2042756840798177 -11.204275684079818 0.07575392663191494
      vertex -1.8361094399062379 -11.74793196864818 0.01912219546999383
      vertex -1.7318882918767933 -11.591953997915699 0.07575392663191494
    endloop
  endfacet
  facet normal -0.29905092401906924 -0.36439460524757894 0.8819212643483555
    outer loop
      vertex -2.2042756840798177 -11.204275684079818 0.07575392663191494
      vertex -1.7318882918767933 -11.591953997915699 0.07575392663191494
      vertex -2.082026254959365 -11.082026254959365 0.1677188678166508
    endloop
  endfacet
  facet normal -0.2990509240190702 -0.3643946052475795 0.881921264348355
    outer loop
      vertex -2.082026254959365 -11.082026254959365 0.1677188678166508
      vertex -1.7318882918767933 -11.591953997915699 0.07575392663191494
      vertex -1.6358375317511522 -11.448203876803264 0.1677188678166508
    endloop
  endfacet
  facet normal -0.02845287394597157 -0.09379655517448002 0.995184726672197
    outer loop
      vertex -1.2647341792274716 -12.053338408287766 0.01912219546999383
      vertex -1.3393920132778143 -12.233578363789503 0
      vertex -0.6828161270564489 -12.432748481411306 0
    endloop
  endfacet
  facet normal -0.028452873945971763 -0.09379655517448032 0.995184726672197
    outer loop
      vertex -1.2647341792274716 -12.053338408287766 0.01912219546999383
      vertex -0.6828161270564489 -12.432748481411306 0
      vertex -0.6447558933120923 -12.241406765228762 0.01912219546999383
    endloop
  endfacet
  facet normal -0.04620496010437032 -0.08644340032725555 0.995184726672197
    outer loop
      vertex -1.8361094399062379 -11.74793196864818 0.01912219546999383
      vertex -1.3393920132778143 -12.233578363789503 0
      vertex -1.2647341792274716 -12.053338408287766 0.01912219546999383
    endloop
  endfacet
  facet normal -0.13683924960834076 -0.25600822958520875 0.9569403357322092
    outer loop
      vertex -1.8361094399062379 -11.74793196864818 0.01912219546999383
      vertex -1.2647341792274716 -12.053338408287766 0.01912219546999383
      vertex -1.7318882918767933 -11.591953997915699 0.07575392663191494
    endloop
  endfacet
  facet normal -0.1368392496083426 -0.2560082295852105 0.9569403357322085
    outer loop
      vertex -1.7318882918767933 -11.591953997915699 0.07575392663191494
      vertex -1.2647341792274716 -12.053338408287766 0.01912219546999383
      vertex -1.1929454038710878 -11.88002497319623 0.07575392663191494
    endloop
  endfacet
  facet normal -0.22221488349019974 -0.41573480615127223 0.8819212643483549
    outer loop
      vertex -1.7318882918767933 -11.591953997915699 0.07575392663191494
      vertex -1.1929454038710878 -11.88002497319623 0.07575392663191494
      vertex -1.6358375317511522 -11.448203876803264 0.1677188678166508
    endloop
  endfacet
  facet normal -0.22221488349019883 -0.41573480615127145 0.8819212643483556
    outer loop
      vertex -1.6358375317511522 -11.448203876803264 0.1677188678166508
      vertex -1.1929454038710878 -11.88002497319623 0.07575392663191494
      vertex -1.126784489586 -11.720298396630167 0.1677188678166508
    endloop
  endfacet
  facet normal -0.2990509240190716 -0.5594849272637084 0.773010453362736
    outer loop
      vertex -1.6358375317511522 -11.448203876803264 0.1677188678166508
      vertex -1.126784489586 -11.720298396630167 0.1677188678166508
      vertex -1.5516483363750564 -11.322205841849229 0.2914828579090054
    endloop
  endfacet
  facet normal -0.08426519384872788 -0.2777851165098023 0.9569403357322084
    outer loop
      vertex -1.2647341792274716 -12.053338408287766 0.01912219546999383
      vertex -0.6447558933120923 -12.241406765228762 0.01912219546999383
      vertex -1.1929454038710878 -11.88002497319623 0.07575392663191494
    endloop
  endfacet
  facet normal -0.13683924960834085 -0.45109855160133694 0.8819212643483556
    outer loop
      vertex -1.1929454038710878 -11.88002497319623 0.07575392663191494
      vertex -0.6081582930061062 -12.057418203893441 0.07575392663191494
      vertex -1.126784489586 -11.720298396630167 0.1677188678166508
    endloop
  endfacet
  facet normal -0.1841546497458421 -0.6070765223338197 0.7730104533627353
    outer loop
      vertex -1.126784489586 -11.720298396630167 0.1677188678166508
      vertex -0.5744297513940791 -11.887853374635487 0.1677188678166508
      vertex -1.0687939632047156 -11.580296881351316 0.2914828579090054
    endloop
  endfacet
  facet normal -0.36439460524758 -0.6817343563841591 0.6343932841636462
    outer loop
      vertex -1.5516483363750564 -11.322205841849229 0.2914828579090054
      vertex -1.0687939632047156 -11.580296881351316 0.2914828579090054
      vertex -1.4825560493129641 -11.218801926876363 0.4422897161773749
    endloop
  endfacet
  facet normal -0.41573480615127456 -0.7777851165098014 0.47139673682599537
    outer loop
      vertex -1.4825560493129641 -11.218801926876363 0.4422897161773749
      vertex -1.0212023681346056 -11.465400607078088 0.4422897161773749
      vertex -1.431215848409271 -11.141965886347492 0.6143440196319667
    endloop
  endfacet
  facet normal -0.2990509240190721 -0.5594849272637087 0.7730104533627354
    outer loop
      vertex -1.5516483363750564 -11.322205841849229 0.2914828579090054
      vertex -1.126784489586 -11.720298396630167 0.1677188678166508
      vertex -1.0687939632047156 -11.580296881351316 0.2914828579090054
    endloop
  endfacet
  facet normal -0.22439308996872634 -0.7397248827654447 0.6343932841636457
    outer loop
      vertex -1.0687939632047156 -11.580296881351316 0.2914828579090054
      vertex -0.5448664374149773 -11.739228558750233 0.2914828579090054
      vertex -1.0212023681346056 -11.465400607078088 0.4422897161773749
    endloop
  endfacet
  facet normal -0.3643946052475803 -0.6817343563841592 0.6343932841636457
    outer loop
      vertex -1.4825560493129641 -11.218801926876363 0.4422897161773749
      vertex -1.0687939632047156 -11.580296881351316 0.2914828579090054
      vertex -1.0212023681346056 -11.465400607078088 0.4422897161773749
    endloop
  endfacet
  facet normal -0.009607359798384866 -0.09754516100806368 0.995184726672197
    outer loop
      vertex -0.6447558933120923 -12.241406765228762 0.01912219546999383
      vertex -0.6828161270564489 -12.432748481411306 0
      vertex 0 -12.5 0
    endloop
  endfacet
  facet normal -0.02845287394597201 -0.28888687719060935 0.9569403357322088
    outer loop
      vertex -0.6447558933120923 -12.241406765228762 0.01912219546999383
      vertex 0 -12.304909677983872 0.01912219546999383
      vertex -0.6081582930061062 -12.057418203893441 0.07575392663191494
    endloop
  endfacet
  facet normal -0.009607359798384745 -0.09754516100806337 0.995184726672197
    outer loop
      vertex -0.6447558933120923 -12.241406765228762 0.01912219546999383
      vertex 0 -12.5 0
      vertex 0 -12.304909677983872 0.01912219546999383
    endloop
  endfacet
  facet normal -0.08426519384872731 -0.2777851165098015 0.9569403357322088
    outer loop
      vertex -1.1929454038710878 -11.88002497319623 0.07575392663191494
      vertex -0.6447558933120923 -12.241406765228762 0.01912219546999383
      vertex -0.6081582930061062 -12.057418203893441 0.07575392663191494
    endloop
  endfacet
  facet normal -0.13683924960834032 -0.45109855160133616 0.881921264348356
    outer loop
      vertex -1.126784489586 -11.720298396630167 0.1677188678166508
      vertex -0.6081582930061062 -12.057418203893441 0.07575392663191494
      vertex -0.5744297513940791 -11.887853374635487 0.1677188678166508
    endloop
  endfacet
  facet normal -0.046204960104370946 -0.469126832692344 0.881921264348356
    outer loop
      vertex -0.6081582930061062 -12.057418203893441 0.07575392663191494
      vertex 0 -12.11731656763491 0.07575392663191494
      vertex -0.5744297513940791 -11.887853374635487 0.1677188678166508
    endloop
  endfacet
  facet normal -0.028452873945972148 -0.2888868771906096 0.9569403357322086
    outer loop
      vertex -0.6081582930061062 -12.057418203893441 0.07575392663191494
      vertex 0 -12.304909677983872 0.01912219546999383
      vertex 0 -12.11731656763491 0.07575392663191494
    endloop
  endfacet
  facet normal -0.062181415557999255 -0.6313385071030763 0.7730104533627358
    outer loop
      vertex -0.5744297513940791 -11.887853374635487 0.1677188678166508
      vertex 0 -11.944429766980397 0.1677188678166508
      vertex -0.5448664374149773 -11.739228558750233 0.2914828579090054
    endloop
  endfacet
  facet normal -0.04620496010437072 -0.4691268326923435 0.8819212643483564
    outer loop
      vertex -0.5744297513940791 -11.887853374635487 0.1677188678166508
      vertex 0 -12.11731656763491 0.07575392663191494
      vertex 0 -11.944429766980397 0.1677188678166508
    endloop
  endfacet
  facet normal -0.18415464974584153 -0.607076522333819 0.773010453362736
    outer loop
      vertex -1.0687939632047156 -11.580296881351316 0.2914828579090054
      vertex -0.5744297513940791 -11.887853374635487 0.1677188678166508
      vertex -0.5448664374149773 -11.739228558750233 0.2914828579090054
    endloop
  endfacet
  facet normal -0.224393089968727 -0.7397248827654453 0.6343932841636447
    outer loop
      vertex -1.0212023681346056 -11.465400607078088 0.4422897161773749
      vertex -0.5448664374149773 -11.739228558750233 0.2914828579090054
      vertex -0.52060445264572 -11.61725532456239 0.4422897161773749
    endloop
  endfacet
  facet normal -0.25600822958520836 -0.8439460307948884 0.4713967368259993
    outer loop
      vertex -1.0212023681346056 -11.465400607078088 0.4422897161773749
      vertex -0.52060445264572 -11.61725532456239 0.4422897161773749
      vertex -0.9858386226845406 -11.38002497319623 0.6143440196319667
    endloop
  endfacet
  facet normal -0.062181415557998866 -0.6313385071030756 0.7730104533627364
    outer loop
      vertex -0.5448664374149773 -11.739228558750233 0.2914828579090054
      vertex 0 -11.944429766980397 0.1677188678166508
      vertex 0 -11.792893218813452 0.2914828579090054
    endloop
  endfacet
  facet normal -0.07576827408347266 -0.7692881967445471 0.6343932841636447
    outer loop
      vertex -0.5448664374149773 -11.739228558750233 0.2914828579090054
      vertex 0 -11.792893218813452 0.2914828579090054
      vertex -0.52060445264572 -11.61725532456239 0.4422897161773749
    endloop
  endfacet
  facet normal -0.0864434003272567 -0.8776745724069164 0.4713967368259971
    outer loop
      vertex -0.52060445264572 -11.61725532456239 0.4422897161773749
      vertex 0 -11.668530387697455 0.4422897161773749
      vertex -0.5025761715547119 -11.526621035058419 0.6143440196319667
    endloop
  endfacet
  facet normal -0.07576827408347316 -0.7692881967445477 0.6343932841636437
    outer loop
      vertex -0.52060445264572 -11.61725532456239 0.4422897161773749
      vertex 0 -11.792893218813452 0.2914828579090054
      vertex 0 -11.668530387697455 0.4422897161773749
    endloop
  endfacet
  facet normal -0.4157348061512723 -0.7777851165098004 0.4713967368259991
    outer loop
      vertex -1.431215848409271 -11.141965886347492 0.6143440196319667
      vertex -1.0212023681346056 -11.465400607078088 0.4422897161773749
      vertex -0.9858386226845406 -11.38002497319623 0.6143440196319667
    endloop
  endfacet
  facet normal -0.4510985516013391 -0.843946030794889 0.29028467725446105
    outer loop
      vertex -0.9858386226845406 -11.38002497319623 0.6143440196319667
      vertex -0.964061735759949 -11.327450917436616 0.8010338178801852
      vertex -1.399600708792789 -11.094650486209991 0.8010338178801852
    endloop
  endfacet
  facet normal -0.2560082295852097 -0.8439460307948894 0.4713967368259969
    outer loop
      vertex -0.9858386226845406 -11.38002497319623 0.6143440196319667
      vertex -0.52060445264572 -11.61725532456239 0.4422897161773749
      vertex -0.5025761715547119 -11.526621035058419 0.6143440196319667
    endloop
  endfacet
  facet normal -0.2777851165098012 -0.915734806151273 0.29028467725446083
    outer loop
      vertex -0.9858386226845406 -11.38002497319623 0.6143440196319667
      vertex -0.5025761715547119 -11.526621035058419 0.6143440196319667
      vertex -0.964061735759949 -11.327450917436616 0.8010338178801852
    endloop
  endfacet
  facet normal -0.27778511650979887 -0.9157348061512722 0.29028467725446566
    outer loop
      vertex -0.964061735759949 -11.327450917436616 0.8010338178801852
      vertex -0.5025761715547119 -11.526621035058419 0.6143440196319667
      vertex -0.49147441087390403 -11.470808715155663 0.8010338178801852
    endloop
  endfacet
  facet normal -0.08644340032725732 -0.8776745724069169 0.47139673682599575
    outer loop
      vertex -0.5025761715547119 -11.526621035058419 0.6143440196319667
      vertex 0 -11.668530387697455 0.4422897161773749
      vertex 0 -11.576120467488714 0.6143440196319667
    endloop
  endfacet
  facet normal -0.09379655517448174 -0.9523324064572575 0.2902846772544658
    outer loop
      vertex -0.5025761715547119 -11.526621035058419 0.6143440196319667
      vertex 0 -11.576120467488714 0.6143440196319667
      vertex -0.49147441087390403 -11.470808715155663 0.8010338178801852
    endloop
  endfacet
  facet normal -0.09379655517448189 -0.9523324064572576 0.29028467725446544
    outer loop
      vertex -0.49147441087390403 -11.470808715155663 0.8010338178801852
      vertex 0 -11.576120467488714 0.6143440196319667
      vertex 0 -11.51921471959677 0.8010338178801852
    endloop
  endfacet
  facet normal -0.28888687719060696 -0.952332406457259 0.09801714032956246
    outer loop
      vertex -0.964061735759949 -11.327450917436616 0.8010338178801852
      vertex -0.49147441087390403 -11.470808715155663 0.8010338178801852
      vertex -0.9567085809127245 -11.309698831278217 0.9951847266721967
    endloop
  endfacet
  facet normal -0.28888687719061057 -0.9523324064572587 0.09801714032955362
    outer loop
      vertex -0.9567085809127245 -11.309698831278217 0.9951847266721967
      vertex -0.49147441087390403 -11.470808715155663 0.8010338178801852
      vertex -0.4877258050403206 -11.451963201008077 0.9951847266721967
    endloop
  endfacet
  facet normal -0.09754516100806546 -0.9903926402016158 0.09801714032955332
    outer loop
      vertex -0.49147441087390403 -11.470808715155663 0.8010338178801852
      vertex 0 -11.51921471959677 0.8010338178801852
      vertex -0.4877258050403206 -11.451963201008077 0.9951847266721967
    endloop
  endfacet
  facet normal -0.09754516100806244 -0.9903926402016153 0.09801714032956074
    outer loop
      vertex -0.4877258050403206 -11.451963201008077 0.9951847266721967
      vertex 0 -11.51921471959677 0.8010338178801852
      vertex 0 -11.5 0.9951847266721967
    endloop
  endfacet
  facet normal -0.08644340032725517 -0.046204960104370155 0.995184726672197
    outer loop
      vertex -3.0533384082877664 -10.264734179227471 0.01912219546999383
      vertex -3.2335783637895035 -10.339392013277815 0
      vertex -2.9101436430589085 -10.944495815568608 0
    endloop
  endfacet
  facet normal -0.07576827408347178 -0.062181415557998145 0.995184726672197
    outer loop
      vertex -2.7479319686481793 -10.836109439906238 0.01912219546999383
      vertex -2.9101436430589085 -10.944495815568608 0
      vertex -2.4748737341529163 -11.474873734152917 0
    endloop
  endfacet
  facet normal -0.22439308996872764 -0.184154649745842 0.9569403357322089
    outer loop
      vertex -2.7479319686481793 -10.836109439906238 0.01912219546999383
      vertex -2.336924044511445 -11.336924044511445 0.01912219546999383
      vertex -2.5919539979156996 -10.731888291876793 0.07575392663191494
    endloop
  endfacet
  facet normal -0.08644340032725528 -0.046204960104370175 0.995184726672197
    outer loop
      vertex -3.0533384082877664 -10.264734179227471 0.01912219546999383
      vertex -2.9101436430589085 -10.944495815568608 0
      vertex -2.7479319686481793 -10.836109439906238 0.01912219546999383
    endloop
  endfacet
  facet normal -0.2560082295852106 -0.13683924960834173 0.9569403357322085
    outer loop
      vertex -3.0533384082877664 -10.264734179227471 0.01912219546999383
      vertex -2.7479319686481793 -10.836109439906238 0.01912219546999383
      vertex -2.8800249731962295 -10.192945403871088 0.07575392663191494
    endloop
  endfacet
  facet normal -0.2560082295852095 -0.13683924960834154 0.9569403357322088
    outer loop
      vertex -2.8800249731962295 -10.192945403871088 0.07575392663191494
      vertex -2.7479319686481793 -10.836109439906238 0.01912219546999383
      vertex -2.5919539979156996 -10.731888291876793 0.07575392663191494
    endloop
  endfacet
  facet normal -0.41573480615127334 -0.2222148834901995 0.8819212643483545
    outer loop
      vertex -2.8800249731962295 -10.192945403871088 0.07575392663191494
      vertex -2.5919539979156996 -10.731888291876793 0.07575392663191494
      vertex -2.7202983966301666 -10.126784489586 0.1677188678166508
    endloop
  endfacet
  facet normal -0.41573480615127206 -0.2222148834901993 0.8819212643483552
    outer loop
      vertex -2.7202983966301666 -10.126784489586 0.1677188678166508
      vertex -2.5919539979156996 -10.731888291876793 0.07575392663191494
      vertex -2.4482038768032646 -10.635837531751152 0.1677188678166508
    endloop
  endfacet
  facet normal -0.09379655517447963 -0.028452873945971607 0.995184726672197
    outer loop
      vertex -3.2414067652287617 -9.644755893312093 0.01912219546999383
      vertex -3.2335783637895035 -10.339392013277815 0
      vertex -3.0533384082877664 -10.264734179227471 0.01912219546999383
    endloop
  endfacet
  facet normal -0.09379655517447985 -0.02845287394597161 0.995184726672197
    outer loop
      vertex -3.2414067652287617 -9.644755893312093 0.01912219546999383
      vertex -3.4327484814113065 -9.68281612705645 0
      vertex -3.2335783637895035 -10.339392013277815 0
    endloop
  endfacet
  facet normal -0.2777851165098019 -0.08426519384872766 0.9569403357322086
    outer loop
      vertex -3.0533384082877664 -10.264734179227471 0.01912219546999383
      vertex -2.8800249731962295 -10.192945403871088 0.07575392663191494
      vertex -3.057418203893441 -9.608158293006106 0.07575392663191494
    endloop
  endfacet
  facet normal -0.09754516100806326 -0.009607359798384658 0.995184726672197
    outer loop
      vertex -3.2414067652287617 -9.644755893312093 0.01912219546999383
      vertex -3.3049096779838716 -9 0.01912219546999383
      vertex -3.4327484814113065 -9.68281612705645 0
    endloop
  endfacet
  facet normal -0.2777851165098011 -0.08426519384872766 0.9569403357322087
    outer loop
      vertex -3.2414067652287617 -9.644755893312093 0.01912219546999383
      vertex -3.0533384082877664 -10.264734179227471 0.01912219546999383
      vertex -3.057418203893441 -9.608158293006106 0.07575392663191494
    endloop
  endfacet
  facet normal -0.2888868771906092 -0.028452873945971905 0.9569403357322087
    outer loop
      vertex -3.2414067652287617 -9.644755893312093 0.01912219546999383
      vertex -3.057418203893441 -9.608158293006106 0.07575392663191494
      vertex -3.11731656763491 -9 0.07575392663191494
    endloop
  endfacet
  facet normal -0.4691268326923451 -0.04620496010437082 0.8819212643483555
    outer loop
      vertex -3.057418203893441 -9.608158293006106 0.07575392663191494
      vertex -2.8878533746354873 -9.57442975139408 0.1677188678166508
      vertex -2.9444297669803974 -9 0.1677188678166508
    endloop
  endfacet
  facet normal -0.45109855160133844 -0.13683924960834126 0.8819212643483547
    outer loop
      vertex -2.8800249731962295 -10.192945403871088 0.07575392663191494
      vertex -2.7202983966301666 -10.126784489586 0.1677188678166508
      vertex -2.8878533746354873 -9.57442975139408 0.1677188678166508
    endloop
  endfacet
  facet normal -0.5594849272637058 -0.2990509240190704 0.7730104533627382
    outer loop
      vertex -2.7202983966301666 -10.126784489586 0.1677188678166508
      vertex -2.4482038768032646 -10.635837531751152 0.1677188678166508
      vertex -2.580296881351315 -10.068793963204715 0.2914828579090054
    endloop
  endfacet
  facet normal -0.4510985516013374 -0.13683924960834132 0.8819212643483553
    outer loop
      vertex -2.8800249731962295 -10.192945403871088 0.07575392663191494
      vertex -2.8878533746354873 -9.57442975139408 0.1677188678166508
      vertex -3.057418203893441 -9.608158293006106 0.07575392663191494
    endloop
  endfacet
  facet normal -0.6070765223338179 -0.18415464974584192 0.7730104533627368
    outer loop
      vertex -2.8878533746354873 -9.57442975139408 0.1677188678166508
      vertex -2.7202983966301666 -10.126784489586 0.1677188678166508
      vertex -2.7392285587502325 -9.544866437414978 0.2914828579090054
    endloop
  endfacet
  facet normal -0.6070765223338165 -0.18415464974584206 0.7730104533627378
    outer loop
      vertex -2.7392285587502325 -9.544866437414978 0.2914828579090054
      vertex -2.7202983966301666 -10.126784489586 0.1677188678166508
      vertex -2.580296881351315 -10.068793963204715 0.2914828579090054
    endloop
  endfacet
  facet normal -0.7397248827654448 -0.22439308996872753 0.6343932841636452
    outer loop
      vertex -2.580296881351315 -10.068793963204715 0.2914828579090054
      vertex -2.465400607078087 -10.021202368134606 0.4422897161773749
      vertex -2.617255324562389 -9.52060445264572 0.4422897161773749
    endloop
  endfacet
  facet normal -0.739724882765444 -0.22439308996872775 0.634393284163646
    outer loop
      vertex -2.7392285587502325 -9.544866437414978 0.2914828579090054
      vertex -2.580296881351315 -10.068793963204715 0.2914828579090054
      vertex -2.617255324562389 -9.52060445264572 0.4422897161773749
    endloop
  endfacet
  facet normal -0.8439460307948896 -0.2560082295852095 0.47139673682599664
    outer loop
      vertex -2.617255324562389 -9.52060445264572 0.4422897161773749
      vertex -2.465400607078087 -10.021202368134606 0.4422897161773749
      vertex -2.526621035058419 -9.502576171554711 0.6143440196319667
    endloop
  endfacet
  facet normal -0.07576827408347196 -0.06218141555799823 0.995184726672197
    outer loop
      vertex -2.7479319686481793 -10.836109439906238 0.01912219546999383
      vertex -2.4748737341529163 -11.474873734152917 0
      vertex -2.336924044511445 -11.336924044511445 0.01912219546999383
    endloop
  endfacet
  facet normal -0.2243930899687281 -0.18415464974584217 0.9569403357322088
    outer loop
      vertex -2.336924044511445 -11.336924044511445 0.01912219546999383
      vertex -2.2042756840798177 -11.204275684079818 0.07575392663191494
      vertex -2.5919539979156996 -10.731888291876793 0.07575392663191494
    endloop
  endfacet
  facet normal -0.3643946052475795 -0.2990509240190699 0.8819212643483552
    outer loop
      vertex -2.2042756840798177 -11.204275684079818 0.07575392663191494
      vertex -2.4482038768032646 -10.635837531751152 0.1677188678166508
      vertex -2.5919539979156996 -10.731888291876793 0.07575392663191494
    endloop
  endfacet
  facet normal -0.3643946052475788 -0.2990509240190697 0.8819212643483555
    outer loop
      vertex -2.2042756840798177 -11.204275684079818 0.07575392663191494
      vertex -2.082026254959365 -11.082026254959365 0.1677188678166508
      vertex -2.4482038768032646 -10.635837531751152 0.1677188678166508
    endloop
  endfacet
  facet normal -0.4903926402016153 -0.40245483899193557 0.773010453362737
    outer loop
      vertex -2.4482038768032646 -10.635837531751152 0.1677188678166508
      vertex -2.082026254959365 -11.082026254959365 0.1677188678166508
      vertex -2.322205841849229 -10.551648336375056 0.2914828579090054
    endloop
  endfacet
  facet normal -0.40245483899193646 -0.4903926402016166 0.7730104533627358
    outer loop
      vertex -2.082026254959365 -11.082026254959365 0.1677188678166508
      vertex -1.6358375317511522 -11.448203876803264 0.1677188678166508
      vertex -1.9748737341529161 -10.974873734152917 0.2914828579090054
    endloop
  endfacet
  facet normal -0.49039264020161655 -0.4024548389919359 0.7730104533627362
    outer loop
      vertex -2.322205841849229 -10.551648336375056 0.2914828579090054
      vertex -2.082026254959365 -11.082026254959365 0.1677188678166508
      vertex -1.9748737341529161 -10.974873734152917 0.2914828579090054
    endloop
  endfacet
  facet normal -0.5594849272637075 -0.29905092401907046 0.7730104533627369
    outer loop
      vertex -2.4482038768032646 -10.635837531751152 0.1677188678166508
      vertex -2.322205841849229 -10.551648336375056 0.2914828579090054
      vertex -2.580296881351315 -10.068793963204715 0.2914828579090054
    endloop
  endfacet
  facet normal -0.597545161008066 -0.49039264020161555 0.6343932841636436
    outer loop
      vertex -2.322205841849229 -10.551648336375056 0.2914828579090054
      vertex -1.9748737341529161 -10.974873734152917 0.2914828579090054
      vertex -2.2188019268763632 -10.482556049312965 0.4422897161773749
    endloop
  endfacet
  facet normal -0.6817343563841611 -0.36439460524757966 0.6343932841636442
    outer loop
      vertex -2.322205841849229 -10.551648336375056 0.2914828579090054
      vertex -2.2188019268763632 -10.482556049312965 0.4422897161773749
      vertex -2.465400607078087 -10.021202368134606 0.4422897161773749
    endloop
  endfacet
  facet normal -0.4024548389919361 -0.4903926402016165 0.773010453362736
    outer loop
      vertex -1.9748737341529161 -10.974873734152917 0.2914828579090054
      vertex -1.6358375317511522 -11.448203876803264 0.1677188678166508
      vertex -1.5516483363750564 -11.322205841849229 0.2914828579090054
    endloop
  endfacet
  facet normal -0.49039264020161394 -0.5975451610080637 0.6343932841636469
    outer loop
      vertex -1.9748737341529161 -10.974873734152917 0.2914828579090054
      vertex -1.5516483363750564 -11.322205841849229 0.2914828579090054
      vertex -1.8869359329432371 -10.886935932943237 0.4422897161773749
    endloop
  endfacet
  facet normal -0.5975451610080632 -0.49039264020161505 0.6343932841636465
    outer loop
      vertex -2.2188019268763632 -10.482556049312965 0.4422897161773749
      vertex -1.9748737341529161 -10.974873734152917 0.2914828579090054
      vertex -1.8869359329432371 -10.886935932943237 0.4422897161773749
    endloop
  endfacet
  facet normal -0.5594849272637078 -0.681734356384161 0.4713967368259962
    outer loop
      vertex -1.8869359329432371 -10.886935932943237 0.4422897161773749
      vertex -1.4825560493129641 -11.218801926876363 0.4422897161773749
      vertex -1.8215922517147283 -10.821592251714728 0.6143440196319667
    endloop
  endfacet
  facet normal -0.6817343563841606 -0.5594849272637085 0.4713967368259959
    outer loop
      vertex -2.2188019268763632 -10.482556049312965 0.4422897161773749
      vertex -1.8869359329432371 -10.886935932943237 0.4422897161773749
      vertex -2.141965886347492 -10.431215848409272 0.6143440196319667
    endloop
  endfacet
  facet normal -0.6817343563841605 -0.36439460524757966 0.6343932841636448
    outer loop
      vertex -2.580296881351315 -10.068793963204715 0.2914828579090054
      vertex -2.322205841849229 -10.551648336375056 0.2914828579090054
      vertex -2.465400607078087 -10.021202368134606 0.4422897161773749
    endloop
  endfacet
  facet normal -0.7777851165098009 -0.4157348061512724 0.4713967368259984
    outer loop
      vertex -2.465400607078087 -10.021202368134606 0.4422897161773749
      vertex -2.2188019268763632 -10.482556049312965 0.4422897161773749
      vertex -2.38002497319623 -9.98583862268454 0.6143440196319667
    endloop
  endfacet
  facet normal -0.6817343563841602 -0.5594849272637085 0.4713967368259962
    outer loop
      vertex -2.141965886347492 -10.431215848409272 0.6143440196319667
      vertex -1.8869359329432371 -10.886935932943237 0.4422897161773749
      vertex -1.8215922517147283 -10.821592251714728 0.6143440196319667
    endloop
  endfacet
  facet normal -0.7397248827654435 -0.6070765223338176 0.29028467725446483
    outer loop
      vertex -2.141965886347492 -10.431215848409272 0.6143440196319667
      vertex -1.8215922517147283 -10.821592251714728 0.6143440196319667
      vertex -2.094650486209991 -10.39960070879279 0.8010338178801852
    endloop
  endfacet
  facet normal -0.7397248827654463 -0.6070765223338168 0.29028467725445906
    outer loop
      vertex -1.8215922517147283 -10.821592251714728 0.6143440196319667
      vertex -1.7813538114918428 -10.781353811491844 0.8010338178801852
      vertex -2.094650486209991 -10.39960070879279 0.8010338178801852
    endloop
  endfacet
  facet normal -0.7692881967445473 -0.6313385071030735 0.09801714032956226
    outer loop
      vertex -2.094650486209991 -10.39960070879279 0.8010338178801852
      vertex -1.7813538114918428 -10.781353811491844 0.8010338178801852
      vertex -2.078674030756363 -10.388925582549005 0.9951847266721967
    endloop
  endfacet
  facet normal -0.7692881967445466 -0.6313385071030739 0.09801714032956438
    outer loop
      vertex -1.7813538114918428 -10.781353811491844 0.8010338178801852
      vertex -1.7677669529663689 -10.767766952966369 0.9951847266721967
      vertex -2.078674030756363 -10.388925582549005 0.9951847266721967
    endloop
  endfacet
  facet normal -0.7777851165098025 -0.415734806151272 0.47139673682599564
    outer loop
      vertex -2.2188019268763632 -10.482556049312965 0.4422897161773749
      vertex -2.141965886347492 -10.431215848409272 0.6143440196319667
      vertex -2.38002497319623 -9.98583862268454 0.6143440196319667
    endloop
  endfacet
  facet normal -0.8439460307948895 -0.4510985516013366 0.29028467725446294
    outer loop
      vertex -2.38002497319623 -9.98583862268454 0.6143440196319667
      vertex -2.141965886347492 -10.431215848409272 0.6143440196319667
      vertex -2.327450917436616 -9.964061735759948 0.8010338178801852
    endloop
  endfacet
  facet normal -0.8439460307948887 -0.451098551601337 0.29028467725446466
    outer loop
      vertex -2.141965886347492 -10.431215848409272 0.6143440196319667
      vertex -2.094650486209991 -10.39960070879279 0.8010338178801852
      vertex -2.327450917436616 -9.964061735759948 0.8010338178801852
    endloop
  endfacet
  facet normal -0.843946030794889 -0.25600822958520963 0.4713967368259975
    outer loop
      vertex -2.465400607078087 -10.021202368134606 0.4422897161773749
      vertex -2.38002497319623 -9.98583862268454 0.6143440196319667
      vertex -2.526621035058419 -9.502576171554711 0.6143440196319667
    endloop
  endfacet
  facet normal -0.9157348061512725 -0.27778511650980114 0.2902846772544628
    outer loop
      vertex -2.526621035058419 -9.502576171554711 0.6143440196319667
      vertex -2.38002497319623 -9.98583862268454 0.6143440196319667
      vertex -2.470808715155663 -9.491474410873904 0.8010338178801852
    endloop
  endfacet
  facet normal -0.9157348061512723 -0.27778511650980114 0.29028467725446283
    outer loop
      vertex -2.38002497319623 -9.98583862268454 0.6143440196319667
      vertex -2.327450917436616 -9.964061735759948 0.8010338178801852
      vertex -2.470808715155663 -9.491474410873904 0.8010338178801852
    endloop
  endfacet
  facet normal -0.8776745724069166 -0.46912683269234556 0.09801714032955719
    outer loop
      vertex -2.327450917436616 -9.964061735759948 0.8010338178801852
      vertex -2.094650486209991 -10.39960070879279 0.8010338178801852
      vertex -2.309698831278217 -9.956708580912725 0.9951847266721967
    endloop
  endfacet
  facet normal -0.8776745724069154 -0.46912683269234684 0.09801714032956153
    outer loop
      vertex -2.309698831278217 -9.956708580912725 0.9951847266721967
      vertex -2.094650486209991 -10.39960070879279 0.8010338178801852
      vertex -2.078674030756363 -10.388925582549005 0.9951847266721967
    endloop
  endfacet
  facet normal -0.9523324064572586 -0.28888687719060907 0.09801714032956099
    outer loop
      vertex -2.470808715155663 -9.491474410873904 0.8010338178801852
      vertex -2.327450917436616 -9.964061735759948 0.8010338178801852
      vertex -2.451963201008076 -9.48772580504032 0.9951847266721967
    endloop
  endfacet
  facet normal -0.9523324064572591 -0.2888868771906082 0.09801714032955836
    outer loop
      vertex -2.327450917436616 -9.964061735759948 0.8010338178801852
      vertex -2.309698831278217 -9.956708580912725 0.9951847266721967
      vertex -2.451963201008076 -9.48772580504032 0.9951847266721967
    endloop
  endfacet
  facet normal -0.2888868771906096 -0.028452873945971822 0.9569403357322087
    outer loop
      vertex -3.2414067652287617 -9.644755893312093 0.01912219546999383
      vertex -3.11731656763491 -9 0.07575392663191494
      vertex -3.3049096779838716 -9 0.01912219546999383
    endloop
  endfacet
  facet normal -0.4691268326923454 -0.04620496010437076 0.8819212643483553
    outer loop
      vertex -3.057418203893441 -9.608158293006106 0.07575392663191494
      vertex -2.9444297669803974 -9 0.1677188678166508
      vertex -3.11731656763491 -9 0.07575392663191494
    endloop
  endfacet
  facet normal -0.09754516100806317 0.00960735979838465 0.995184726672197
    outer loop
      vertex -3.3049096779838716 -9 0.01912219546999383
      vertex -3.2414067652287617 -8.355244106687907 0.01912219546999383
      vertex -3.5 -9 0
    endloop
  endfacet
  facet normal -0.2888868771906093 0.028452873945971784 0.9569403357322087
    outer loop
      vertex -3.3049096779838716 -9 0.01912219546999383
      vertex -3.057418203893441 -8.391841706993894 0.07575392663191494
      vertex -3.2414067652287617 -8.355244106687907 0.01912219546999383
    endloop
  endfacet
  facet normal -0.2888868771906097 0.028452873945971943 0.9569403357322087
    outer loop
      vertex -3.3049096779838716 -9 0.01912219546999383
      vertex -3.11731656763491 -9 0.07575392663191494
      vertex -3.057418203893441 -8.391841706993894 0.07575392663191494
    endloop
  endfacet
  facet normal -0.4691268326923452 0.04620496010437074 0.8819212643483555
    outer loop
      vertex -3.11731656763491 -9 0.07575392663191494
      vertex -2.8878533746354873 -8.42557024860592 0.1677188678166508
      vertex -3.057418203893441 -8.391841706993894 0.07575392663191494
    endloop
  endfacet
  facet normal -0.4691268326923454 0.04620496010437085 0.8819212643483554
    outer loop
      vertex -3.11731656763491 -9 0.07575392663191494
      vertex -2.9444297669803974 -9 0.1677188678166508
      vertex -2.8878533746354873 -8.42557024860592 0.1677188678166508
    endloop
  endfacet
  facet normal -0.6313385071030744 -0.06218141555799902 0.7730104533627373
    outer loop
      vertex -2.8878533746354873 -9.57442975139408 0.1677188678166508
      vertex -2.792893218813452 -9 0.2914828579090054
      vertex -2.9444297669803974 -9 0.1677188678166508
    endloop
  endfacet
  facet normal -0.6313385071030752 0.06218141555799909 0.7730104533627367
    outer loop
      vertex -2.9444297669803974 -9 0.1677188678166508
      vertex -2.7392285587502325 -8.455133562585022 0.2914828579090054
      vertex -2.8878533746354873 -8.42557024860592 0.1677188678166508
    endloop
  endfacet
  facet normal -0.6313385071030753 -0.06218141555799876 0.7730104533627368
    outer loop
      vertex -2.8878533746354873 -9.57442975139408 0.1677188678166508
      vertex -2.7392285587502325 -9.544866437414978 0.2914828579090054
      vertex -2.792893218813452 -9 0.2914828579090054
    endloop
  endfacet
  facet normal -0.7692881967445466 -0.07576827408347253 0.634393284163645
    outer loop
      vertex -2.7392285587502325 -9.544866437414978 0.2914828579090054
      vertex -2.6685303876974547 -9 0.4422897161773749
      vertex -2.792893218813452 -9 0.2914828579090054
    endloop
  endfacet
  facet normal -0.7692881967445458 -0.07576827408347289 0.6343932841636459
    outer loop
      vertex -2.7392285587502325 -9.544866437414978 0.2914828579090054
      vertex -2.617255324562389 -9.52060445264572 0.4422897161773749
      vertex -2.6685303876974547 -9 0.4422897161773749
    endloop
  endfacet
  facet normal -0.877674572406917 -0.08644340032725667 0.4713967368259957
    outer loop
      vertex -2.6685303876974547 -9 0.4422897161773749
      vertex -2.617255324562389 -9.52060445264572 0.4422897161773749
      vertex -2.5761204674887135 -9 0.6143440196319667
    endloop
  endfacet
  facet normal -0.6313385071030745 0.0621814155579987 0.7730104533627373
    outer loop
      vertex -2.9444297669803974 -9 0.1677188678166508
      vertex -2.792893218813452 -9 0.2914828579090054
      vertex -2.7392285587502325 -8.455133562585022 0.2914828579090054
    endloop
  endfacet
  facet normal -0.769288196744546 0.07576827408347246 0.634393284163646
    outer loop
      vertex -2.792893218813452 -9 0.2914828579090054
      vertex -2.617255324562389 -8.47939554735428 0.4422897161773749
      vertex -2.7392285587502325 -8.455133562585022 0.2914828579090054
    endloop
  endfacet
  facet normal -0.7692881967445467 0.07576827408347299 0.634393284163645
    outer loop
      vertex -2.792893218813452 -9 0.2914828579090054
      vertex -2.6685303876974547 -9 0.4422897161773749
      vertex -2.617255324562389 -8.47939554735428 0.4422897161773749
    endloop
  endfacet
  facet normal -0.877674572406917 0.08644340032725667 0.4713967368259957
    outer loop
      vertex -2.6685303876974547 -9 0.4422897161773749
      vertex -2.526621035058419 -8.497423828445289 0.6143440196319667
      vertex -2.617255324562389 -8.47939554735428 0.4422897161773749
    endloop
  endfacet
  facet normal -0.09379655517447985 0.02845287394597163 0.995184726672197
    outer loop
      vertex -3.2414067652287617 -8.355244106687907 0.01912219546999383
      vertex -3.0533384082877664 -7.735265820772528 0.01912219546999383
      vertex -3.4327484814113065 -8.31718387294355 0
    endloop
  endfacet
  facet normal -0.2777851165098012 0.08426519384872741 0.9569403357322088
    outer loop
      vertex -3.2414067652287617 -8.355244106687907 0.01912219546999383
      vertex -3.057418203893441 -8.391841706993894 0.07575392663191494
      vertex -2.8800249731962295 -7.807054596128912 0.07575392663191494
    endloop
  endfacet
  facet normal -0.09379655517447978 0.028452873945971586 0.995184726672197
    outer loop
      vertex -3.0533384082877664 -7.735265820772528 0.01912219546999383
      vertex -3.2335783637895035 -7.6606079867221855 0
      vertex -3.4327484814113065 -8.31718387294355 0
    endloop
  endfacet
  facet normal -0.27778511650980153 0.08426519384872767 0.9569403357322087
    outer loop
      vertex -3.2414067652287617 -8.355244106687907 0.01912219546999383
      vertex -2.8800249731962295 -7.807054596128912 0.07575392663191494
      vertex -3.0533384082877664 -7.735265820772528 0.01912219546999383
    endloop
  endfacet
  facet normal -0.08644340032725535 0.046204960104370286 0.995184726672197
    outer loop
      vertex -3.0533384082877664 -7.735265820772528 0.01912219546999383
      vertex -2.7479319686481793 -7.163890560093762 0.01912219546999383
      vertex -3.2335783637895035 -7.6606079867221855 0
    endloop
  endfacet
  facet normal -0.4510985516013378 0.13683924960834146 0.8819212643483552
    outer loop
      vertex -3.057418203893441 -8.391841706993894 0.07575392663191494
      vertex -2.7202983966301666 -7.873215510414 0.1677188678166508
      vertex -2.8800249731962295 -7.807054596128912 0.07575392663191494
    endloop
  endfacet
  facet normal -0.45109855160133744 0.13683924960834118 0.8819212643483554
    outer loop
      vertex -3.057418203893441 -8.391841706993894 0.07575392663191494
      vertex -2.8878533746354873 -8.42557024860592 0.1677188678166508
      vertex -2.7202983966301666 -7.873215510414 0.1677188678166508
    endloop
  endfacet
  facet normal -0.6070765223338171 0.184154649745842 0.7730104533627372
    outer loop
      vertex -2.8878533746354873 -8.42557024860592 0.1677188678166508
      vertex -2.580296881351315 -7.931206036795285 0.2914828579090054
      vertex -2.7202983966301666 -7.873215510414 0.1677188678166508
    endloop
  endfacet
  facet normal -0.25600822958521 0.1368392496083416 0.9569403357322088
    outer loop
      vertex -3.0533384082877664 -7.735265820772528 0.01912219546999383
      vertex -2.8800249731962295 -7.807054596128912 0.07575392663191494
      vertex -2.5919539979156996 -7.2681117081232065 0.07575392663191494
    endloop
  endfacet
  facet normal -0.4157348061512725 0.22221488349019913 0.881921264348355
    outer loop
      vertex -2.7202983966301666 -7.873215510414 0.1677188678166508
      vertex -2.4482038768032646 -7.364162468248848 0.1677188678166508
      vertex -2.8800249731962295 -7.807054596128912 0.07575392663191494
    endloop
  endfacet
  facet normal -0.6070765223338177 0.18415464974584245 0.7730104533627367
    outer loop
      vertex -2.8878533746354873 -8.42557024860592 0.1677188678166508
      vertex -2.7392285587502325 -8.455133562585022 0.2914828579090054
      vertex -2.580296881351315 -7.931206036795285 0.2914828579090054
    endloop
  endfacet
  facet normal -0.7397248827654446 0.22439308996872792 0.6343932841636453
    outer loop
      vertex -2.7392285587502325 -8.455133562585022 0.2914828579090054
      vertex -2.465400607078087 -7.978797631865394 0.4422897161773749
      vertex -2.580296881351315 -7.931206036795285 0.2914828579090054
    endloop
  endfacet
  facet normal -0.7397248827654441 0.22439308996872734 0.634393284163646
    outer loop
      vertex -2.7392285587502325 -8.455133562585022 0.2914828579090054
      vertex -2.617255324562389 -8.47939554735428 0.4422897161773749
      vertex -2.465400607078087 -7.978797631865394 0.4422897161773749
    endloop
  endfacet
  facet normal -0.559484927263707 0.2990509240190703 0.7730104533627373
    outer loop
      vertex -2.7202983966301666 -7.873215510414 0.1677188678166508
      vertex -2.580296881351315 -7.931206036795285 0.2914828579090054
      vertex -2.322205841849229 -7.448351663624944 0.2914828579090054
    endloop
  endfacet
  facet normal -0.5594849272637074 0.2990509240190707 0.773010453362737
    outer loop
      vertex -2.7202983966301666 -7.873215510414 0.1677188678166508
      vertex -2.322205841849229 -7.448351663624944 0.2914828579090054
      vertex -2.4482038768032646 -7.364162468248848 0.1677188678166508
    endloop
  endfacet
  facet normal -0.8439460307948892 0.25600822958520936 0.4713967368259975
    outer loop
      vertex -2.617255324562389 -8.47939554735428 0.4422897161773749
      vertex -2.38002497319623 -8.01416137731546 0.6143440196319667
      vertex -2.465400607078087 -7.978797631865394 0.4422897161773749
    endloop
  endfacet
  facet normal -0.68173435638416 0.36439460524757944 0.6343932841636455
    outer loop
      vertex -2.580296881351315 -7.931206036795285 0.2914828579090054
      vertex -2.2188019268763632 -7.517443950687036 0.4422897161773749
      vertex -2.322205841849229 -7.448351663624944 0.2914828579090054
    endloop
  endfacet
  facet normal -0.6817343563841604 0.36439460524757994 0.6343932841636448
    outer loop
      vertex -2.580296881351315 -7.931206036795285 0.2914828579090054
      vertex -2.465400607078087 -7.978797631865394 0.4422897161773749
      vertex -2.2188019268763632 -7.517443950687036 0.4422897161773749
    endloop
  endfacet
  facet normal -0.7777851165098018 0.4157348061512736 0.4713967368259958
    outer loop
      vertex -2.465400607078087 -7.978797631865394 0.4422897161773749
      vertex -2.141965886347492 -7.568784151590729 0.6143440196319667
      vertex -2.2188019268763632 -7.517443950687036 0.4422897161773749
    endloop
  endfacet
  facet normal -0.8776745724069169 -0.08644340032725667 0.4713967368259957
    outer loop
      vertex -2.617255324562389 -9.52060445264572 0.4422897161773749
      vertex -2.526621035058419 -9.502576171554711 0.6143440196319667
      vertex -2.5761204674887135 -9 0.6143440196319667
    endloop
  endfacet
  facet normal -0.9523324064572581 -0.09379655517448109 0.2902846772544634
    outer loop
      vertex -2.526621035058419 -9.502576171554711 0.6143440196319667
      vertex -2.5192147195967696 -9 0.8010338178801852
      vertex -2.5761204674887135 -9 0.6143440196319667
    endloop
  endfacet
  facet normal -0.8776745724069169 0.08644340032725667 0.47139673682599564
    outer loop
      vertex -2.6685303876974547 -9 0.4422897161773749
      vertex -2.5761204674887135 -9 0.6143440196319667
      vertex -2.526621035058419 -8.497423828445289 0.6143440196319667
    endloop
  endfacet
  facet normal -0.9523324064572581 -0.09379655517448111 0.2902846772544634
    outer loop
      vertex -2.526621035058419 -9.502576171554711 0.6143440196319667
      vertex -2.470808715155663 -9.491474410873904 0.8010338178801852
      vertex -2.5192147195967696 -9 0.8010338178801852
    endloop
  endfacet
  facet normal -0.9523324064572584 0.09379655517448109 0.2902846772544634
    outer loop
      vertex -2.5761204674887135 -9 0.6143440196319667
      vertex -2.5192147195967696 -9 0.8010338178801852
      vertex -2.470808715155663 -8.508525589126096 0.8010338178801852
    endloop
  endfacet
  facet normal -0.9523324064572581 0.09379655517448109 0.2902846772544634
    outer loop
      vertex -2.5761204674887135 -9 0.6143440196319667
      vertex -2.470808715155663 -8.508525589126096 0.8010338178801852
      vertex -2.526621035058419 -8.497423828445289 0.6143440196319667
    endloop
  endfacet
  facet normal -0.9903926402016151 -0.0975451610080645 0.0980171403295607
    outer loop
      vertex -2.470808715155663 -9.491474410873904 0.8010338178801852
      vertex -2.5 -9 0.9951847266721967
      vertex -2.5192147195967696 -9 0.8010338178801852
    endloop
  endfacet
  facet normal -0.9903926402016152 -0.09754516100806437 0.09801714032956033
    outer loop
      vertex -2.470808715155663 -9.491474410873904 0.8010338178801852
      vertex -2.451963201008076 -9.48772580504032 0.9951847266721967
      vertex -2.5 -9 0.9951847266721967
    endloop
  endfacet
  facet normal -0.9903926402016152 0.09754516100806453 0.09801714032956033
    outer loop
      vertex -2.5192147195967696 -9 0.8010338178801852
      vertex -2.451963201008076 -8.51227419495968 0.9951847266721967
      vertex -2.470808715155663 -8.508525589126096 0.8010338178801852
    endloop
  endfacet
  facet normal -0.9903926402016152 0.09754516100806437 0.09801714032956071
    outer loop
      vertex -2.5192147195967696 -9 0.8010338178801852
      vertex -2.5 -9 0.9951847266721967
      vertex -2.451963201008076 -8.51227419495968 0.9951847266721967
    endloop
  endfacet
  facet normal -0.8439460307948895 0.2560082295852098 0.4713967368259966
    outer loop
      vertex -2.617255324562389 -8.47939554735428 0.4422897161773749
      vertex -2.526621035058419 -8.497423828445289 0.6143440196319667
      vertex -2.38002497319623 -8.01416137731546 0.6143440196319667
    endloop
  endfacet
  facet normal -0.9157348061512725 0.27778511650980114 0.2902846772544627
    outer loop
      vertex -2.526621035058419 -8.497423828445289 0.6143440196319667
      vertex -2.470808715155663 -8.508525589126096 0.8010338178801852
      vertex -2.327450917436616 -8.035938264240052 0.8010338178801852
    endloop
  endfacet
  facet normal -0.9157348061512725 0.27778511650980114 0.29028467725446283
    outer loop
      vertex -2.526621035058419 -8.497423828445289 0.6143440196319667
      vertex -2.327450917436616 -8.035938264240052 0.8010338178801852
      vertex -2.38002497319623 -8.01416137731546 0.6143440196319667
    endloop
  endfacet
  facet normal -0.777785116509801 0.415734806151272 0.4713967368259984
    outer loop
      vertex -2.465400607078087 -7.978797631865394 0.4422897161773749
      vertex -2.38002497319623 -8.01416137731546 0.6143440196319667
      vertex -2.141965886347492 -7.568784151590729 0.6143440196319667
    endloop
  endfacet
  facet normal -0.8439460307948893 0.45109855160133727 0.2902846772544629
    outer loop
      vertex -2.38002497319623 -8.01416137731546 0.6143440196319667
      vertex -2.327450917436616 -8.035938264240052 0.8010338178801852
      vertex -2.094650486209991 -7.600399291207211 0.8010338178801852
    endloop
  endfacet
  facet normal -0.8439460307948893 0.4510985516013374 0.29028467725446266
    outer loop
      vertex -2.38002497319623 -8.01416137731546 0.6143440196319667
      vertex -2.094650486209991 -7.600399291207211 0.8010338178801852
      vertex -2.141965886347492 -7.568784151590729 0.6143440196319667
    endloop
  endfacet
  facet normal -0.9523324064572588 0.2888868771906092 0.09801714032955841
    outer loop
      vertex -2.470808715155663 -8.508525589126096 0.8010338178801852
      vertex -2.309698831278217 -8.043291419087275 0.9951847266721967
      vertex -2.327450917436616 -8.035938264240052 0.8010338178801852
    endloop
  endfacet
  facet normal -0.9523324064572588 0.28888687719060807 0.09801714032956102
    outer loop
      vertex -2.470808715155663 -8.508525589126096 0.8010338178801852
      vertex -2.451963201008076 -8.51227419495968 0.9951847266721967
      vertex -2.309698831278217 -8.043291419087275 0.9951847266721967
    endloop
  endfacet
  facet normal -0.8776745724069163 0.46912683269234534 0.09801714032956146
    outer loop
      vertex -2.327450917436616 -8.035938264240052 0.8010338178801852
      vertex -2.078674030756363 -7.611074417450995 0.9951847266721967
      vertex -2.094650486209991 -7.600399291207211 0.8010338178801852
    endloop
  endfacet
  facet normal -0.8776745724069159 0.4691268326923471 0.09801714032955719
    outer loop
      vertex -2.327450917436616 -8.035938264240052 0.8010338178801852
      vertex -2.309698831278217 -8.043291419087275 0.9951847266721967
      vertex -2.078674030756363 -7.611074417450995 0.9951847266721967
    endloop
  endfacet
  facet normal -0.49039264020161466 -0.597545161008064 0.634393284163646
    outer loop
      vertex -1.8869359329432371 -10.886935932943237 0.4422897161773749
      vertex -1.5516483363750564 -11.322205841849229 0.2914828579090054
      vertex -1.4825560493129641 -11.218801926876363 0.4422897161773749
    endloop
  endfacet
  facet normal -0.5594849272637082 -0.6817343563841611 0.47139673682599553
    outer loop
      vertex -1.8215922517147283 -10.821592251714728 0.6143440196319667
      vertex -1.4825560493129641 -11.218801926876363 0.4422897161773749
      vertex -1.431215848409271 -11.141965886347492 0.6143440196319667
    endloop
  endfacet
  facet normal -0.6070765223338183 -0.7397248827654455 0.2902846772544584
    outer loop
      vertex -1.8215922517147283 -10.821592251714728 0.6143440196319667
      vertex -1.431215848409271 -11.141965886347492 0.6143440196319667
      vertex -1.7813538114918428 -10.781353811491844 0.8010338178801852
    endloop
  endfacet
  facet normal -0.6070765223338156 -0.7397248827654456 0.29028467725446366
    outer loop
      vertex -1.7813538114918428 -10.781353811491844 0.8010338178801852
      vertex -1.431215848409271 -11.141965886347492 0.6143440196319667
      vertex -1.399600708792789 -11.094650486209991 0.8010338178801852
    endloop
  endfacet
  facet normal -0.45109855160133777 -0.8439460307948887 0.2902846772544637
    outer loop
      vertex -1.431215848409271 -11.141965886347492 0.6143440196319667
      vertex -0.9858386226845406 -11.38002497319623 0.6143440196319667
      vertex -1.399600708792789 -11.094650486209991 0.8010338178801852
    endloop
  endfacet
  facet normal -0.6313385071030729 -0.7692881967445475 0.098017140329565
    outer loop
      vertex -1.7813538114918428 -10.781353811491844 0.8010338178801852
      vertex -1.399600708792789 -11.094650486209991 0.8010338178801852
      vertex -1.7677669529663689 -10.767766952966369 0.9951847266721967
    endloop
  endfacet
  facet normal -0.6313385071030759 -0.769288196744546 0.09801714032955655
    outer loop
      vertex -1.7677669529663689 -10.767766952966369 0.9951847266721967
      vertex -1.399600708792789 -11.094650486209991 0.8010338178801852
      vertex -1.3889255825490054 -11.078674030756364 0.9951847266721967
    endloop
  endfacet
  facet normal -0.46912683269234723 -0.8776745724069158 0.09801714032955597
    outer loop
      vertex -1.399600708792789 -11.094650486209991 0.8010338178801852
      vertex -0.964061735759949 -11.327450917436616 0.8010338178801852
      vertex -1.3889255825490054 -11.078674030756364 0.9951847266721967
    endloop
  endfacet
  facet normal -0.4691268326923446 -0.8776745724069165 0.09801714032956238
    outer loop
      vertex -1.3889255825490054 -11.078674030756364 0.9951847266721967
      vertex -0.964061735759949 -11.327450917436616 0.8010338178801852
      vertex -0.9567085809127245 -11.309698831278217 0.9951847266721967
    endloop
  endfacet
  facet normal -0.08644340032725525 0.0462049601043702 0.995184726672197
    outer loop
      vertex -2.7479319686481793 -7.163890560093762 0.01912219546999383
      vertex -2.9101436430589085 -7.055504184431392 0
      vertex -3.2335783637895035 -7.6606079867221855 0
    endloop
  endfacet
  facet normal -0.25600822958521013 0.13683924960834173 0.9569403357322087
    outer loop
      vertex -3.0533384082877664 -7.735265820772528 0.01912219546999383
      vertex -2.5919539979156996 -7.2681117081232065 0.07575392663191494
      vertex -2.7479319686481793 -7.163890560093762 0.01912219546999383
    endloop
  endfacet
  facet normal -0.41573480615127173 0.22221488349019825 0.8819212643483556
    outer loop
      vertex -2.8800249731962295 -7.807054596128912 0.07575392663191494
      vertex -2.4482038768032646 -7.364162468248848 0.1677188678166508
      vertex -2.5919539979156996 -7.2681117081232065 0.07575392663191494
    endloop
  endfacet
  facet normal -0.0757682740834718 0.06218141555799809 0.995184726672197
    outer loop
      vertex -2.7479319686481793 -7.163890560093762 0.01912219546999383
      vertex -2.336924044511445 -6.663075955488555 0.01912219546999383
      vertex -2.9101436430589085 -7.055504184431392 0
    endloop
  endfacet
  facet normal -0.0757682740834719 0.06218141555799825 0.995184726672197
    outer loop
      vertex -2.336924044511445 -6.663075955488555 0.01912219546999383
      vertex -2.4748737341529163 -6.525126265847083 0
      vertex -2.9101436430589085 -7.055504184431392 0
    endloop
  endfacet
  facet normal -0.2243930899687282 0.18415464974584259 0.9569403357322087
    outer loop
      vertex -2.7479319686481793 -7.163890560093762 0.01912219546999383
      vertex -2.5919539979156996 -7.2681117081232065 0.07575392663191494
      vertex -2.2042756840798177 -6.795724315920182 0.07575392663191494
    endloop
  endfacet
  facet normal -0.3643946052475784 0.2990509240190694 0.8819212643483557
    outer loop
      vertex -2.5919539979156996 -7.2681117081232065 0.07575392663191494
      vertex -2.4482038768032646 -7.364162468248848 0.1677188678166508
      vertex -2.082026254959365 -6.917973745040635 0.1677188678166508
    endloop
  endfacet
  facet normal -0.4903926402016151 0.40245483899193546 0.7730104533627373
    outer loop
      vertex -2.4482038768032646 -7.364162468248848 0.1677188678166508
      vertex -1.9748737341529161 -7.025126265847084 0.2914828579090054
      vertex -2.082026254959365 -6.917973745040635 0.1677188678166508
    endloop
  endfacet
  facet normal -0.224393089968728 0.18415464974584228 0.9569403357322087
    outer loop
      vertex -2.7479319686481793 -7.163890560093762 0.01912219546999383
      vertex -2.2042756840798177 -6.795724315920182 0.07575392663191494
      vertex -2.336924044511445 -6.663075955488555 0.01912219546999383
    endloop
  endfacet
  facet normal -0.3643946052475786 0.2990509240190697 0.8819212643483555
    outer loop
      vertex -2.5919539979156996 -7.2681117081232065 0.07575392663191494
      vertex -2.082026254959365 -6.917973745040635 0.1677188678166508
      vertex -2.2042756840798177 -6.795724315920182 0.07575392663191494
    endloop
  endfacet
  facet normal -0.1841546497458423 0.22439308996872795 0.9569403357322088
    outer loop
      vertex -2.336924044511445 -6.663075955488555 0.01912219546999383
      vertex -2.2042756840798177 -6.795724315920182 0.07575392663191494
      vertex -1.7318882918767933 -6.4080460020843 0.07575392663191494
    endloop
  endfacet
  facet normal -0.2990509240190693 0.3643946052475783 0.8819212643483558
    outer loop
      vertex -2.2042756840798177 -6.795724315920182 0.07575392663191494
      vertex -1.6358375317511522 -6.551796123196736 0.1677188678166508
      vertex -1.7318882918767933 -6.4080460020843 0.07575392663191494
    endloop
  endfacet
  facet normal -0.2990509240190695 0.3643946052475787 0.8819212643483556
    outer loop
      vertex -2.2042756840798177 -6.795724315920182 0.07575392663191494
      vertex -2.082026254959365 -6.917973745040635 0.1677188678166508
      vertex -1.6358375317511522 -6.551796123196736 0.1677188678166508
    endloop
  endfacet
  facet normal -0.40245483899193624 0.4903926402016163 0.773010453362736
    outer loop
      vertex -2.082026254959365 -6.917973745040635 0.1677188678166508
      vertex -1.5516483363750564 -6.677794158150771 0.2914828579090054
      vertex -1.6358375317511522 -6.551796123196736 0.1677188678166508
    endloop
  endfacet
  facet normal -0.49039264020161527 0.40245483899193574 0.773010453362737
    outer loop
      vertex -2.4482038768032646 -7.364162468248848 0.1677188678166508
      vertex -2.322205841849229 -7.448351663624944 0.2914828579090054
      vertex -1.9748737341529161 -7.025126265847084 0.2914828579090054
    endloop
  endfacet
  facet normal -0.5975451610080645 0.49039264020161505 0.6343932841636452
    outer loop
      vertex -2.322205841849229 -7.448351663624944 0.2914828579090054
      vertex -2.2188019268763632 -7.517443950687036 0.4422897161773749
      vertex -1.8869359329432371 -7.113064067056763 0.4422897161773749
    endloop
  endfacet
  facet normal -0.5975451610080647 0.49039264020161555 0.6343932841636447
    outer loop
      vertex -2.322205841849229 -7.448351663624944 0.2914828579090054
      vertex -1.8869359329432371 -7.113064067056763 0.4422897161773749
      vertex -1.9748737341529161 -7.025126265847084 0.2914828579090054
    endloop
  endfacet
  facet normal -0.6817343563841609 0.5594849272637076 0.4713967368259962
    outer loop
      vertex -2.2188019268763632 -7.517443950687036 0.4422897161773749
      vertex -1.8215922517147283 -7.178407748285272 0.6143440196319667
      vertex -1.8869359329432371 -7.113064067056763 0.4422897161773749
    endloop
  endfacet
  facet normal -0.4024548389919358 0.4903926402016148 0.7730104533627372
    outer loop
      vertex -2.082026254959365 -6.917973745040635 0.1677188678166508
      vertex -1.9748737341529161 -7.025126265847084 0.2914828579090054
      vertex -1.5516483363750564 -6.677794158150771 0.2914828579090054
    endloop
  endfacet
  facet normal -0.4903926402016153 0.5975451610080647 0.6343932841636447
    outer loop
      vertex -1.9748737341529161 -7.025126265847084 0.2914828579090054
      vertex -1.8869359329432371 -7.113064067056763 0.4422897161773749
      vertex -1.4825560493129641 -6.781198073123637 0.4422897161773749
    endloop
  endfacet
  facet normal -0.062181415557998214 0.0757682740834719 0.995184726672197
    outer loop
      vertex -2.336924044511445 -6.663075955488555 0.01912219546999383
      vertex -1.8361094399062379 -6.25206803135182 0.01912219546999383
      vertex -2.4748737341529163 -6.525126265847083 0
    endloop
  endfacet
  facet normal -0.18415464974584228 0.22439308996872787 0.9569403357322089
    outer loop
      vertex -2.336924044511445 -6.663075955488555 0.01912219546999383
      vertex -1.7318882918767933 -6.4080460020843 0.07575392663191494
      vertex -1.8361094399062379 -6.25206803135182 0.01912219546999383
    endloop
  endfacet
  facet normal -0.062181415557998186 0.07576827408347182 0.995184726672197
    outer loop
      vertex -1.8361094399062379 -6.25206803135182 0.01912219546999383
      vertex -1.9444958155686076 -6.089856356941091 0
      vertex -2.4748737341529163 -6.525126265847083 0
    endloop
  endfacet
  facet normal -0.6817343563841611 0.5594849272637079 0.47139673682599603
    outer loop
      vertex -2.2188019268763632 -7.517443950687036 0.4422897161773749
      vertex -2.141965886347492 -7.568784151590729 0.6143440196319667
      vertex -1.8215922517147283 -7.178407748285272 0.6143440196319667
    endloop
  endfacet
  facet normal -0.559484927263708 0.6817343563841607 0.4713967368259962
    outer loop
      vertex -1.8869359329432371 -7.113064067056763 0.4422897161773749
      vertex -1.8215922517147283 -7.178407748285272 0.6143440196319667
      vertex -1.431215848409271 -6.858034113652508 0.6143440196319667
    endloop
  endfacet
  facet normal -0.7397248827654448 0.6070765223338174 0.2902846772544617
    outer loop
      vertex -2.141965886347492 -7.568784151590729 0.6143440196319667
      vertex -1.7813538114918428 -7.218646188508157 0.8010338178801852
      vertex -1.8215922517147283 -7.178407748285272 0.6143440196319667
    endloop
  endfacet
  facet normal -0.7397248827654449 0.6070765223338171 0.2902846772544622
    outer loop
      vertex -2.141965886347492 -7.568784151590729 0.6143440196319667
      vertex -2.094650486209991 -7.600399291207211 0.8010338178801852
      vertex -1.7813538114918428 -7.218646188508157 0.8010338178801852
    endloop
  endfacet
  facet normal -0.7692881967445467 0.6313385071030745 0.09801714032956155
    outer loop
      vertex -2.094650486209991 -7.600399291207211 0.8010338178801852
      vertex -1.7677669529663689 -7.232233047033631 0.9951847266721967
      vertex -1.7813538114918428 -7.218646188508157 0.8010338178801852
    endloop
  endfacet
  facet normal -0.7692881967445467 0.631338507103074 0.09801714032956224
    outer loop
      vertex -2.094650486209991 -7.600399291207211 0.8010338178801852
      vertex -2.078674030756363 -7.611074417450995 0.9951847266721967
      vertex -1.7677669529663689 -7.232233047033631 0.9951847266721967
    endloop
  endfacet
  facet normal -0.49039264020161516 0.5975451610080637 0.6343932841636462
    outer loop
      vertex -1.9748737341529161 -7.025126265847084 0.2914828579090054
      vertex -1.4825560493129641 -6.781198073123637 0.4422897161773749
      vertex -1.5516483363750564 -6.677794158150771 0.2914828579090054
    endloop
  endfacet
  facet normal -0.559484927263708 0.6817343563841614 0.47139673682599537
    outer loop
      vertex -1.8869359329432371 -7.113064067056763 0.4422897161773749
      vertex -1.431215848409271 -6.858034113652508 0.6143440196319667
      vertex -1.4825560493129641 -6.781198073123637 0.4422897161773749
    endloop
  endfacet
  facet normal -0.3643946052475792 0.6817343563841597 0.634393284163646
    outer loop
      vertex -1.5516483363750564 -6.677794158150771 0.2914828579090054
      vertex -1.4825560493129641 -6.781198073123637 0.4422897161773749
      vertex -1.0212023681346056 -6.534599392921913 0.4422897161773749
    endloop
  endfacet
  facet normal -0.41573480615127323 0.7777851165098018 0.4713967368259958
    outer loop
      vertex -1.4825560493129641 -6.781198073123637 0.4422897161773749
      vertex -0.9858386226845406 -6.61997502680377 0.6143440196319667
      vertex -1.0212023681346056 -6.534599392921913 0.4422897161773749
    endloop
  endfacet
  facet normal -0.13683924960834168 0.2560082295852096 0.9569403357322089
    outer loop
      vertex -1.8361094399062379 -6.25206803135182 0.01912219546999383
      vertex -1.7318882918767933 -6.4080460020843 0.07575392663191494
      vertex -1.1929454038710878 -6.11997502680377 0.07575392663191494
    endloop
  endfacet
  facet normal -0.0462049601043702 0.08644340032725534 0.995184726672197
    outer loop
      vertex -1.8361094399062379 -6.25206803135182 0.01912219546999383
      vertex -1.2647341792274716 -5.946661591712234 0.01912219546999383
      vertex -1.9444958155686076 -6.089856356941091 0
    endloop
  endfacet
  facet normal -0.13683924960834187 0.2560082295852108 0.9569403357322086
    outer loop
      vertex -1.8361094399062379 -6.25206803135182 0.01912219546999383
      vertex -1.1929454038710878 -6.11997502680377 0.07575392663191494
      vertex -1.2647341792274716 -5.946661591712234 0.01912219546999383
    endloop
  endfacet
  facet normal -0.22221488349019872 0.41573480615127156 0.8819212643483556
    outer loop
      vertex -1.7318882918767933 -6.4080460020843 0.07575392663191494
      vertex -1.126784489586 -6.279701603369833 0.1677188678166508
      vertex -1.1929454038710878 -6.11997502680377 0.07575392663191494
    endloop
  endfacet
  facet normal -0.22221488349019858 0.415734806151271 0.8819212643483558
    outer loop
      vertex -1.7318882918767933 -6.4080460020843 0.07575392663191494
      vertex -1.6358375317511522 -6.551796123196736 0.1677188678166508
      vertex -1.126784489586 -6.279701603369833 0.1677188678166508
    endloop
  endfacet
  facet normal -0.2990509240190709 0.559484927263707 0.7730104533627371
    outer loop
      vertex -1.6358375317511522 -6.551796123196736 0.1677188678166508
      vertex -1.0687939632047156 -6.419703118648685 0.2914828579090054
      vertex -1.126784489586 -6.279701603369833 0.1677188678166508
    endloop
  endfacet
  facet normal -0.046204960104370245 0.08644340032725556 0.995184726672197
    outer loop
      vertex -1.2647341792274716 -5.946661591712234 0.01912219546999383
      vertex -1.3393920132778143 -5.766421636210497 0
      vertex -1.9444958155686076 -6.089856356941091 0
    endloop
  endfacet
  facet normal -0.13683924960834057 0.451098551601337 0.8819212643483555
    outer loop
      vertex -1.126784489586 -6.279701603369833 0.1677188678166508
      vertex -0.5744297513940791 -6.112146625364513 0.1677188678166508
      vertex -1.1929454038710878 -6.11997502680377 0.07575392663191494
    endloop
  endfacet
  facet normal -0.028452873945971662 0.09379655517447999 0.995184726672197
    outer loop
      vertex -1.2647341792274716 -5.946661591712234 0.01912219546999383
      vertex -0.6447558933120923 -5.758593234771238 0.01912219546999383
      vertex -1.3393920132778143 -5.766421636210497 0
    endloop
  endfacet
  facet normal -0.0842651938487276 0.2777851165098024 0.9569403357322085
    outer loop
      vertex -1.2647341792274716 -5.946661591712234 0.01912219546999383
      vertex -1.1929454038710878 -6.11997502680377 0.07575392663191494
      vertex -0.6081582930061062 -5.942581796106559 0.07575392663191494
    endloop
  endfacet
  facet normal -0.02845287394597166 0.09379655517447989 0.995184726672197
    outer loop
      vertex -0.6447558933120923 -5.758593234771238 0.01912219546999383
      vertex -0.6828161270564489 -5.5672515185886935 0
      vertex -1.3393920132778143 -5.766421636210497 0
    endloop
  endfacet
  facet normal -0.29905092401907096 0.5594849272637086 0.7730104533627359
    outer loop
      vertex -1.5516483363750564 -6.677794158150771 0.2914828579090054
      vertex -1.0687939632047156 -6.419703118648685 0.2914828579090054
      vertex -1.6358375317511522 -6.551796123196736 0.1677188678166508
    endloop
  endfacet
  facet normal -0.36439460524757916 0.6817343563841599 0.6343932841636457
    outer loop
      vertex -1.5516483363750564 -6.677794158150771 0.2914828579090054
      vertex -1.0212023681346056 -6.534599392921913 0.4422897161773749
      vertex -1.0687939632047156 -6.419703118648685 0.2914828579090054
    endloop
  endfacet
  facet normal -0.18415464974584206 0.6070765223338174 0.7730104533627371
    outer loop
      vertex -1.126784489586 -6.279701603369833 0.1677188678166508
      vertex -1.0687939632047156 -6.419703118648685 0.2914828579090054
      vertex -0.5448664374149773 -6.2607714412497675 0.2914828579090054
    endloop
  endfacet
  facet normal -0.22439308996872798 0.7397248827654442 0.6343932841636458
    outer loop
      vertex -1.0687939632047156 -6.419703118648685 0.2914828579090054
      vertex -1.0212023681346056 -6.534599392921913 0.4422897161773749
      vertex -0.52060445264572 -6.3827446754376105 0.4422897161773749
    endloop
  endfacet
  facet normal -0.18415464974584186 0.607076522333819 0.7730104533627359
    outer loop
      vertex -1.126784489586 -6.279701603369833 0.1677188678166508
      vertex -0.5448664374149773 -6.2607714412497675 0.2914828579090054
      vertex -0.5744297513940791 -6.112146625364513 0.1677188678166508
    endloop
  endfacet
  facet normal -0.08426519384872762 0.2777851165098015 0.9569403357322088
    outer loop
      vertex -1.2647341792274716 -5.946661591712234 0.01912219546999383
      vertex -0.6081582930061062 -5.942581796106559 0.07575392663191494
      vertex -0.6447558933120923 -5.758593234771238 0.01912219546999383
    endloop
  endfacet
  facet normal -0.1368392496083406 0.45109855160133616 0.881921264348356
    outer loop
      vertex -1.1929454038710878 -6.11997502680377 0.07575392663191494
      vertex -0.5744297513940791 -6.112146625364513 0.1677188678166508
      vertex -0.6081582930061062 -5.942581796106559 0.07575392663191494
    endloop
  endfacet
  facet normal -0.009607359798384731 0.09754516100806325 0.995184726672197
    outer loop
      vertex -0.6447558933120923 -5.758593234771238 0.01912219546999383
      vertex 0 -5.695090322016128 0.01912219546999383
      vertex -0.6828161270564489 -5.5672515185886935 0
    endloop
  endfacet
  facet normal -0.062181415557999185 0.6313385071030755 0.7730104533627363
    outer loop
      vertex -0.5744297513940791 -6.112146625364513 0.1677188678166508
      vertex 0 -6.207106781186548 0.2914828579090054
      vertex 0 -6.055570233019603 0.1677188678166508
    endloop
  endfacet
  facet normal -0.028452873945972113 0.2888868771906093 0.9569403357322088
    outer loop
      vertex -0.6081582930061062 -5.942581796106559 0.07575392663191494
      vertex 0 -5.88268343236509 0.07575392663191494
      vertex -0.6447558933120923 -5.758593234771238 0.01912219546999383
    endloop
  endfacet
  facet normal -0.02845287394597204 0.2888868771906097 0.9569403357322087
    outer loop
      vertex -0.6447558933120923 -5.758593234771238 0.01912219546999383
      vertex 0 -5.88268343236509 0.07575392663191494
      vertex 0 -5.695090322016128 0.01912219546999383
    endloop
  endfacet
  facet normal -0.046204960104370904 0.46912683269234356 0.8819212643483564
    outer loop
      vertex -0.6081582930061062 -5.942581796106559 0.07575392663191494
      vertex 0 -6.055570233019603 0.1677188678166508
      vertex 0 -5.88268343236509 0.07575392663191494
    endloop
  endfacet
  facet normal -0.046204960104370765 0.46912683269234406 0.8819212643483562
    outer loop
      vertex -0.6081582930061062 -5.942581796106559 0.07575392663191494
      vertex -0.5744297513940791 -6.112146625364513 0.1677188678166508
      vertex 0 -6.055570233019603 0.1677188678166508
    endloop
  endfacet
  facet normal -0.22439308996872775 0.7397248827654452 0.6343932841636448
    outer loop
      vertex -1.0687939632047156 -6.419703118648685 0.2914828579090054
      vertex -0.52060445264572 -6.3827446754376105 0.4422897161773749
      vertex -0.5448664374149773 -6.2607714412497675 0.2914828579090054
    endloop
  endfacet
  facet normal -0.2560082295852101 0.8439460307948892 0.471396736825997
    outer loop
      vertex -1.0212023681346056 -6.534599392921913 0.4422897161773749
      vertex -0.5025761715547119 -6.473378964941581 0.6143440196319667
      vertex -0.52060445264572 -6.3827446754376105 0.4422897161773749
    endloop
  endfacet
  facet normal -0.062181415557998936 0.6313385071030763 0.7730104533627358
    outer loop
      vertex -0.5448664374149773 -6.2607714412497675 0.2914828579090054
      vertex 0 -6.207106781186548 0.2914828579090054
      vertex -0.5744297513940791 -6.112146625364513 0.1677188678166508
    endloop
  endfacet
  facet normal -0.07576827408347273 0.7692881967445477 0.6343932841636437
    outer loop
      vertex -0.5448664374149773 -6.2607714412497675 0.2914828579090054
      vertex 0 -6.331469612302545 0.4422897161773749
      vertex 0 -6.207106781186548 0.2914828579090054
    endloop
  endfacet
  facet normal -0.0757682740834731 0.7692881967445471 0.6343932841636447
    outer loop
      vertex -0.5448664374149773 -6.2607714412497675 0.2914828579090054
      vertex -0.52060445264572 -6.3827446754376105 0.4422897161773749
      vertex 0 -6.331469612302545 0.4422897161773749
    endloop
  endfacet
  facet normal -0.08644340032725675 0.877674572406917 0.4713967368259957
    outer loop
      vertex -0.52060445264572 -6.3827446754376105 0.4422897161773749
      vertex 0 -6.423879532511286 0.6143440196319667
      vertex 0 -6.331469612302545 0.4422897161773749
    endloop
  endfacet
  facet normal -0.6070765223338171 0.7397248827654452 0.2902846772544616
    outer loop
      vertex -1.8215922517147283 -7.178407748285272 0.6143440196319667
      vertex -1.7813538114918428 -7.218646188508157 0.8010338178801852
      vertex -1.399600708792789 -6.905349513790009 0.8010338178801852
    endloop
  endfacet
  facet normal -0.41573480615127323 0.7777851165098022 0.4713967368259953
    outer loop
      vertex -1.4825560493129641 -6.781198073123637 0.4422897161773749
      vertex -1.431215848409271 -6.858034113652508 0.6143440196319667
      vertex -0.9858386226845406 -6.61997502680377 0.6143440196319667
    endloop
  endfacet
  facet normal -0.6070765223338173 0.7397248827654442 0.29028467725446355
    outer loop
      vertex -1.8215922517147283 -7.178407748285272 0.6143440196319667
      vertex -1.399600708792789 -6.905349513790009 0.8010338178801852
      vertex -1.431215848409271 -6.858034113652508 0.6143440196319667
    endloop
  endfacet
  facet normal -0.4510985516013386 0.8439460307948881 0.2902846772544637
    outer loop
      vertex -1.431215848409271 -6.858034113652508 0.6143440196319667
      vertex -1.399600708792789 -6.905349513790009 0.8010338178801852
      vertex -0.964061735759949 -6.672549082563384 0.8010338178801852
    endloop
  endfacet
  facet normal -0.4510985516013381 0.8439460307948893 0.29028467725446105
    outer loop
      vertex -1.431215848409271 -6.858034113652508 0.6143440196319667
      vertex -0.964061735759949 -6.672549082563384 0.8010338178801852
      vertex -0.9858386226845406 -6.61997502680377 0.6143440196319667
    endloop
  endfacet
  facet normal -0.6313385071030746 0.7692881967445465 0.09801714032956152
    outer loop
      vertex -1.7813538114918428 -7.218646188508157 0.8010338178801852
      vertex -1.7677669529663689 -7.232233047033631 0.9951847266721967
      vertex -1.3889255825490054 -6.921325969243637 0.9951847266721967
    endloop
  endfacet
  facet normal -0.6313385071030743 0.769288196744547 0.09801714032956006
    outer loop
      vertex -1.7813538114918428 -7.218646188508157 0.8010338178801852
      vertex -1.3889255825490054 -6.921325969243637 0.9951847266721967
      vertex -1.399600708792789 -6.905349513790009 0.8010338178801852
    endloop
  endfacet
  facet normal -0.4691268326923469 0.8776745724069153 0.09801714032956228
    outer loop
      vertex -1.399600708792789 -6.905349513790009 0.8010338178801852
      vertex -0.9567085809127245 -6.690301168721783 0.9951847266721967
      vertex -0.964061735759949 -6.672549082563384 0.8010338178801852
    endloop
  endfacet
  facet normal -0.4691268326923462 0.877674572406916 0.09801714032955994
    outer loop
      vertex -1.399600708792789 -6.905349513790009 0.8010338178801852
      vertex -1.3889255825490054 -6.921325969243637 0.9951847266721967
      vertex -0.9567085809127245 -6.690301168721783 0.9951847266721967
    endloop
  endfacet
  facet normal -0.2777851165097993 0.9157348061512737 0.2902846772544608
    outer loop
      vertex -0.9858386226845406 -6.61997502680377 0.6143440196319667
      vertex -0.964061735759949 -6.672549082563384 0.8010338178801852
      vertex -0.49147441087390403 -6.529191284844337 0.8010338178801852
    endloop
  endfacet
  facet normal -0.2888868771906071 0.9523324064572595 0.098017140329558
    outer loop
      vertex -0.964061735759949 -6.672549082563384 0.8010338178801852
      vertex -0.4877258050403206 -6.548036798991924 0.9951847266721967
      vertex -0.49147441087390403 -6.529191284844337 0.8010338178801852
    endloop
  endfacet
  facet normal -0.2888868771906087 0.9523324064572585 0.09801714032956249
    outer loop
      vertex -0.964061735759949 -6.672549082563384 0.8010338178801852
      vertex -0.9567085809127245 -6.690301168721783 0.9951847266721967
      vertex -0.4877258050403206 -6.548036798991924 0.9951847266721967
    endloop
  endfacet
  facet normal -0.2560082295852099 0.84394603079489 0.47139673682599603
    outer loop
      vertex -1.0212023681346056 -6.534599392921913 0.4422897161773749
      vertex -0.9858386226845406 -6.61997502680377 0.6143440196319667
      vertex -0.5025761715547119 -6.473378964941581 0.6143440196319667
    endloop
  endfacet
  facet normal -0.2777851165098008 0.9157348061512718 0.29028467725446555
    outer loop
      vertex -0.9858386226845406 -6.61997502680377 0.6143440196319667
      vertex -0.49147441087390403 -6.529191284844337 0.8010338178801852
      vertex -0.5025761715547119 -6.473378964941581 0.6143440196319667
    endloop
  endfacet
  facet normal -0.08644340032725725 0.8776745724069163 0.471396736825997
    outer loop
      vertex -0.52060445264572 -6.3827446754376105 0.4422897161773749
      vertex -0.5025761715547119 -6.473378964941581 0.6143440196319667
      vertex 0 -6.423879532511286 0.6143440196319667
    endloop
  endfacet
  facet normal -0.09379655517448188 0.9523324064572575 0.2902846772544658
    outer loop
      vertex -0.5025761715547119 -6.473378964941581 0.6143440196319667
      vertex -0.49147441087390403 -6.529191284844337 0.8010338178801852
      vertex 0 -6.48078528040323 0.8010338178801852
    endloop
  endfacet
  facet normal -0.09379655517448174 0.9523324064572575 0.29028467725446544
    outer loop
      vertex -0.5025761715547119 -6.473378964941581 0.6143440196319667
      vertex 0 -6.48078528040323 0.8010338178801852
      vertex 0 -6.423879532511286 0.6143440196319667
    endloop
  endfacet
  facet normal -0.09754516100806539 0.9903926402016151 0.09801714032956069
    outer loop
      vertex -0.49147441087390403 -6.529191284844337 0.8010338178801852
      vertex 0 -6.5 0.9951847266721967
      vertex 0 -6.48078528040323 0.8010338178801852
    endloop
  endfacet
  facet normal -0.09754516100806428 0.9903926402016154 0.09801714032955776
    outer loop
      vertex -0.49147441087390403 -6.529191284844337 0.8010338178801852
      vertex -0.4877258050403206 -6.548036798991924 0.9951847266721967
      vertex 0 -6.5 0.9951847266721967
    endloop
  endfacet
  facet normal -0.009607359798384712 0.09754516100806337 0.995184726672197
    outer loop
      vertex 0 -5.695090322016128 0.01912219546999383
      vertex 0 -5.5 0
      vertex -0.6828161270564489 -5.5672515185886935 0
    endloop
  endfacet
  facet normal -0.2902846772544637 -0.9569403357322085 0
    outer loop
      vertex -0.9567085809127245 -11.309698831278217 0.9951847266721967
      vertex -0.4877258050403206 -11.451963201008077 0.9951847266721967
      vertex -0.9567085809127245 -11.309698831278217 5
    endloop
  endfacet
  facet normal -0.0980171403295589 -0.9951847266721969 0
    outer loop
      vertex -0.4877258050403206 -11.451963201008077 0.9951847266721967
      vertex 0 -11.5 0.9951847266721967
      vertex -0.4877258050403206 -11.451963201008077 5
    endloop
  endfacet
  facet normal -0.7730104533627374 -0.6343932841636448 0
    outer loop
      vertex -2.078674030756363 -10.388925582549005 0.9951847266721967
      vertex -1.7677669529663689 -10.767766952966369 0.9951847266721967
      vertex -2.078674030756363 -10.388925582549005 5
    endloop
  endfacet
  facet normal -0.8819212643483545 -0.4713967368259986 0
    outer loop
      vertex -2.309698831278217 -9.956708580912725 0.9951847266721967
      vertex -2.078674030756363 -10.388925582549005 0.9951847266721967
      vertex -2.309698831278217 -9.956708580912725 5
    endloop
  endfacet
  facet normal -0.9569403357322093 -0.2902846772544615 0
    outer loop
      vertex -2.451963201008076 -9.48772580504032 0.9951847266721967
      vertex -2.309698831278217 -9.956708580912725 0.9951847266721967
      vertex -2.451963201008076 -9.48772580504032 5
    endloop
  endfacet
  facet normal -0.9951847266721968 -0.09801714032956084 2.0471101806789275e-19
    outer loop
      vertex -2.451963201008076 -9.48772580504032 0.9951847266721967
      vertex -2.5 -9 5
      vertex -2.5 -9 0.9951847266721967
    endloop
  endfacet
  facet normal -0.9951847266721968 0.09801714032956084 -2.0471101806789275e-19
    outer loop
      vertex -2.5 -9 0.9951847266721967
      vertex -2.451963201008076 -8.51227419495968 5
      vertex -2.451963201008076 -8.51227419495968 0.9951847266721967
    endloop
  endfacet
  facet normal -0.9569403357322093 0.2902846772544615 -1.8158008998558825e-18
    outer loop
      vertex -2.451963201008076 -8.51227419495968 0.9951847266721967
      vertex -2.309698831278217 -8.043291419087275 5
      vertex -2.309698831278217 -8.043291419087275 0.9951847266721967
    endloop
  endfacet
  facet normal -0.8819212643483545 0.4713967368259986 2.7125471356239206e-18
    outer loop
      vertex -2.309698831278217 -8.043291419087275 0.9951847266721967
      vertex -2.078674030756363 -7.611074417450995 5
      vertex -2.078674030756363 -7.611074417450995 0.9951847266721967
    endloop
  endfacet
  facet normal -0.6343932841636464 -0.7730104533627362 0
    outer loop
      vertex -1.7677669529663689 -10.767766952966369 0.9951847266721967
      vertex -1.3889255825490054 -11.078674030756364 0.9951847266721967
      vertex -1.7677669529663689 -10.767766952966369 5
    endloop
  endfacet
  facet normal -0.47139673682599637 -0.8819212643483556 0
    outer loop
      vertex -1.3889255825490054 -11.078674030756364 0.9951847266721967
      vertex -0.9567085809127245 -11.309698831278217 0.9951847266721967
      vertex -1.3889255825490054 -11.078674030756364 5
    endloop
  endfacet
  facet normal -0.2902846772544637 -0.9569403357322085 0
    outer loop
      vertex -0.4877258050403206 -11.451963201008077 0.9951847266721967
      vertex -0.4877258050403206 -11.451963201008077 5
      vertex -0.9567085809127245 -11.309698831278217 5
    endloop
  endfacet
  facet normal -0.0980171403295589 -0.9951847266721969 -4.409536661174983e-19
    outer loop
      vertex -0.4877258050403206 -11.451963201008077 5
      vertex 0 -11.5 0.9951847266721967
      vertex 0 -11.5 5
    endloop
  endfacet
  facet normal -0.7730104533627374 -0.6343932841636448 0
    outer loop
      vertex -1.7677669529663689 -10.767766952966369 0.9951847266721967
      vertex -1.7677669529663689 -10.767766952966369 5
      vertex -2.078674030756363 -10.388925582549005 5
    endloop
  endfacet
  facet normal -0.8819212643483545 -0.4713967368259986 0
    outer loop
      vertex -2.078674030756363 -10.388925582549005 0.9951847266721967
      vertex -2.078674030756363 -10.388925582549005 5
      vertex -2.309698831278217 -9.956708580912725 5
    endloop
  endfacet
  facet normal -0.9569403357322093 -0.2902846772544615 0
    outer loop
      vertex -2.309698831278217 -9.956708580912725 0.9951847266721967
      vertex -2.309698831278217 -9.956708580912725 5
      vertex -2.451963201008076 -9.48772580504032 5
    endloop
  endfacet
  facet normal -0.9951847266721968 -0.09801714032956084 0
    outer loop
      vertex -2.451963201008076 -9.48772580504032 0.9951847266721967
      vertex -2.451963201008076 -9.48772580504032 5
      vertex -2.5 -9 5
    endloop
  endfacet
  facet normal -0.9951847266721968 0.09801714032956084 0
    outer loop
      vertex -2.5 -9 0.9951847266721967
      vertex -2.5 -9 5
      vertex -2.451963201008076 -8.51227419495968 5
    endloop
  endfacet
  facet normal -0.9569403357322093 0.2902846772544615 0
    outer loop
      vertex -2.451963201008076 -8.51227419495968 0.9951847266721967
      vertex -2.451963201008076 -8.51227419495968 5
      vertex -2.309698831278217 -8.043291419087275 5
    endloop
  endfacet
  facet normal -0.8819212643483545 0.4713967368259986 0
    outer loop
      vertex -2.309698831278217 -8.043291419087275 0.9951847266721967
      vertex -2.309698831278217 -8.043291419087275 5
      vertex -2.078674030756363 -7.611074417450995 5
    endloop
  endfacet
  facet normal -0.6343932841636464 -0.7730104533627362 0
    outer loop
      vertex -1.3889255825490054 -11.078674030756364 0.9951847266721967
      vertex -1.3889255825490054 -11.078674030756364 5
      vertex -1.7677669529663689 -10.767766952966369 5
    endloop
  endfacet
  facet normal -0.47139673682599637 -0.8819212643483556 0
    outer loop
      vertex -0.9567085809127245 -11.309698831278217 0.9951847266721967
      vertex -0.9567085809127245 -11.309698831278217 5
      vertex -1.3889255825490054 -11.078674030756364 5
    endloop
  endfacet
  facet normal 0 0 1
    outer loop
      vertex -2.078674030756363 -10.388925582549005 5
      vertex -1.7677669529663689 -10.767766952966369 5
      vertex -1.3303513796840725 -9.888912372831363 5
    endloop
  endfacet
  facet normal 0 0 1
    outer loop
      vertex -2.451963201008076 -9.48772580504032 5
      vertex -2.309698831278217 -9.956708580912725 5
      vertex -1.5692564486451688 -9.312144515225805 5
    endloop
  endfacet
  facet normal 0 0 1
    outer loop
      vertex -2.309698831278217 -9.956708580912725 5
      vertex -2.078674030756363 -10.388925582549005 5
      vertex -1.478207252018059 -9.612293491784143 5
    endloop
  endfacet
  facet normal 0 0 1
    outer loop
      vertex -2.309698831278217 -9.956708580912725 5
      vertex -1.478207252018059 -9.612293491784143 5
      vertex -1.5692564486451688 -9.312144515225805 5
    endloop
  endfacet
  facet normal 0 0 1
    outer loop
      vertex -2.451963201008076 -9.48772580504032 5
      vertex -1.6 -9 5
      vertex -2.5 -9 5
    endloop
  endfacet
  facet normal 0 0 1
    outer loop
      vertex -2.5 -9 5
      vertex -1.5692564486451688 -8.687855484774195 5
      vertex -2.451963201008076 -8.51227419495968 5
    endloop
  endfacet
  facet normal 0 0 1
    outer loop
      vertex -2.451963201008076 -9.48772580504032 5
      vertex -1.5692564486451688 -9.312144515225805 5
      vertex -1.6 -9 5
    endloop
  endfacet
  facet normal 0 0 1
    outer loop
      vertex -2.5 -9 5
      vertex -1.6 -9 5
      vertex -1.5692564486451688 -8.687855484774195 5
    endloop
  endfacet
  facet normal 0 0 1
    outer loop
      vertex -2.451963201008076 -8.51227419495968 5
      vertex -1.5692564486451688 -8.687855484774195 5
      vertex -1.478207252018059 -8.387706508215857 5
    endloop
  endfacet
  facet normal 0 0 1
    outer loop
      vertex -2.451963201008076 -8.51227419495968 5
      vertex -1.478207252018059 -8.387706508215857 5
      vertex -2.309698831278217 -8.043291419087275 5
    endloop
  endfacet
  facet normal 0 0 1
    outer loop
      vertex -2.309698831278217 -8.043291419087275 5
      vertex -1.478207252018059 -8.387706508215857 5
      vertex -1.3303513796840725 -8.111087627168637 5
    endloop
  endfacet
  facet normal 0 0 1
    outer loop
      vertex -2.309698831278217 -8.043291419087275 5
      vertex -1.3303513796840725 -8.111087627168637 5
      vertex -2.078674030756363 -7.611074417450995 5
    endloop
  endfacet
  facet normal 0 0 1
    outer loop
      vertex -1.7677669529663689 -10.767766952966369 5
      vertex -1.3889255825490054 -11.078674030756364 5
      vertex -1.1313708498984762 -10.131370849898476 5
    endloop
  endfacet
  facet normal 0 0 1
    outer loop
      vertex -1.3889255825490054 -11.078674030756364 5
      vertex -0.9567085809127245 -11.309698831278217 5
      vertex -0.8889123728313635 -10.330351379684073 5
    endloop
  endfacet
  facet normal 0 0 1
    outer loop
      vertex -1.3889255825490054 -11.078674030756364 5
      vertex -0.8889123728313635 -10.330351379684073 5
      vertex -1.1313708498984762 -10.131370849898476 5
    endloop
  endfacet
  facet normal 0 0 1
    outer loop
      vertex -2.078674030756363 -10.388925582549005 5
      vertex -1.3303513796840725 -9.888912372831363 5
      vertex -1.478207252018059 -9.612293491784143 5
    endloop
  endfacet
  facet normal 0 0 1
    outer loop
      vertex -1.7677669529663689 -10.767766952966369 5
      vertex -1.1313708498984762 -10.131370849898476 5
      vertex -1.3303513796840725 -9.888912372831363 5
    endloop
  endfacet
  facet normal 0 0 1
    outer loop
      vertex -0.9567085809127245 -11.309698831278217 5
      vertex -0.4877258050403206 -11.451963201008077 5
      vertex -0.6122934917841437 -10.47820725201806 5
    endloop
  endfacet
  facet normal 0 0 1
    outer loop
      vertex -0.4877258050403206 -11.451963201008077 5
      vertex -0.3121445152258052 -10.569256448645168 5
      vertex -0.6122934917841437 -10.47820725201806 5
    endloop
  endfacet
  facet normal 0 0 1
    outer loop
      vertex -0.9567085809127245 -11.309698831278217 5
      vertex -0.6122934917841437 -10.47820725201806 5
      vertex -0.8889123728313635 -10.330351379684073 5
    endloop
  endfacet
  facet normal 0 0 1
    outer loop
      vertex -0.4877258050403206 -11.451963201008077 5
      vertex 0 -11.5 5
      vertex -0.3121445152258052 -10.569256448645168 5
    endloop
  endfacet
  facet normal 0 0 1
    outer loop
      vertex -0.3121445152258052 -10.569256448645168 5
      vertex 0 -11.5 5
      vertex 0 -10.6 5
    endloop
  endfacet
  facet normal 0 0 1
    outer loop
      vertex -2.078674030756363 -7.611074417450995 5
      vertex -1.3303513796840725 -8.111087627168637 5
      vertex -1.1313708498984762 -7.8686291501015235 5
    endloop
  endfacet
  facet normal 0 0 1
    outer loop
      vertex -2.078674030756363 -7.611074417450995 5
      vertex -1.1313708498984762 -7.8686291501015235 5
      vertex -1.7677669529663689 -7.232233047033631 5
    endloop
  endfacet
  facet normal 0 0 1
    outer loop
      vertex -1.7677669529663689 -7.232233047033631 5
      vertex -1.1313708498984762 -7.8686291501015235 5
      vertex -0.8889123728313635 -7.669648620315927 5
    endloop
  endfacet
  facet normal -0.7730104533627374 0.6343932841636448 4.643918202003011e-19
    outer loop
      vertex -2.078674030756363 -7.611074417450995 0.9951847266721967
      vertex -1.7677669529663689 -7.232233047033631 5
      vertex -1.7677669529663689 -7.232233047033631 0.9951847266721967
    endloop
  endfacet
  facet normal -0.6343932841636453 0.7730104533627371 8.248129703017323e-19
    outer loop
      vertex -1.7677669529663689 -7.232233047033631 0.9951847266721967
      vertex -1.3889255825490054 -6.921325969243637 5
      vertex -1.3889255825490054 -6.921325969243637 0.9951847266721967
    endloop
  endfacet
  facet normal -0.4713967368259978 0.8819212643483549 1.1964872283691634e-18
    outer loop
      vertex -1.3889255825490054 -6.921325969243637 0.9951847266721967
      vertex -0.9567085809127245 -6.690301168721783 5
      vertex -0.9567085809127245 -6.690301168721783 0.9951847266721967
    endloop
  endfacet
  facet normal -0.29028467725446205 0.9569403357322089 2.559938136882113e-18
    outer loop
      vertex -0.9567085809127245 -6.690301168721783 0.9951847266721967
      vertex -0.4877258050403206 -6.548036798991924 5
      vertex -0.4877258050403206 -6.548036798991924 0.9951847266721967
    endloop
  endfacet
  facet normal -0.0980171403295607 0.9951847266721968 1.8959913049962313e-19
    outer loop
      vertex -0.4877258050403206 -6.548036798991924 0.9951847266721967
      vertex 0 -6.5 5
      vertex 0 -6.5 0.9951847266721967
    endloop
  endfacet
  facet normal -0.7730104533627374 0.6343932841636448 0
    outer loop
      vertex -2.078674030756363 -7.611074417450995 0.9951847266721967
      vertex -2.078674030756363 -7.611074417450995 5
      vertex -1.7677669529663689 -7.232233047033631 5
    endloop
  endfacet
  facet normal -0.6343932841636453 0.7730104533627371 0
    outer loop
      vertex -1.7677669529663689 -7.232233047033631 0.9951847266721967
      vertex -1.7677669529663689 -7.232233047033631 5
      vertex -1.3889255825490054 -6.921325969243637 5
    endloop
  endfacet
  facet normal -0.4713967368259978 0.8819212643483549 0
    outer loop
      vertex -1.3889255825490054 -6.921325969243637 0.9951847266721967
      vertex -1.3889255825490054 -6.921325969243637 5
      vertex -0.9567085809127245 -6.690301168721783 5
    endloop
  endfacet
  facet normal -0.29028467725446205 0.9569403357322089 0
    outer loop
      vertex -0.9567085809127245 -6.690301168721783 0.9951847266721967
      vertex -0.9567085809127245 -6.690301168721783 5
      vertex -0.4877258050403206 -6.548036798991924 5
    endloop
  endfacet
  facet normal -0.0980171403295607 0.9951847266721968 0
    outer loop
      vertex -0.4877258050403206 -6.548036798991924 0.9951847266721967
      vertex -0.4877258050403206 -6.548036798991924 5
      vertex 0 -6.5 5
    endloop
  endfacet
  facet normal 0 0 1
    outer loop
      vertex -1.7677669529663689 -7.232233047033631 5
      vertex -0.8889123728313635 -7.669648620315927 5
      vertex -1.3889255825490054 -6.921325969243637 5
    endloop
  endfacet
  facet normal 0 0 1
    outer loop
      vertex -1.3889255825490054 -6.921325969243637 5
      vertex -0.8889123728313635 -7.669648620315927 5
      vertex -0.6122934917841436 -7.521792747981941 5
    endloop
  endfacet
  facet normal 0 0 1
    outer loop
      vertex -1.3889255825490054 -6.921325969243637 5
      vertex -0.6122934917841436 -7.521792747981941 5
      vertex -0.9567085809127245 -6.690301168721783 5
    endloop
  endfacet
  facet normal 0 0 1
    outer loop
      vertex -0.9567085809127245 -6.690301168721783 5
      vertex -0.6122934917841436 -7.521792747981941 5
      vertex -0.3121445152258052 -7.430743551354832 5
    endloop
  endfacet
  facet normal 0 0 1
    outer loop
      vertex -0.9567085809127245 -6.690301168721783 5
      vertex -0.3121445152258052 -7.430743551354832 5
      vertex -0.4877258050403206 -6.548036798991924 5
    endloop
  endfacet
  facet normal 0 0 1
    outer loop
      vertex -0.4877258050403206 -6.548036798991924 5
      vertex -0.3121445152258052 -7.430743551354832 5
      vertex 0 -7.4 5
    endloop
  endfacet
  facet normal 0 0 1
    outer loop
      vertex -0.4877258050403206 -6.548036798991924 5
      vertex 0 -7.4 5
      vertex 0 -6.5 5
    endloop
  endfacet
  facet normal 0.009607359798384837 -0.09754516100806337 0.995184726672197
    outer loop
      vertex 0 -12.304909677983872 0.01912219546999383
      vertex 0 -12.5 0
      vertex 0.6828161270564489 -12.432748481411306 0
    endloop
  endfacet
  facet normal 0.02845287394597204 -0.2888868771906097 0.9569403357322087
    outer loop
      vertex 0 -12.304909677983872 0.01912219546999383
      vertex 0.6447558933120923 -12.241406765228762 0.01912219546999383
      vertex 0 -12.11731656763491 0.07575392663191494
    endloop
  endfacet
  facet normal 0.009607359798384776 -0.09754516100806371 0.995184726672197
    outer loop
      vertex 0 -12.304909677983872 0.01912219546999383
      vertex 0.6828161270564489 -12.432748481411306 0
      vertex 0.6447558933120923 -12.241406765228762 0.01912219546999383
    endloop
  endfacet
  facet normal 0.046204960104370904 -0.46912683269234356 0.8819212643483564
    outer loop
      vertex 0 -12.11731656763491 0.07575392663191494
      vertex 0.6081582930061062 -12.057418203893441 0.07575392663191494
      vertex 0 -11.944429766980397 0.1677188678166508
    endloop
  endfacet
  facet normal 0.028452873945972113 -0.2888868771906093 0.9569403357322088
    outer loop
      vertex 0 -12.11731656763491 0.07575392663191494
      vertex 0.6447558933120923 -12.241406765228762 0.01912219546999383
      vertex 0.6081582930061062 -12.057418203893441 0.07575392663191494
    endloop
  endfacet
  facet normal 0.062181415557999185 -0.6313385071030755 0.7730104533627363
    outer loop
      vertex 0 -11.944429766980397 0.1677188678166508
      vertex 0.5744297513940791 -11.887853374635487 0.1677188678166508
      vertex 0 -11.792893218813452 0.2914828579090054
    endloop
  endfacet
  facet normal 0.046204960104370765 -0.46912683269234406 0.881921264348356
    outer loop
      vertex 0 -11.944429766980397 0.1677188678166508
      vertex 0.6081582930061062 -12.057418203893441 0.07575392663191494
      vertex 0.5744297513940791 -11.887853374635487 0.1677188678166508
    endloop
  endfacet
  facet normal 0.08426519384872762 -0.2777851165098015 0.9569403357322088
    outer loop
      vertex 0.6447558933120923 -12.241406765228762 0.01912219546999383
      vertex 1.2647341792274716 -12.053338408287766 0.01912219546999383
      vertex 0.6081582930061062 -12.057418203893441 0.07575392663191494
    endloop
  endfacet
  facet normal 0.1368392496083406 -0.45109855160133616 0.881921264348356
    outer loop
      vertex 0.6081582930061062 -12.057418203893441 0.07575392663191494
      vertex 1.1929454038710878 -11.88002497319623 0.07575392663191494
      vertex 0.5744297513940791 -11.887853374635487 0.1677188678166508
    endloop
  endfacet
  facet normal 0.18415464974584186 -0.607076522333819 0.7730104533627359
    outer loop
      vertex 0.5448664374149773 -11.739228558750233 0.2914828579090054
      vertex 0.5744297513940791 -11.887853374635487 0.1677188678166508
      vertex 1.126784489586 -11.720298396630167 0.1677188678166508
    endloop
  endfacet
  facet normal 0.07576827408347273 -0.7692881967445477 0.6343932841636437
    outer loop
      vertex 0 -11.792893218813452 0.2914828579090054
      vertex 0.5448664374149773 -11.739228558750233 0.2914828579090054
      vertex 0 -11.668530387697455 0.4422897161773749
    endloop
  endfacet
  facet normal 0.062181415557998936 -0.6313385071030763 0.7730104533627358
    outer loop
      vertex 0 -11.792893218813452 0.2914828579090054
      vertex 0.5744297513940791 -11.887853374635487 0.1677188678166508
      vertex 0.5448664374149773 -11.739228558750233 0.2914828579090054
    endloop
  endfacet
  facet normal 0.08644340032725675 -0.877674572406917 0.4713967368259957
    outer loop
      vertex 0 -11.668530387697455 0.4422897161773749
      vertex 0.52060445264572 -11.61725532456239 0.4422897161773749
      vertex 0 -11.576120467488714 0.6143440196319667
    endloop
  endfacet
  facet normal 0.07576827408347309 -0.7692881967445471 0.6343932841636447
    outer loop
      vertex 0 -11.668530387697455 0.4422897161773749
      vertex 0.5448664374149773 -11.739228558750233 0.2914828579090054
      vertex 0.52060445264572 -11.61725532456239 0.4422897161773749
    endloop
  endfacet
  facet normal 0.22439308996872656 -0.7397248827654455 0.6343932841636448
    outer loop
      vertex 0.5448664374149773 -11.739228558750233 0.2914828579090054
      vertex 1.0687939632047156 -11.580296881351316 0.2914828579090054
      vertex 0.52060445264572 -11.61725532456239 0.4422897161773749
    endloop
  endfacet
  facet normal 0.25600822958520875 -0.8439460307948896 0.471396736825997
    outer loop
      vertex 0.52060445264572 -11.61725532456239 0.4422897161773749
      vertex 1.0212023681346056 -11.465400607078088 0.4422897161773749
      vertex 0.5025761715547119 -11.526621035058419 0.6143440196319667
    endloop
  endfacet
  facet normal 0.028452873945971662 -0.09379655517448032 0.995184726672197
    outer loop
      vertex 0.6447558933120923 -12.241406765228762 0.01912219546999383
      vertex 0.6828161270564489 -12.432748481411306 0
      vertex 1.3393920132778143 -12.233578363789503 0
    endloop
  endfacet
  facet normal 0.0842651938487276 -0.2777851165098024 0.9569403357322085
    outer loop
      vertex 0.6081582930061062 -12.057418203893441 0.07575392663191494
      vertex 1.2647341792274716 -12.053338408287766 0.01912219546999383
      vertex 1.1929454038710878 -11.88002497319623 0.07575392663191494
    endloop
  endfacet
  facet normal 0.028452873945971662 -0.09379655517447999 0.995184726672197
    outer loop
      vertex 0.6447558933120923 -12.241406765228762 0.01912219546999383
      vertex 1.3393920132778143 -12.233578363789503 0
      vertex 1.2647341792274716 -12.053338408287766 0.01912219546999383
    endloop
  endfacet
  facet normal 0.13683924960834057 -0.451098551601337 0.8819212643483555
    outer loop
      vertex 0.5744297513940791 -11.887853374635487 0.1677188678166508
      vertex 1.1929454038710878 -11.88002497319623 0.07575392663191494
      vertex 1.126784489586 -11.720298396630167 0.1677188678166508
    endloop
  endfacet
  facet normal 0.13683924960834187 -0.2560082295852108 0.9569403357322086
    outer loop
      vertex 1.1929454038710878 -11.88002497319623 0.07575392663191494
      vertex 1.2647341792274716 -12.053338408287766 0.01912219546999383
      vertex 1.8361094399062379 -11.74793196864818 0.01912219546999383
    endloop
  endfacet
  facet normal 0.22221488349019924 -0.41573480615127134 0.8819212643483555
    outer loop
      vertex 1.1929454038710878 -11.88002497319623 0.07575392663191494
      vertex 1.7318882918767933 -11.591953997915699 0.07575392663191494
      vertex 1.126784489586 -11.720298396630167 0.1677188678166508
    endloop
  endfacet
  facet normal 0.046204960104370245 -0.08644340032725556 0.995184726672197
    outer loop
      vertex 1.2647341792274716 -12.053338408287766 0.01912219546999383
      vertex 1.3393920132778143 -12.233578363789503 0
      vertex 1.9444958155686076 -11.910143643058909 0
    endloop
  endfacet
  facet normal 0.0462049601043702 -0.08644340032725534 0.995184726672197
    outer loop
      vertex 1.2647341792274716 -12.053338408287766 0.01912219546999383
      vertex 1.9444958155686076 -11.910143643058909 0
      vertex 1.8361094399062379 -11.74793196864818 0.01912219546999383
    endloop
  endfacet
  facet normal 0.13683924960834143 -0.25600822958520836 0.9569403357322093
    outer loop
      vertex 1.1929454038710878 -11.88002497319623 0.07575392663191494
      vertex 1.8361094399062379 -11.74793196864818 0.01912219546999383
      vertex 1.7318882918767933 -11.591953997915699 0.07575392663191494
    endloop
  endfacet
  facet normal 0.2990509240190718 -0.5594849272637087 0.7730104533627354
    outer loop
      vertex 1.0687939632047156 -11.580296881351316 0.2914828579090054
      vertex 1.126784489586 -11.720298396630167 0.1677188678166508
      vertex 1.6358375317511522 -11.448203876803264 0.1677188678166508
    endloop
  endfacet
  facet normal 0.22221488349019938 -0.41573480615127245 0.8819212643483549
    outer loop
      vertex 1.126784489586 -11.720298396630167 0.1677188678166508
      vertex 1.7318882918767933 -11.591953997915699 0.07575392663191494
      vertex 1.6358375317511522 -11.448203876803264 0.1677188678166508
    endloop
  endfacet
  facet normal 0.18415464974584175 -0.6070765223338198 0.7730104533627353
    outer loop
      vertex 0.5448664374149773 -11.739228558750233 0.2914828579090054
      vertex 1.126784489586 -11.720298396630167 0.1677188678166508
      vertex 1.0687939632047156 -11.580296881351316 0.2914828579090054
    endloop
  endfacet
  facet normal 0.36439460524758016 -0.6817343563841595 0.6343932841636457
    outer loop
      vertex 1.0687939632047156 -11.580296881351316 0.2914828579090054
      vertex 1.5516483363750564 -11.322205841849229 0.2914828579090054
      vertex 1.0212023681346056 -11.465400607078088 0.4422897161773749
    endloop
  endfacet
  facet normal 0.22439308996872678 -0.7397248827654446 0.6343932841636457
    outer loop
      vertex 0.52060445264572 -11.61725532456239 0.4422897161773749
      vertex 1.0687939632047156 -11.580296881351316 0.2914828579090054
      vertex 1.0212023681346056 -11.465400607078088 0.4422897161773749
    endloop
  endfacet
  facet normal 0.4157348061512737 -0.7777851165097999 0.471396736825999
    outer loop
      vertex 1.0212023681346056 -11.465400607078088 0.4422897161773749
      vertex 1.4825560493129641 -11.218801926876363 0.4422897161773749
      vertex 0.9858386226845406 -11.38002497319623 0.6143440196319667
    endloop
  endfacet
  facet normal 0.29905092401907174 -0.5594849272637081 0.773010453362736
    outer loop
      vertex 1.0687939632047156 -11.580296881351316 0.2914828579090054
      vertex 1.6358375317511522 -11.448203876803264 0.1677188678166508
      vertex 1.5516483363750564 -11.322205841849229 0.2914828579090054
    endloop
  endfacet
  facet normal 0.3643946052475801 -0.6817343563841589 0.634393284163646
    outer loop
      vertex 1.0212023681346056 -11.465400607078088 0.4422897161773749
      vertex 1.5516483363750564 -11.322205841849229 0.2914828579090054
      vertex 1.4825560493129641 -11.218801926876363 0.4422897161773749
    endloop
  endfacet
  facet normal 0.08644340032725725 -0.8776745724069163 0.471396736825997
    outer loop
      vertex 0 -11.576120467488714 0.6143440196319667
      vertex 0.52060445264572 -11.61725532456239 0.4422897161773749
      vertex 0.5025761715547119 -11.526621035058419 0.6143440196319667
    endloop
  endfacet
  facet normal 0.09379655517448174 -0.9523324064572575 0.29028467725446544
    outer loop
      vertex 0 -11.576120467488714 0.6143440196319667
      vertex 0.5025761715547119 -11.526621035058419 0.6143440196319667
      vertex 0 -11.51921471959677 0.8010338178801852
    endloop
  endfacet
  facet normal 0.09379655517448188 -0.9523324064572575 0.2902846772544658
    outer loop
      vertex 0.5025761715547119 -11.526621035058419 0.6143440196319667
      vertex 0.49147441087390403 -11.470808715155663 0.8010338178801852
      vertex 0 -11.51921471959677 0.8010338178801852
    endloop
  endfacet
  facet normal 0.2560082295852093 -0.8439460307948881 0.47139673682599936
    outer loop
      vertex 0.5025761715547119 -11.526621035058419 0.6143440196319667
      vertex 1.0212023681346056 -11.465400607078088 0.4422897161773749
      vertex 0.9858386226845406 -11.38002497319623 0.6143440196319667
    endloop
  endfacet
  facet normal 0.2777851165098008 -0.9157348061512718 0.2902846772544656
    outer loop
      vertex 0.5025761715547119 -11.526621035058419 0.6143440196319667
      vertex 0.9858386226845406 -11.38002497319623 0.6143440196319667
      vertex 0.49147441087390403 -11.470808715155663 0.8010338178801852
    endloop
  endfacet
  facet normal 0.2777851165097993 -0.9157348061512737 0.2902846772544608
    outer loop
      vertex 0.49147441087390403 -11.470808715155663 0.8010338178801852
      vertex 0.9858386226845406 -11.38002497319623 0.6143440196319667
      vertex 0.964061735759949 -11.327450917436616 0.8010338178801852
    endloop
  endfacet
  facet normal 0.09754516100806539 -0.9903926402016151 0.0980171403295607
    outer loop
      vertex 0 -11.51921471959677 0.8010338178801852
      vertex 0.49147441087390403 -11.470808715155663 0.8010338178801852
      vertex 0 -11.5 0.9951847266721967
    endloop
  endfacet
  facet normal 0.09754516100806253 -0.9903926402016162 0.09801714032955328
    outer loop
      vertex 0 -11.5 0.9951847266721967
      vertex 0.49147441087390403 -11.470808715155663 0.8010338178801852
      vertex 0.4877258050403206 -11.451963201008077 0.9951847266721967
    endloop
  endfacet
  facet normal 0.28888687719060724 -0.9523324064572598 0.09801714032955366
    outer loop
      vertex 0.49147441087390403 -11.470808715155663 0.8010338178801852
      vertex 0.964061735759949 -11.327450917436616 0.8010338178801852
      vertex 0.4877258050403206 -11.451963201008077 0.9951847266721967
    endloop
  endfacet
  facet normal 0.28888687719061035 -0.9523324064572579 0.0980171403295625
    outer loop
      vertex 0.4877258050403206 -11.451963201008077 0.9951847266721967
      vertex 0.964061735759949 -11.327450917436616 0.8010338178801852
      vertex 0.9567085809127245 -11.309698831278217 0.9951847266721967
    endloop
  endfacet
  facet normal 0.45109855160133816 -0.8439460307948894 0.2902846772544611
    outer loop
      vertex 0.9858386226845406 -11.38002497319623 0.6143440196319667
      vertex 1.431215848409271 -11.141965886347492 0.6143440196319667
      vertex 0.964061735759949 -11.327450917436616 0.8010338178801852
    endloop
  endfacet
  facet normal 0.2990509240190698 -0.36439460524757966 0.881921264348355
    outer loop
      vertex 1.7318882918767933 -11.591953997915699 0.07575392663191494
      vertex 2.2042756840798177 -11.204275684079818 0.07575392663191494
      vertex 1.6358375317511522 -11.448203876803264 0.1677188678166508
    endloop
  endfacet
  facet normal 0.18415464974584161 -0.22439308996872706 0.9569403357322092
    outer loop
      vertex 1.7318882918767933 -11.591953997915699 0.07575392663191494
      vertex 1.8361094399062379 -11.74793196864818 0.01912219546999383
      vertex 2.336924044511445 -11.336924044511445 0.01912219546999383
    endloop
  endfacet
  facet normal 0.062181415557998186 -0.07576827408347182 0.995184726672197
    outer loop
      vertex 1.8361094399062379 -11.74793196864818 0.01912219546999383
      vertex 1.9444958155686076 -11.910143643058909 0
      vertex 2.4748737341529163 -11.474873734152917 0
    endloop
  endfacet
  facet normal 0.18415464974584211 -0.2243930899687282 0.9569403357322088
    outer loop
      vertex 1.7318882918767933 -11.591953997915699 0.07575392663191494
      vertex 2.336924044511445 -11.336924044511445 0.01912219546999383
      vertex 2.2042756840798177 -11.204275684079818 0.07575392663191494
    endloop
  endfacet
  facet normal 0.40245483899193624 -0.4903926402016163 0.773010453362736
    outer loop
      vertex 1.6358375317511522 -11.448203876803264 0.1677188678166508
      vertex 2.082026254959365 -11.082026254959365 0.1677188678166508
      vertex 1.5516483363750564 -11.322205841849229 0.2914828579090054
    endloop
  endfacet
  facet normal 0.062181415557998214 -0.0757682740834719 0.995184726672197
    outer loop
      vertex 1.8361094399062379 -11.74793196864818 0.01912219546999383
      vertex 2.4748737341529163 -11.474873734152917 0
      vertex 2.336924044511445 -11.336924044511445 0.01912219546999383
    endloop
  endfacet
  facet normal 0.0757682740834719 -0.06218141555799825 0.995184726672197
    outer loop
      vertex 2.336924044511445 -11.336924044511445 0.01912219546999383
      vertex 2.4748737341529163 -11.474873734152917 0
      vertex 2.9101436430589085 -10.944495815568608 0
    endloop
  endfacet
  facet normal 0.4903926402016144 -0.5975451610080642 0.634393284163646
    outer loop
      vertex 1.5516483363750564 -11.322205841849229 0.2914828579090054
      vertex 1.9748737341529161 -10.974873734152917 0.2914828579090054
      vertex 1.4825560493129641 -11.218801926876363 0.4422897161773749
    endloop
  endfacet
  facet normal 0.559484927263708 -0.6817343563841612 0.47139673682599537
    outer loop
      vertex 1.4825560493129641 -11.218801926876363 0.4422897161773749
      vertex 1.8869359329432371 -10.886935932943237 0.4422897161773749
      vertex 1.431215848409271 -11.141965886347492 0.6143440196319667
    endloop
  endfacet
  facet normal 0.4510985516013386 -0.8439460307948881 0.2902846772544637
    outer loop
      vertex 1.431215848409271 -11.141965886347492 0.6143440196319667
      vertex 1.399600708792789 -11.094650486209991 0.8010338178801852
      vertex 0.964061735759949 -11.327450917436616 0.8010338178801852
    endloop
  endfacet
  facet normal 0.41573480615127323 -0.7777851165098022 0.4713967368259953
    outer loop
      vertex 0.9858386226845406 -11.38002497319623 0.6143440196319667
      vertex 1.4825560493129641 -11.218801926876363 0.4422897161773749
      vertex 1.431215848409271 -11.141965886347492 0.6143440196319667
    endloop
  endfacet
  facet normal 0.6070765223338173 -0.7397248827654442 0.2902846772544635
    outer loop
      vertex 1.431215848409271 -11.141965886347492 0.6143440196319667
      vertex 1.8215922517147283 -10.821592251714728 0.6143440196319667
      vertex 1.399600708792789 -11.094650486209991 0.8010338178801852
    endloop
  endfacet
  facet normal 0.6070765223338167 -0.7397248827654468 0.2902846772544584
    outer loop
      vertex 1.399600708792789 -11.094650486209991 0.8010338178801852
      vertex 1.8215922517147283 -10.821592251714728 0.6143440196319667
      vertex 1.7813538114918428 -10.781353811491844 0.8010338178801852
    endloop
  endfacet
  facet normal 0.4691268326923469 -0.8776745724069153 0.09801714032956235
    outer loop
      vertex 0.964061735759949 -11.327450917436616 0.8010338178801852
      vertex 1.399600708792789 -11.094650486209991 0.8010338178801852
      vertex 0.9567085809127245 -11.309698831278217 0.9951847266721967
    endloop
  endfacet
  facet normal 0.4691268326923449 -0.877674572406917 0.09801714032955595
    outer loop
      vertex 0.9567085809127245 -11.309698831278217 0.9951847266721967
      vertex 1.399600708792789 -11.094650486209991 0.8010338178801852
      vertex 1.3889255825490054 -11.078674030756364 0.9951847266721967
    endloop
  endfacet
  facet normal 0.6313385071030735 -0.7692881967445482 0.09801714032955663
    outer loop
      vertex 1.399600708792789 -11.094650486209991 0.8010338178801852
      vertex 1.7813538114918428 -10.781353811491844 0.8010338178801852
      vertex 1.3889255825490054 -11.078674030756364 0.9951847266721967
    endloop
  endfacet
  facet normal 0.6313385071030754 -0.7692881967445453 0.09801714032956504
    outer loop
      vertex 1.3889255825490054 -11.078674030756364 0.9951847266721967
      vertex 1.7813538114918428 -10.781353811491844 0.8010338178801852
      vertex 1.7677669529663689 -10.767766952966369 0.9951847266721967
    endloop
  endfacet
  facet normal 0.2990509240190695 -0.3643946052475787 0.8819212643483556
    outer loop
      vertex 1.6358375317511522 -11.448203876803264 0.1677188678166508
      vertex 2.2042756840798177 -11.204275684079818 0.07575392663191494
      vertex 2.082026254959365 -11.082026254959365 0.1677188678166508
    endloop
  endfacet
  facet normal 0.36439460524757894 -0.29905092401906946 0.8819212643483555
    outer loop
      vertex 2.082026254959365 -11.082026254959365 0.1677188678166508
      vertex 2.2042756840798177 -11.204275684079818 0.07575392663191494
      vertex 2.5919539979156996 -10.731888291876793 0.07575392663191494
    endloop
  endfacet
  facet normal 0.224393089968728 -0.18415464974584228 0.9569403357322088
    outer loop
      vertex 2.2042756840798177 -11.204275684079818 0.07575392663191494
      vertex 2.336924044511445 -11.336924044511445 0.01912219546999383
      vertex 2.7479319686481793 -10.836109439906238 0.01912219546999383
    endloop
  endfacet
  facet normal 0.22439308996872773 -0.18415464974584186 0.956940335732209
    outer loop
      vertex 2.2042756840798177 -11.204275684079818 0.07575392663191494
      vertex 2.7479319686481793 -10.836109439906238 0.01912219546999383
      vertex 2.5919539979156996 -10.731888291876793 0.07575392663191494
    endloop
  endfacet
  facet normal 0.4903926402016162 -0.4024548389919363 0.7730104533627361
    outer loop
      vertex 1.9748737341529161 -10.974873734152917 0.2914828579090054
      vertex 2.082026254959365 -11.082026254959365 0.1677188678166508
      vertex 2.4482038768032646 -10.635837531751152 0.1677188678166508
    endloop
  endfacet
  facet normal 0.36439460524757933 -0.2990509240190702 0.881921264348355
    outer loop
      vertex 2.082026254959365 -11.082026254959365 0.1677188678166508
      vertex 2.5919539979156996 -10.731888291876793 0.07575392663191494
      vertex 2.4482038768032646 -10.635837531751152 0.1677188678166508
    endloop
  endfacet
  facet normal 0.559484927263707 -0.2990509240190711 0.773010453362737
    outer loop
      vertex 2.322205841849229 -10.551648336375056 0.2914828579090054
      vertex 2.4482038768032646 -10.635837531751152 0.1677188678166508
      vertex 2.7202983966301666 -10.126784489586 0.1677188678166508
    endloop
  endfacet
  facet normal 0.4024548389919363 -0.4903926402016167 0.7730104533627358
    outer loop
      vertex 1.5516483363750564 -11.322205841849229 0.2914828579090054
      vertex 2.082026254959365 -11.082026254959365 0.1677188678166508
      vertex 1.9748737341529161 -10.974873734152917 0.2914828579090054
    endloop
  endfacet
  facet normal 0.5975451610080641 -0.490392640201614 0.6343932841636464
    outer loop
      vertex 1.9748737341529161 -10.974873734152917 0.2914828579090054
      vertex 2.322205841849229 -10.551648336375056 0.2914828579090054
      vertex 1.8869359329432371 -10.886935932943237 0.4422897161773749
    endloop
  endfacet
  facet normal 0.4903926402016142 -0.5975451610080634 0.6343932841636469
    outer loop
      vertex 1.4825560493129641 -11.218801926876363 0.4422897161773749
      vertex 1.9748737341529161 -10.974873734152917 0.2914828579090054
      vertex 1.8869359329432371 -10.886935932943237 0.4422897161773749
    endloop
  endfacet
  facet normal 0.6817343563841604 -0.5594849272637084 0.47139673682599637
    outer loop
      vertex 1.8869359329432371 -10.886935932943237 0.4422897161773749
      vertex 2.2188019268763632 -10.482556049312965 0.4422897161773749
      vertex 1.8215922517147283 -10.821592251714728 0.6143440196319667
    endloop
  endfacet
  facet normal 0.4903926402016156 -0.4024548389919352 0.7730104533627371
    outer loop
      vertex 1.9748737341529161 -10.974873734152917 0.2914828579090054
      vertex 2.4482038768032646 -10.635837531751152 0.1677188678166508
      vertex 2.322205841849229 -10.551648336375056 0.2914828579090054
    endloop
  endfacet
  facet normal 0.6817343563841609 -0.3643946052475799 0.6343932841636442
    outer loop
      vertex 2.322205841849229 -10.551648336375056 0.2914828579090054
      vertex 2.580296881351315 -10.068793963204715 0.2914828579090054
      vertex 2.2188019268763632 -10.482556049312965 0.4422897161773749
    endloop
  endfacet
  facet normal 0.5975451610080652 -0.49039264020161666 0.6343932841636434
    outer loop
      vertex 1.8869359329432371 -10.886935932943237 0.4422897161773749
      vertex 2.322205841849229 -10.551648336375056 0.2914828579090054
      vertex 2.2188019268763632 -10.482556049312965 0.4422897161773749
    endloop
  endfacet
  facet normal 0.7777851165098021 -0.415734806151273 0.4713967368259957
    outer loop
      vertex 2.141965886347492 -10.431215848409272 0.6143440196319667
      vertex 2.2188019268763632 -10.482556049312965 0.4422897161773749
      vertex 2.465400607078087 -10.021202368134606 0.4422897161773749
    endloop
  endfacet
  facet normal 0.6817343563841607 -0.36439460524757944 0.6343932841636448
    outer loop
      vertex 2.580296881351315 -10.068793963204715 0.2914828579090054
      vertex 2.465400607078087 -10.021202368134606 0.4422897161773749
      vertex 2.2188019268763632 -10.482556049312965 0.4422897161773749
    endloop
  endfacet
  facet normal 0.8439460307948892 -0.25600822958520936 0.4713967368259975
    outer loop
      vertex 2.38002497319623 -9.98583862268454 0.6143440196319667
      vertex 2.465400607078087 -10.021202368134606 0.4422897161773749
      vertex 2.617255324562389 -9.52060445264572 0.4422897161773749
    endloop
  endfacet
  facet normal 0.07576827408347181 -0.0621814155579981 0.995184726672197
    outer loop
      vertex 2.336924044511445 -11.336924044511445 0.01912219546999383
      vertex 2.9101436430589085 -10.944495815568608 0
      vertex 2.7479319686481793 -10.836109439906238 0.01912219546999383
    endloop
  endfacet
  facet normal 0.41573480615127234 -0.22221488349019894 0.8819212643483552
    outer loop
      vertex 2.5919539979156996 -10.731888291876793 0.07575392663191494
      vertex 2.8800249731962295 -10.192945403871088 0.07575392663191494
      vertex 2.4482038768032646 -10.635837531751152 0.1677188678166508
    endloop
  endfacet
  facet normal 0.25600822958520975 -0.1368392496083413 0.9569403357322088
    outer loop
      vertex 2.5919539979156996 -10.731888291876793 0.07575392663191494
      vertex 2.7479319686481793 -10.836109439906238 0.01912219546999383
      vertex 3.0533384082877664 -10.264734179227471 0.01912219546999383
    endloop
  endfacet
  facet normal 0.25600822958521047 -0.13683924960834204 0.9569403357322086
    outer loop
      vertex 2.5919539979156996 -10.731888291876793 0.07575392663191494
      vertex 3.0533384082877664 -10.264734179227471 0.01912219546999383
      vertex 2.8800249731962295 -10.192945403871088 0.07575392663191494
    endloop
  endfacet
  facet normal 0.4157348061512732 -0.2222148834901999 0.8819212643483546
    outer loop
      vertex 2.4482038768032646 -10.635837531751152 0.1677188678166508
      vertex 2.8800249731962295 -10.192945403871088 0.07575392663191494
      vertex 2.7202983966301666 -10.126784489586 0.1677188678166508
    endloop
  endfacet
  facet normal 0.08644340032725525 -0.0462049601043702 0.995184726672197
    outer loop
      vertex 2.7479319686481793 -10.836109439906238 0.01912219546999383
      vertex 2.9101436430589085 -10.944495815568608 0
      vertex 3.2335783637895035 -10.339392013277815 0
    endloop
  endfacet
  facet normal 0.08644340032725518 -0.04620496010437012 0.995184726672197
    outer loop
      vertex 2.7479319686481793 -10.836109439906238 0.01912219546999383
      vertex 3.2335783637895035 -10.339392013277815 0
      vertex 3.0533384082877664 -10.264734179227471 0.01912219546999383
    endloop
  endfacet
  facet normal 0.4510985516013383 -0.1368392496083416 0.8819212643483547
    outer loop
      vertex 2.7202983966301666 -10.126784489586 0.1677188678166508
      vertex 2.8800249731962295 -10.192945403871088 0.07575392663191494
      vertex 3.057418203893441 -9.608158293006106 0.07575392663191494
    endloop
  endfacet
  facet normal 0.6070765223338167 -0.18415464974584153 0.7730104533627378
    outer loop
      vertex 2.580296881351315 -10.068793963204715 0.2914828579090054
      vertex 2.7202983966301666 -10.126784489586 0.1677188678166508
      vertex 2.8878533746354873 -9.57442975139408 0.1677188678166508
    endloop
  endfacet
  facet normal 0.4510985516013375 -0.13683924960834098 0.8819212643483554
    outer loop
      vertex 2.7202983966301666 -10.126784489586 0.1677188678166508
      vertex 3.057418203893441 -9.608158293006106 0.07575392663191494
      vertex 2.8878533746354873 -9.57442975139408 0.1677188678166508
    endloop
  endfacet
  facet normal 0.27778511650980187 -0.0842651938487279 0.9569403357322086
    outer loop
      vertex 2.8800249731962295 -10.192945403871088 0.07575392663191494
      vertex 3.0533384082877664 -10.264734179227471 0.01912219546999383
      vertex 3.2414067652287617 -9.644755893312093 0.01912219546999383
    endloop
  endfacet
  facet normal 0.09379655517447967 -0.02845287394597155 0.995184726672197
    outer loop
      vertex 3.0533384082877664 -10.264734179227471 0.01912219546999383
      vertex 3.2335783637895035 -10.339392013277815 0
      vertex 3.4327484814113065 -9.68281612705645 0
    endloop
  endfacet
  facet normal 0.09379655517447986 -0.028452873945971676 0.995184726672197
    outer loop
      vertex 3.0533384082877664 -10.264734179227471 0.01912219546999383
      vertex 3.4327484814113065 -9.68281612705645 0
      vertex 3.2414067652287617 -9.644755893312093 0.01912219546999383
    endloop
  endfacet
  facet normal 0.27778511650980114 -0.08426519384872742 0.9569403357322088
    outer loop
      vertex 2.8800249731962295 -10.192945403871088 0.07575392663191494
      vertex 3.2414067652287617 -9.644755893312093 0.01912219546999383
      vertex 3.057418203893441 -9.608158293006106 0.07575392663191494
    endloop
  endfacet
  facet normal 0.4691268326923452 -0.04620496010437074 0.8819212643483555
    outer loop
      vertex 3.057418203893441 -9.608158293006106 0.07575392663191494
      vertex 3.11731656763491 -9 0.07575392663191494
      vertex 2.8878533746354873 -9.57442975139408 0.1677188678166508
    endloop
  endfacet
  facet normal 0.28888687719060935 -0.028452873945971784 0.9569403357322087
    outer loop
      vertex 3.057418203893441 -9.608158293006106 0.07575392663191494
      vertex 3.2414067652287617 -9.644755893312093 0.01912219546999383
      vertex 3.3049096779838716 -9 0.01912219546999383
    endloop
  endfacet
  facet normal 0.5594849272637061 -0.2990509240190698 0.7730104533627382
    outer loop
      vertex 2.322205841849229 -10.551648336375056 0.2914828579090054
      vertex 2.7202983966301666 -10.126784489586 0.1677188678166508
      vertex 2.580296881351315 -10.068793963204715 0.2914828579090054
    endloop
  endfacet
  facet normal 0.7397248827654447 -0.22439308996872795 0.6343932841636453
    outer loop
      vertex 2.580296881351315 -10.068793963204715 0.2914828579090054
      vertex 2.7392285587502325 -9.544866437414978 0.2914828579090054
      vertex 2.465400607078087 -10.021202368134606 0.4422897161773749
    endloop
  endfacet
  facet normal 0.6070765223338177 -0.18415464974584245 0.7730104533627367
    outer loop
      vertex 2.580296881351315 -10.068793963204715 0.2914828579090054
      vertex 2.8878533746354873 -9.57442975139408 0.1677188678166508
      vertex 2.7392285587502325 -9.544866437414978 0.2914828579090054
    endloop
  endfacet
  facet normal 0.7397248827654441 -0.22439308996872734 0.634393284163646
    outer loop
      vertex 2.465400607078087 -10.021202368134606 0.4422897161773749
      vertex 2.7392285587502325 -9.544866437414978 0.2914828579090054
      vertex 2.617255324562389 -9.52060445264572 0.4422897161773749
    endloop
  endfacet
  facet normal 0.559484927263708 -0.6817343563841607 0.4713967368259962
    outer loop
      vertex 1.431215848409271 -11.141965886347492 0.6143440196319667
      vertex 1.8869359329432371 -10.886935932943237 0.4422897161773749
      vertex 1.8215922517147283 -10.821592251714728 0.6143440196319667
    endloop
  endfacet
  facet normal 0.6817343563841602 -0.5594849272637086 0.47139673682599587
    outer loop
      vertex 1.8215922517147283 -10.821592251714728 0.6143440196319667
      vertex 2.2188019268763632 -10.482556049312965 0.4422897161773749
      vertex 2.141965886347492 -10.431215848409272 0.6143440196319667
    endloop
  endfacet
  facet normal 0.7397248827654448 -0.6070765223338187 0.29028467725445917
    outer loop
      vertex 1.8215922517147283 -10.821592251714728 0.6143440196319667
      vertex 2.141965886347492 -10.431215848409272 0.6143440196319667
      vertex 1.7813538114918428 -10.781353811491844 0.8010338178801852
    endloop
  endfacet
  facet normal 0.7397248827654449 -0.6070765223338158 0.2902846772544649
    outer loop
      vertex 2.141965886347492 -10.431215848409272 0.6143440196319667
      vertex 2.094650486209991 -10.39960070879279 0.8010338178801852
      vertex 1.7813538114918428 -10.781353811491844 0.8010338178801852
    endloop
  endfacet
  facet normal 0.7692881967445472 -0.6313385071030735 0.09801714032956438
    outer loop
      vertex 1.7813538114918428 -10.781353811491844 0.8010338178801852
      vertex 2.094650486209991 -10.39960070879279 0.8010338178801852
      vertex 1.7677669529663689 -10.767766952966369 0.9951847266721967
    endloop
  endfacet
  facet normal 0.7692881967445467 -0.631338507103074 0.09801714032956224
    outer loop
      vertex 2.094650486209991 -10.39960070879279 0.8010338178801852
      vertex 2.078674030756363 -10.388925582549005 0.9951847266721967
      vertex 1.7677669529663689 -10.767766952966369 0.9951847266721967
    endloop
  endfacet
  facet normal 0.7777851165098013 -0.4157348061512713 0.4713967368259984
    outer loop
      vertex 2.141965886347492 -10.431215848409272 0.6143440196319667
      vertex 2.465400607078087 -10.021202368134606 0.4422897161773749
      vertex 2.38002497319623 -9.98583862268454 0.6143440196319667
    endloop
  endfacet
  facet normal 0.8439460307948891 -0.4510985516013364 0.2902846772544646
    outer loop
      vertex 2.141965886347492 -10.431215848409272 0.6143440196319667
      vertex 2.38002497319623 -9.98583862268454 0.6143440196319667
      vertex 2.094650486209991 -10.39960070879279 0.8010338178801852
    endloop
  endfacet
  facet normal 0.8439460307948893 -0.45109855160133727 0.2902846772544629
    outer loop
      vertex 2.38002497319623 -9.98583862268454 0.6143440196319667
      vertex 2.327450917436616 -9.964061735759948 0.8010338178801852
      vertex 2.094650486209991 -10.39960070879279 0.8010338178801852
    endloop
  endfacet
  facet normal 0.8439460307948895 -0.25600822958520986 0.4713967368259967
    outer loop
      vertex 2.38002497319623 -9.98583862268454 0.6143440196319667
      vertex 2.617255324562389 -9.52060445264572 0.4422897161773749
      vertex 2.526621035058419 -9.502576171554711 0.6143440196319667
    endloop
  endfacet
  facet normal 0.9157348061512725 -0.27778511650980114 0.2902846772544629
    outer loop
      vertex 2.38002497319623 -9.98583862268454 0.6143440196319667
      vertex 2.526621035058419 -9.502576171554711 0.6143440196319667
      vertex 2.327450917436616 -9.964061735759948 0.8010338178801852
    endloop
  endfacet
  facet normal 0.9157348061512725 -0.27778511650980114 0.2902846772544627
    outer loop
      vertex 2.526621035058419 -9.502576171554711 0.6143440196319667
      vertex 2.470808715155663 -9.491474410873904 0.8010338178801852
      vertex 2.327450917436616 -9.964061735759948 0.8010338178801852
    endloop
  endfacet
  facet normal 0.8776745724069163 -0.46912683269234534 0.09801714032956152
    outer loop
      vertex 2.094650486209991 -10.39960070879279 0.8010338178801852
      vertex 2.327450917436616 -9.964061735759948 0.8010338178801852
      vertex 2.078674030756363 -10.388925582549005 0.9951847266721967
    endloop
  endfacet
  facet normal 0.8776745724069159 -0.4691268326923471 0.09801714032955713
    outer loop
      vertex 2.078674030756363 -10.388925582549005 0.9951847266721967
      vertex 2.327450917436616 -9.964061735759948 0.8010338178801852
      vertex 2.309698831278217 -9.956708580912725 0.9951847266721967
    endloop
  endfacet
  facet normal 0.9523324064572588 -0.2888868771906092 0.09801714032955836
    outer loop
      vertex 2.327450917436616 -9.964061735759948 0.8010338178801852
      vertex 2.470808715155663 -9.491474410873904 0.8010338178801852
      vertex 2.309698831278217 -9.956708580912725 0.9951847266721967
    endloop
  endfacet
  facet normal 0.9523324064572588 -0.28888687719060807 0.09801714032956102
    outer loop
      vertex 2.470808715155663 -9.491474410873904 0.8010338178801852
      vertex 2.451963201008076 -9.48772580504032 0.9951847266721967
      vertex 2.309698831278217 -9.956708580912725 0.9951847266721967
    endloop
  endfacet
  facet normal 0.6817343563841605 0.36439460524757966 0.6343932841636448
    outer loop
      vertex 2.580296881351315 -7.931206036795285 0.2914828579090054
      vertex 2.322205841849229 -7.448351663624944 0.2914828579090054
      vertex 2.465400607078087 -7.978797631865394 0.4422897161773749
    endloop
  endfacet
  facet normal 0.5594849272637075 0.2990509240190705 0.773010453362737
    outer loop
      vertex 2.580296881351315 -7.931206036795285 0.2914828579090054
      vertex 2.4482038768032646 -7.364162468248848 0.1677188678166508
      vertex 2.322205841849229 -7.448351663624944 0.2914828579090054
    endloop
  endfacet
  facet normal 0.7777851165098005 0.415734806151273 0.4713967368259984
    outer loop
      vertex 2.38002497319623 -8.01416137731546 0.6143440196319667
      vertex 2.465400607078087 -7.978797631865394 0.4422897161773749
      vertex 2.2188019268763632 -7.517443950687036 0.4422897161773749
    endloop
  endfacet
  facet normal 0.6817343563841599 0.3643946052475797 0.6343932841636455
    outer loop
      vertex 2.465400607078087 -7.978797631865394 0.4422897161773749
      vertex 2.322205841849229 -7.448351663624944 0.2914828579090054
      vertex 2.2188019268763632 -7.517443950687036 0.4422897161773749
    endloop
  endfacet
  facet normal 0.6313385071030752 -0.06218141555799909 0.7730104533627367
    outer loop
      vertex 2.7392285587502325 -9.544866437414978 0.2914828579090054
      vertex 2.8878533746354873 -9.57442975139408 0.1677188678166508
      vertex 2.9444297669803974 -9 0.1677188678166508
    endloop
  endfacet
  facet normal 0.6313385071030744 0.06218141555799901 0.7730104533627373
    outer loop
      vertex 2.792893218813452 -9 0.2914828579090054
      vertex 2.9444297669803974 -9 0.1677188678166508
      vertex 2.8878533746354873 -8.42557024860592 0.1677188678166508
    endloop
  endfacet
  facet normal 0.2888868771906097 -0.02845287394597195 0.9569403357322087
    outer loop
      vertex 3.057418203893441 -9.608158293006106 0.07575392663191494
      vertex 3.3049096779838716 -9 0.01912219546999383
      vertex 3.11731656763491 -9 0.07575392663191494
    endloop
  endfacet
  facet normal 0.09754516100806317 -0.00960735979838465 0.995184726672197
    outer loop
      vertex 3.2414067652287617 -9.644755893312093 0.01912219546999383
      vertex 3.5 -9 0
      vertex 3.3049096779838716 -9 0.01912219546999383
    endloop
  endfacet
  facet normal 0.4691268326923454 -0.046204960104370855 0.8819212643483554
    outer loop
      vertex 2.8878533746354873 -9.57442975139408 0.1677188678166508
      vertex 3.11731656763491 -9 0.07575392663191494
      vertex 2.9444297669803974 -9 0.1677188678166508
    endloop
  endfacet
  facet normal 0.4691268326923454 0.046204960104370765 0.8819212643483553
    outer loop
      vertex 2.9444297669803974 -9 0.1677188678166508
      vertex 3.11731656763491 -9 0.07575392663191494
      vertex 3.057418203893441 -8.391841706993894 0.07575392663191494
    endloop
  endfacet
  facet normal 0.28888687719060924 0.02845287394597191 0.9569403357322087
    outer loop
      vertex 3.057418203893441 -8.391841706993894 0.07575392663191494
      vertex 3.11731656763491 -9 0.07575392663191494
      vertex 3.2414067652287617 -8.355244106687907 0.01912219546999383
    endloop
  endfacet
  facet normal 0.2888868771906096 0.028452873945971825 0.9569403357322087
    outer loop
      vertex 3.11731656763491 -9 0.07575392663191494
      vertex 3.3049096779838716 -9 0.01912219546999383
      vertex 3.2414067652287617 -8.355244106687907 0.01912219546999383
    endloop
  endfacet
  facet normal 0.09754516100806326 0.009607359798384658 0.995184726672197
    outer loop
      vertex 3.2414067652287617 -8.355244106687907 0.01912219546999383
      vertex 3.3049096779838716 -9 0.01912219546999383
      vertex 3.4327484814113065 -8.31718387294355 0
    endloop
  endfacet
  facet normal 0.4691268326923451 0.04620496010437083 0.8819212643483555
    outer loop
      vertex 2.9444297669803974 -9 0.1677188678166508
      vertex 3.057418203893441 -8.391841706993894 0.07575392663191494
      vertex 2.8878533746354873 -8.42557024860592 0.1677188678166508
    endloop
  endfacet
  facet normal 0.769288196744546 -0.07576827408347246 0.634393284163646
    outer loop
      vertex 2.617255324562389 -9.52060445264572 0.4422897161773749
      vertex 2.7392285587502325 -9.544866437414978 0.2914828579090054
      vertex 2.792893218813452 -9 0.2914828579090054
    endloop
  endfacet
  facet normal 0.6313385071030745 -0.0621814155579987 0.7730104533627373
    outer loop
      vertex 2.7392285587502325 -9.544866437414978 0.2914828579090054
      vertex 2.9444297669803974 -9 0.1677188678166508
      vertex 2.792893218813452 -9 0.2914828579090054
    endloop
  endfacet
  facet normal 0.7692881967445467 -0.07576827408347298 0.634393284163645
    outer loop
      vertex 2.617255324562389 -9.52060445264572 0.4422897161773749
      vertex 2.792893218813452 -9 0.2914828579090054
      vertex 2.6685303876974547 -9 0.4422897161773749
    endloop
  endfacet
  facet normal 0.877674572406917 -0.08644340032725667 0.4713967368259957
    outer loop
      vertex 2.617255324562389 -9.52060445264572 0.4422897161773749
      vertex 2.6685303876974547 -9 0.4422897161773749
      vertex 2.526621035058419 -9.502576171554711 0.6143440196319667
    endloop
  endfacet
  facet normal 0.7692881967445466 0.07576827408347253 0.634393284163645
    outer loop
      vertex 2.792893218813452 -9 0.2914828579090054
      vertex 2.7392285587502325 -8.455133562585022 0.2914828579090054
      vertex 2.6685303876974547 -9 0.4422897161773749
    endloop
  endfacet
  facet normal 0.6313385071030753 0.06218141555799877 0.7730104533627368
    outer loop
      vertex 2.792893218813452 -9 0.2914828579090054
      vertex 2.8878533746354873 -8.42557024860592 0.1677188678166508
      vertex 2.7392285587502325 -8.455133562585022 0.2914828579090054
    endloop
  endfacet
  facet normal 0.877674572406917 0.08644340032725667 0.4713967368259957
    outer loop
      vertex 2.5761204674887135 -9 0.6143440196319667
      vertex 2.6685303876974547 -9 0.4422897161773749
      vertex 2.617255324562389 -8.47939554735428 0.4422897161773749
    endloop
  endfacet
  facet normal 0.7692881967445458 0.07576827408347289 0.6343932841636462
    outer loop
      vertex 2.617255324562389 -8.47939554735428 0.4422897161773749
      vertex 2.6685303876974547 -9 0.4422897161773749
      vertex 2.7392285587502325 -8.455133562585022 0.2914828579090054
    endloop
  endfacet
  facet normal 0.4510985516013374 0.13683924960834132 0.8819212643483553
    outer loop
      vertex 3.057418203893441 -8.391841706993894 0.07575392663191494
      vertex 2.8800249731962295 -7.807054596128912 0.07575392663191494
      vertex 2.8878533746354873 -8.42557024860592 0.1677188678166508
    endloop
  endfacet
  facet normal 0.6070765223338178 0.1841546497458422 0.7730104533627367
    outer loop
      vertex 2.7202983966301666 -7.873215510414 0.1677188678166508
      vertex 2.7392285587502325 -8.455133562585022 0.2914828579090054
      vertex 2.8878533746354873 -8.42557024860592 0.1677188678166508
    endloop
  endfacet
  facet normal 0.4510985516013379 0.13683924960834132 0.881921264348355
    outer loop
      vertex 2.7202983966301666 -7.873215510414 0.1677188678166508
      vertex 2.8878533746354873 -8.42557024860592 0.1677188678166508
      vertex 2.8800249731962295 -7.807054596128912 0.07575392663191494
    endloop
  endfacet
  facet normal 0.4157348061512727 0.22221488349019877 0.881921264348355
    outer loop
      vertex 2.5919539979156996 -7.2681117081232065 0.07575392663191494
      vertex 2.7202983966301666 -7.873215510414 0.1677188678166508
      vertex 2.8800249731962295 -7.807054596128912 0.07575392663191494
    endloop
  endfacet
  facet normal 0.2560082295852099 0.13683924960834162 0.9569403357322086
    outer loop
      vertex 2.7479319686481793 -7.163890560093762 0.01912219546999383
      vertex 2.8800249731962295 -7.807054596128912 0.07575392663191494
      vertex 3.0533384082877664 -7.735265820772528 0.01912219546999383
    endloop
  endfacet
  facet normal 0.4157348061512715 0.22221488349019863 0.8819212643483556
    outer loop
      vertex 2.5919539979156996 -7.2681117081232065 0.07575392663191494
      vertex 2.4482038768032646 -7.364162468248848 0.1677188678166508
      vertex 2.7202983966301666 -7.873215510414 0.1677188678166508
    endloop
  endfacet
  facet normal 0.5594849272637071 0.29905092401907046 0.7730104533627373
    outer loop
      vertex 2.580296881351315 -7.931206036795285 0.2914828579090054
      vertex 2.7202983966301666 -7.873215510414 0.1677188678166508
      vertex 2.4482038768032646 -7.364162468248848 0.1677188678166508
    endloop
  endfacet
  facet normal 0.2777851165098016 0.08426519384872756 0.9569403357322087
    outer loop
      vertex 3.057418203893441 -8.391841706993894 0.07575392663191494
      vertex 3.0533384082877664 -7.735265820772528 0.01912219546999383
      vertex 2.8800249731962295 -7.807054596128912 0.07575392663191494
    endloop
  endfacet
  facet normal 0.2777851165098011 0.08426519384872756 0.9569403357322088
    outer loop
      vertex 3.057418203893441 -8.391841706993894 0.07575392663191494
      vertex 3.2414067652287617 -8.355244106687907 0.01912219546999383
      vertex 3.0533384082877664 -7.735265820772528 0.01912219546999383
    endloop
  endfacet
  facet normal 0.09379655517447985 0.02845287394597161 0.995184726672197
    outer loop
      vertex 3.2414067652287617 -8.355244106687907 0.01912219546999383
      vertex 3.4327484814113065 -8.31718387294355 0
      vertex 3.2335783637895035 -7.6606079867221855 0
    endloop
  endfacet
  facet normal 0.09379655517447977 0.028452873945971607 0.995184726672197
    outer loop
      vertex 3.0533384082877664 -7.735265820772528 0.01912219546999383
      vertex 3.2414067652287617 -8.355244106687907 0.01912219546999383
      vertex 3.2335783637895035 -7.6606079867221855 0
    endloop
  endfacet
  facet normal 0.739724882765444 0.22439308996872775 0.634393284163646
    outer loop
      vertex 2.580296881351315 -7.931206036795285 0.2914828579090054
      vertex 2.617255324562389 -8.47939554735428 0.4422897161773749
      vertex 2.7392285587502325 -8.455133562585022 0.2914828579090054
    endloop
  endfacet
  facet normal 0.6070765223338171 0.18415464974584225 0.7730104533627372
    outer loop
      vertex 2.580296881351315 -7.931206036795285 0.2914828579090054
      vertex 2.7392285587502325 -8.455133562585022 0.2914828579090054
      vertex 2.7202983966301666 -7.873215510414 0.1677188678166508
    endloop
  endfacet
  facet normal 0.8439460307948895 0.25600822958520947 0.47139673682599675
    outer loop
      vertex 2.465400607078087 -7.978797631865394 0.4422897161773749
      vertex 2.526621035058419 -8.497423828445289 0.6143440196319667
      vertex 2.617255324562389 -8.47939554735428 0.4422897161773749
    endloop
  endfacet
  facet normal 0.7397248827654448 0.22439308996872753 0.6343932841636452
    outer loop
      vertex 2.580296881351315 -7.931206036795285 0.2914828579090054
      vertex 2.465400607078087 -7.978797631865394 0.4422897161773749
      vertex 2.617255324562389 -8.47939554735428 0.4422897161773749
    endloop
  endfacet
  facet normal 0.9523324064572581 -0.09379655517448109 0.2902846772544634
    outer loop
      vertex 2.526621035058419 -9.502576171554711 0.6143440196319667
      vertex 2.5761204674887135 -9 0.6143440196319667
      vertex 2.470808715155663 -9.491474410873904 0.8010338178801852
    endloop
  endfacet
  facet normal 0.9523324064572584 -0.09379655517448109 0.2902846772544634
    outer loop
      vertex 2.470808715155663 -9.491474410873904 0.8010338178801852
      vertex 2.5761204674887135 -9 0.6143440196319667
      vertex 2.5192147195967696 -9 0.8010338178801852
    endloop
  endfacet
  facet normal 0.9523324064572581 0.09379655517448111 0.2902846772544634
    outer loop
      vertex 2.526621035058419 -8.497423828445289 0.6143440196319667
      vertex 2.470808715155663 -8.508525589126096 0.8010338178801852
      vertex 2.5192147195967696 -9 0.8010338178801852
    endloop
  endfacet
  facet normal 0.9903926402016152 -0.09754516100806453 0.09801714032956035
    outer loop
      vertex 2.470808715155663 -9.491474410873904 0.8010338178801852
      vertex 2.5192147195967696 -9 0.8010338178801852
      vertex 2.451963201008076 -9.48772580504032 0.9951847266721967
    endloop
  endfacet
  facet normal 0.9903926402016152 -0.09754516100806437 0.09801714032956069
    outer loop
      vertex 2.451963201008076 -9.48772580504032 0.9951847266721967
      vertex 2.5192147195967696 -9 0.8010338178801852
      vertex 2.5 -9 0.9951847266721967
    endloop
  endfacet
  facet normal 0.9903926402016151 0.0975451610080645 0.0980171403295607
    outer loop
      vertex 2.5192147195967696 -9 0.8010338178801852
      vertex 2.470808715155663 -8.508525589126096 0.8010338178801852
      vertex 2.5 -9 0.9951847266721967
    endloop
  endfacet
  facet normal 0.9903926402016152 0.09754516100806437 0.09801714032956033
    outer loop
      vertex 2.470808715155663 -8.508525589126096 0.8010338178801852
      vertex 2.451963201008076 -8.51227419495968 0.9951847266721967
      vertex 2.5 -9 0.9951847266721967
    endloop
  endfacet
  facet normal 0.8439460307948891 0.25600822958520975 0.4713967368259976
    outer loop
      vertex 2.38002497319623 -8.01416137731546 0.6143440196319667
      vertex 2.526621035058419 -8.497423828445289 0.6143440196319667
      vertex 2.465400607078087 -7.978797631865394 0.4422897161773749
    endloop
  endfacet
  facet normal 0.9157348061512725 0.27778511650980114 0.2902846772544627
    outer loop
      vertex 2.38002497319623 -8.01416137731546 0.6143440196319667
      vertex 2.470808715155663 -8.508525589126096 0.8010338178801852
      vertex 2.526621035058419 -8.497423828445289 0.6143440196319667
    endloop
  endfacet
  facet normal 0.9157348061512723 0.27778511650980114 0.29028467725446283
    outer loop
      vertex 2.38002497319623 -8.01416137731546 0.6143440196319667
      vertex 2.327450917436616 -8.035938264240052 0.8010338178801852
      vertex 2.470808715155663 -8.508525589126096 0.8010338178801852
    endloop
  endfacet
  facet normal 0.7777851165098022 0.4157348061512726 0.4713967368259957
    outer loop
      vertex 2.141965886347492 -7.568784151590729 0.6143440196319667
      vertex 2.38002497319623 -8.01416137731546 0.6143440196319667
      vertex 2.2188019268763632 -7.517443950687036 0.4422897161773749
    endloop
  endfacet
  facet normal 0.8439460307948892 0.4510985516013373 0.29028467725446283
    outer loop
      vertex 2.141965886347492 -7.568784151590729 0.6143440196319667
      vertex 2.327450917436616 -8.035938264240052 0.8010338178801852
      vertex 2.38002497319623 -8.01416137731546 0.6143440196319667
    endloop
  endfacet
  facet normal 0.8439460307948892 0.45109855160133727 0.29028467725446266
    outer loop
      vertex 2.141965886347492 -7.568784151590729 0.6143440196319667
      vertex 2.094650486209991 -7.600399291207211 0.8010338178801852
      vertex 2.327450917436616 -8.035938264240052 0.8010338178801852
    endloop
  endfacet
  facet normal 0.9523324064572586 0.28888687719060907 0.09801714032956103
    outer loop
      vertex 2.327450917436616 -8.035938264240052 0.8010338178801852
      vertex 2.451963201008076 -8.51227419495968 0.9951847266721967
      vertex 2.470808715155663 -8.508525589126096 0.8010338178801852
    endloop
  endfacet
  facet normal 0.9523324064572591 0.2888868771906082 0.09801714032955836
    outer loop
      vertex 2.327450917436616 -8.035938264240052 0.8010338178801852
      vertex 2.309698831278217 -8.043291419087275 0.9951847266721967
      vertex 2.451963201008076 -8.51227419495968 0.9951847266721967
    endloop
  endfacet
  facet normal 0.8776745724069166 0.46912683269234556 0.0980171403295572
    outer loop
      vertex 2.094650486209991 -7.600399291207211 0.8010338178801852
      vertex 2.309698831278217 -8.043291419087275 0.9951847266721967
      vertex 2.327450917436616 -8.035938264240052 0.8010338178801852
    endloop
  endfacet
  facet normal 0.8776745724069154 0.46912683269234684 0.09801714032956153
    outer loop
      vertex 2.094650486209991 -7.600399291207211 0.8010338178801852
      vertex 2.078674030756363 -7.611074417450995 0.9951847266721967
      vertex 2.309698831278217 -8.043291419087275 0.9951847266721967
    endloop
  endfacet
  facet normal 0.8776745724069169 -0.08644340032725666 0.47139673682599564
    outer loop
      vertex 2.526621035058419 -9.502576171554711 0.6143440196319667
      vertex 2.6685303876974547 -9 0.4422897161773749
      vertex 2.5761204674887135 -9 0.6143440196319667
    endloop
  endfacet
  facet normal 0.8776745724069169 0.08644340032725666 0.47139673682599564
    outer loop
      vertex 2.5761204674887135 -9 0.6143440196319667
      vertex 2.617255324562389 -8.47939554735428 0.4422897161773749
      vertex 2.526621035058419 -8.497423828445289 0.6143440196319667
    endloop
  endfacet
  facet normal 0.9523324064572581 0.09379655517448109 0.2902846772544634
    outer loop
      vertex 2.5761204674887135 -9 0.6143440196319667
      vertex 2.526621035058419 -8.497423828445289 0.6143440196319667
      vertex 2.5192147195967696 -9 0.8010338178801852
    endloop
  endfacet
  facet normal 0.09754516100806325 -0.009607359798384686 0.995184726672197
    outer loop
      vertex 3.2414067652287617 -9.644755893312093 0.01912219546999383
      vertex 3.4327484814113065 -9.68281612705645 0
      vertex 3.5 -9 0
    endloop
  endfacet
  facet normal 0.09754516100806315 0.009607359798384677 0.995184726672197
    outer loop
      vertex 3.3049096779838716 -9 0.01912219546999383
      vertex 3.5 -9 0
      vertex 3.4327484814113065 -8.31718387294355 0
    endloop
  endfacet
  facet normal 0.06218141555799926 0.6313385071030763 0.7730104533627358
    outer loop
      vertex 0.5448664374149773 -6.2607714412497675 0.2914828579090054
      vertex 0.5744297513940791 -6.112146625364513 0.1677188678166508
      vertex 0 -6.055570233019603 0.1677188678166508
    endloop
  endfacet
  facet normal 0.028452873945972148 0.2888868771906096 0.9569403357322086
    outer loop
      vertex 0 -5.88268343236509 0.07575392663191494
      vertex 0.6081582930061062 -5.942581796106559 0.07575392663191494
      vertex 0 -5.695090322016128 0.01912219546999383
    endloop
  endfacet
  facet normal 0.046204960104370946 0.469126832692344 0.881921264348356
    outer loop
      vertex 0 -5.88268343236509 0.07575392663191494
      vertex 0.5744297513940791 -6.112146625364513 0.1677188678166508
      vertex 0.6081582930061062 -5.942581796106559 0.07575392663191494
    endloop
  endfacet
  facet normal 0.009607359798384745 0.09754516100806337 0.995184726672197
    outer loop
      vertex 0 -5.695090322016128 0.01912219546999383
      vertex 0.6447558933120923 -5.758593234771238 0.01912219546999383
      vertex 0 -5.5 0
    endloop
  endfacet
  facet normal 0.02845287394597201 0.28888687719060935 0.9569403357322087
    outer loop
      vertex 0 -5.695090322016128 0.01912219546999383
      vertex 0.6081582930061062 -5.942581796106559 0.07575392663191494
      vertex 0.6447558933120923 -5.758593234771238 0.01912219546999383
    endloop
  endfacet
  facet normal 0.0462049601043707 0.4691268326923435 0.8819212643483563
    outer loop
      vertex 0 -5.88268343236509 0.07575392663191494
      vertex 0 -6.055570233019603 0.1677188678166508
      vertex 0.5744297513940791 -6.112146625364513 0.1677188678166508
    endloop
  endfacet
  facet normal 0.13683924960834032 0.45109855160133616 0.881921264348356
    outer loop
      vertex 1.126784489586 -6.279701603369833 0.1677188678166508
      vertex 0.6081582930061062 -5.942581796106559 0.07575392663191494
      vertex 0.5744297513940791 -6.112146625364513 0.1677188678166508
    endloop
  endfacet
  facet normal 0.08426519384872731 0.2777851165098015 0.9569403357322088
    outer loop
      vertex 0.6081582930061062 -5.942581796106559 0.07575392663191494
      vertex 1.1929454038710878 -6.11997502680377 0.07575392663191494
      vertex 0.6447558933120923 -5.758593234771238 0.01912219546999383
    endloop
  endfacet
  facet normal 0.062181415557998866 0.6313385071030756 0.7730104533627364
    outer loop
      vertex 0.5448664374149773 -6.2607714412497675 0.2914828579090054
      vertex 0 -6.055570233019603 0.1677188678166508
      vertex 0 -6.207106781186548 0.2914828579090054
    endloop
  endfacet
  facet normal 0.07576827408347266 0.7692881967445471 0.6343932841636447
    outer loop
      vertex 0.5448664374149773 -6.2607714412497675 0.2914828579090054
      vertex 0 -6.207106781186548 0.2914828579090054
      vertex 0.52060445264572 -6.3827446754376105 0.4422897161773749
    endloop
  endfacet
  facet normal 0.07576827408347316 0.7692881967445477 0.6343932841636437
    outer loop
      vertex 0 -6.331469612302545 0.4422897161773749
      vertex 0.52060445264572 -6.3827446754376105 0.4422897161773749
      vertex 0 -6.207106781186548 0.2914828579090054
    endloop
  endfacet
  facet normal 0.0864434003272567 0.8776745724069164 0.4713967368259971
    outer loop
      vertex 0 -6.331469612302545 0.4422897161773749
      vertex 0.5025761715547119 -6.473378964941581 0.6143440196319667
      vertex 0.52060445264572 -6.3827446754376105 0.4422897161773749
    endloop
  endfacet
  facet normal 0.1841546497458425 0.6070765223338188 0.7730104533627358
    outer loop
      vertex 0.5448664374149773 -6.2607714412497675 0.2914828579090054
      vertex 1.0687939632047156 -6.419703118648685 0.2914828579090054
      vertex 0.5744297513940791 -6.112146625364513 0.1677188678166508
    endloop
  endfacet
  facet normal 0.22439308996872825 0.739724882765445 0.6343932841636447
    outer loop
      vertex 0.5448664374149773 -6.2607714412497675 0.2914828579090054
      vertex 0.52060445264572 -6.3827446754376105 0.4422897161773749
      vertex 1.0212023681346056 -6.534599392921913 0.4422897161773749
    endloop
  endfacet
  facet normal 0.25600822958521025 0.8439460307948897 0.471396736825996
    outer loop
      vertex 0.52060445264572 -6.3827446754376105 0.4422897161773749
      vertex 0.9858386226845406 -6.61997502680377 0.6143440196319667
      vertex 1.0212023681346056 -6.534599392921913 0.4422897161773749
    endloop
  endfacet
  facet normal 0.36439460524757933 0.6817343563841598 0.6343932841636458
    outer loop
      vertex 1.0687939632047156 -6.419703118648685 0.2914828579090054
      vertex 1.0212023681346056 -6.534599392921913 0.4422897161773749
      vertex 1.4825560493129641 -6.781198073123637 0.4422897161773749
    endloop
  endfacet
  facet normal 0.364394605247579 0.6817343563841596 0.6343932841636462
    outer loop
      vertex 1.0687939632047156 -6.419703118648685 0.2914828579090054
      vertex 1.4825560493129641 -6.781198073123637 0.4422897161773749
      vertex 1.5516483363750564 -6.677794158150771 0.2914828579090054
    endloop
  endfacet
  facet normal 0.4157348061512734 0.7777851165098021 0.4713967368259952
    outer loop
      vertex 1.0212023681346056 -6.534599392921913 0.4422897161773749
      vertex 1.431215848409271 -6.858034113652508 0.6143440196319667
      vertex 1.4825560493129641 -6.781198073123637 0.4422897161773749
    endloop
  endfacet
  facet normal 0.49039264020161466 0.597545161008064 0.634393284163646
    outer loop
      vertex 1.5516483363750564 -6.677794158150771 0.2914828579090054
      vertex 1.4825560493129641 -6.781198073123637 0.4422897161773749
      vertex 1.8869359329432371 -7.113064067056763 0.4422897161773749
    endloop
  endfacet
  facet normal 0.13683924960834082 0.4510985516013369 0.8819212643483556
    outer loop
      vertex 1.126784489586 -6.279701603369833 0.1677188678166508
      vertex 1.1929454038710878 -6.11997502680377 0.07575392663191494
      vertex 0.6081582930061062 -5.942581796106559 0.07575392663191494
    endloop
  endfacet
  facet normal 0.18415464974584145 0.6070765223338177 0.7730104533627371
    outer loop
      vertex 1.0687939632047156 -6.419703118648685 0.2914828579090054
      vertex 1.126784489586 -6.279701603369833 0.1677188678166508
      vertex 0.5744297513940791 -6.112146625364513 0.1677188678166508
    endloop
  endfacet
  facet normal 0.08426519384872788 0.2777851165098023 0.9569403357322084
    outer loop
      vertex 0.6447558933120923 -5.758593234771238 0.01912219546999383
      vertex 1.1929454038710878 -6.11997502680377 0.07575392663191494
      vertex 1.2647341792274716 -5.946661591712234 0.01912219546999383
    endloop
  endfacet
  facet normal 0.028452873945971638 0.09379655517447992 0.995184726672197
    outer loop
      vertex 0.6447558933120923 -5.758593234771238 0.01912219546999383
      vertex 1.2647341792274716 -5.946661591712234 0.01912219546999383
      vertex 0.6828161270564489 -5.5672515185886935 0
    endloop
  endfacet
  facet normal 0.02845287394597168 0.09379655517447998 0.995184726672197
    outer loop
      vertex 1.2647341792274716 -5.946661591712234 0.01912219546999383
      vertex 1.3393920132778143 -5.766421636210497 0
      vertex 0.6828161270564489 -5.5672515185886935 0
    endloop
  endfacet
  facet normal 0.13683924960834226 0.25600822958521063 0.9569403357322085
    outer loop
      vertex 1.7318882918767933 -6.4080460020843 0.07575392663191494
      vertex 1.2647341792274716 -5.946661591712234 0.01912219546999383
      vertex 1.1929454038710878 -6.11997502680377 0.07575392663191494
    endloop
  endfacet
  facet normal 0.22221488349019847 0.4157348061512711 0.8819212643483558
    outer loop
      vertex 1.7318882918767933 -6.4080460020843 0.07575392663191494
      vertex 1.1929454038710878 -6.11997502680377 0.07575392663191494
      vertex 1.6358375317511522 -6.551796123196736 0.1677188678166508
    endloop
  endfacet
  facet normal 0.13683924960834132 0.25600822958520975 0.9569403357322089
    outer loop
      vertex 1.7318882918767933 -6.4080460020843 0.07575392663191494
      vertex 1.8361094399062379 -6.25206803135182 0.01912219546999383
      vertex 1.2647341792274716 -5.946661591712234 0.01912219546999383
    endloop
  endfacet
  facet normal 0.2990509240190716 0.5594849272637084 0.7730104533627359
    outer loop
      vertex 1.126784489586 -6.279701603369833 0.1677188678166508
      vertex 1.5516483363750564 -6.677794158150771 0.2914828579090054
      vertex 1.6358375317511522 -6.551796123196736 0.1677188678166508
    endloop
  endfacet
  facet normal 0.22221488349019883 0.41573480615127145 0.8819212643483556
    outer loop
      vertex 1.126784489586 -6.279701603369833 0.1677188678166508
      vertex 1.6358375317511522 -6.551796123196736 0.1677188678166508
      vertex 1.1929454038710878 -6.11997502680377 0.07575392663191494
    endloop
  endfacet
  facet normal 0.04620496010437032 0.08644340032725555 0.995184726672197
    outer loop
      vertex 1.2647341792274716 -5.946661591712234 0.01912219546999383
      vertex 1.8361094399062379 -6.25206803135182 0.01912219546999383
      vertex 1.3393920132778143 -5.766421636210497 0
    endloop
  endfacet
  facet normal 0.2243930899687275 0.7397248827654445 0.6343932841636457
    outer loop
      vertex 0.5448664374149773 -6.2607714412497675 0.2914828579090054
      vertex 1.0212023681346056 -6.534599392921913 0.4422897161773749
      vertex 1.0687939632047156 -6.419703118648685 0.2914828579090054
    endloop
  endfacet
  facet normal 0.2990509240190703 0.5594849272637072 0.773010453362737
    outer loop
      vertex 1.0687939632047156 -6.419703118648685 0.2914828579090054
      vertex 1.5516483363750564 -6.677794158150771 0.2914828579090054
      vertex 1.126784489586 -6.279701603369833 0.1677188678166508
    endloop
  endfacet
  facet normal 0.27778511650980126 0.9157348061512731 0.29028467725446083
    outer loop
      vertex 0.5025761715547119 -6.473378964941581 0.6143440196319667
      vertex 0.964061735759949 -6.672549082563384 0.8010338178801852
      vertex 0.9858386226845406 -6.61997502680377 0.6143440196319667
    endloop
  endfacet
  facet normal 0.28888687719060696 0.952332406457259 0.09801714032956249
    outer loop
      vertex 0.49147441087390403 -6.529191284844337 0.8010338178801852
      vertex 0.9567085809127245 -6.690301168721783 0.9951847266721967
      vertex 0.964061735759949 -6.672549082563384 0.8010338178801852
    endloop
  endfacet
  facet normal 0.2888868771906088 0.9523324064572589 0.09801714032955795
    outer loop
      vertex 0.49147441087390403 -6.529191284844337 0.8010338178801852
      vertex 0.4877258050403206 -6.548036798991924 0.9951847266721967
      vertex 0.9567085809127245 -6.690301168721783 0.9951847266721967
    endloop
  endfacet
  facet normal 0.08644340032725732 0.8776745724069169 0.4713967368259957
    outer loop
      vertex 0 -6.331469612302545 0.4422897161773749
      vertex 0 -6.423879532511286 0.6143440196319667
      vertex 0.5025761715547119 -6.473378964941581 0.6143440196319667
    endloop
  endfacet
  facet normal 0.09379655517448189 0.9523324064572576 0.2902846772544655
    outer loop
      vertex 0 -6.423879532511286 0.6143440196319667
      vertex 0 -6.48078528040323 0.8010338178801852
      vertex 0.49147441087390403 -6.529191284844337 0.8010338178801852
    endloop
  endfacet
  facet normal 0.09379655517448174 0.9523324064572575 0.2902846772544658
    outer loop
      vertex 0 -6.423879532511286 0.6143440196319667
      vertex 0.49147441087390403 -6.529191284844337 0.8010338178801852
      vertex 0.5025761715547119 -6.473378964941581 0.6143440196319667
    endloop
  endfacet
  facet normal 0.2560082295852097 0.8439460307948894 0.471396736825997
    outer loop
      vertex 0.52060445264572 -6.3827446754376105 0.4422897161773749
      vertex 0.5025761715547119 -6.473378964941581 0.6143440196319667
      vertex 0.9858386226845406 -6.61997502680377 0.6143440196319667
    endloop
  endfacet
  facet normal 0.27778511650979887 0.9157348061512722 0.2902846772544656
    outer loop
      vertex 0.5025761715547119 -6.473378964941581 0.6143440196319667
      vertex 0.49147441087390403 -6.529191284844337 0.8010338178801852
      vertex 0.964061735759949 -6.672549082563384 0.8010338178801852
    endloop
  endfacet
  facet normal 0.09754516100806541 0.9903926402016153 0.09801714032955779
    outer loop
      vertex 0 -6.48078528040323 0.8010338178801852
      vertex 0.4877258050403206 -6.548036798991924 0.9951847266721967
      vertex 0.49147441087390403 -6.529191284844337 0.8010338178801852
    endloop
  endfacet
  facet normal 0.09754516100806422 0.9903926402016152 0.0980171403295607
    outer loop
      vertex 0 -6.48078528040323 0.8010338178801852
      vertex 0 -6.5 0.9951847266721967
      vertex 0.4877258050403206 -6.548036798991924 0.9951847266721967
    endloop
  endfacet
  facet normal 0.4157348061512731 0.777785116509802 0.47139673682599587
    outer loop
      vertex 1.0212023681346056 -6.534599392921913 0.4422897161773749
      vertex 0.9858386226845406 -6.61997502680377 0.6143440196319667
      vertex 1.431215848409271 -6.858034113652508 0.6143440196319667
    endloop
  endfacet
  facet normal 0.4510985516013391 0.843946030794889 0.29028467725446105
    outer loop
      vertex 0.9858386226845406 -6.61997502680377 0.6143440196319667
      vertex 0.964061735759949 -6.672549082563384 0.8010338178801852
      vertex 1.399600708792789 -6.905349513790009 0.8010338178801852
    endloop
  endfacet
  facet normal 0.6070765223338176 0.7397248827654446 0.29028467725446166
    outer loop
      vertex 1.431215848409271 -6.858034113652508 0.6143440196319667
      vertex 1.7813538114918428 -7.218646188508157 0.8010338178801852
      vertex 1.8215922517147283 -7.178407748285272 0.6143440196319667
    endloop
  endfacet
  facet normal 0.5594849272637082 0.6817343563841611 0.4713967368259954
    outer loop
      vertex 1.4825560493129641 -6.781198073123637 0.4422897161773749
      vertex 1.431215848409271 -6.858034113652508 0.6143440196319667
      vertex 1.8215922517147283 -7.178407748285272 0.6143440196319667
    endloop
  endfacet
  facet normal 0.45109855160133777 0.8439460307948887 0.2902846772544637
    outer loop
      vertex 0.9858386226845406 -6.61997502680377 0.6143440196319667
      vertex 1.399600708792789 -6.905349513790009 0.8010338178801852
      vertex 1.431215848409271 -6.858034113652508 0.6143440196319667
    endloop
  endfacet
  facet normal 0.6070765223338167 0.7397248827654447 0.29028467725446355
    outer loop
      vertex 1.431215848409271 -6.858034113652508 0.6143440196319667
      vertex 1.399600708792789 -6.905349513790009 0.8010338178801852
      vertex 1.7813538114918428 -7.218646188508157 0.8010338178801852
    endloop
  endfacet
  facet normal 0.469126832692347 0.8776745724069155 0.09801714032955992
    outer loop
      vertex 0.964061735759949 -6.672549082563384 0.8010338178801852
      vertex 1.3889255825490054 -6.921325969243637 0.9951847266721967
      vertex 1.399600708792789 -6.905349513790009 0.8010338178801852
    endloop
  endfacet
  facet normal 0.46912683269234606 0.8776745724069157 0.09801714032956235
    outer loop
      vertex 0.964061735759949 -6.672549082563384 0.8010338178801852
      vertex 0.9567085809127245 -6.690301168721783 0.9951847266721967
      vertex 1.3889255825490054 -6.921325969243637 0.9951847266721967
    endloop
  endfacet
  facet normal 0.6313385071030742 0.7692881967445468 0.09801714032956145
    outer loop
      vertex 1.399600708792789 -6.905349513790009 0.8010338178801852
      vertex 1.7677669529663689 -7.232233047033631 0.9951847266721967
      vertex 1.7813538114918428 -7.218646188508157 0.8010338178801852
    endloop
  endfacet
  facet normal 0.6313385071030746 0.7692881967445465 0.09801714032956008
    outer loop
      vertex 1.399600708792789 -6.905349513790009 0.8010338178801852
      vertex 1.3889255825490054 -6.921325969243637 0.9951847266721967
      vertex 1.7677669529663689 -7.232233047033631 0.9951847266721967
    endloop
  endfacet
  facet normal 0.009607359798384696 0.09754516100806326 0.995184726672197
    outer loop
      vertex 0.6447558933120923 -5.758593234771238 0.01912219546999383
      vertex 0.6828161270564489 -5.5672515185886935 0
      vertex 0 -5.5 0
    endloop
  endfacet
  facet normal 0.2990509240190696 0.36439460524757855 0.8819212643483556
    outer loop
      vertex 1.7318882918767933 -6.4080460020843 0.07575392663191494
      vertex 2.082026254959365 -6.917973745040635 0.1677188678166508
      vertex 2.2042756840798177 -6.795724315920182 0.07575392663191494
    endloop
  endfacet
  facet normal 0.4024548389919354 0.4903926402016153 0.7730104533627372
    outer loop
      vertex 1.6358375317511522 -6.551796123196736 0.1677188678166508
      vertex 1.9748737341529161 -7.025126265847084 0.2914828579090054
      vertex 2.082026254959365 -6.917973745040635 0.1677188678166508
    endloop
  endfacet
  facet normal 0.2990509240190692 0.3643946052475783 0.8819212643483557
    outer loop
      vertex 1.7318882918767933 -6.4080460020843 0.07575392663191494
      vertex 1.6358375317511522 -6.551796123196736 0.1677188678166508
      vertex 2.082026254959365 -6.917973745040635 0.1677188678166508
    endloop
  endfacet
  facet normal 0.3643946052475784 0.2990509240190695 0.8819212643483557
    outer loop
      vertex 2.2042756840798177 -6.795724315920182 0.07575392663191494
      vertex 2.4482038768032646 -7.364162468248848 0.1677188678166508
      vertex 2.5919539979156996 -7.2681117081232065 0.07575392663191494
    endloop
  endfacet
  facet normal 0.4903926402016153 0.40245483899193557 0.773010453362737
    outer loop
      vertex 2.082026254959365 -6.917973745040635 0.1677188678166508
      vertex 2.322205841849229 -7.448351663624944 0.2914828579090054
      vertex 2.4482038768032646 -7.364162468248848 0.1677188678166508
    endloop
  endfacet
  facet normal 0.18415464974584236 0.22439308996872795 0.9569403357322089
    outer loop
      vertex 1.8361094399062379 -6.25206803135182 0.01912219546999383
      vertex 2.2042756840798177 -6.795724315920182 0.07575392663191494
      vertex 2.336924044511445 -6.663075955488555 0.01912219546999383
    endloop
  endfacet
  facet normal 0.2243930899687279 0.18415464974584234 0.9569403357322088
    outer loop
      vertex 2.2042756840798177 -6.795724315920182 0.07575392663191494
      vertex 2.5919539979156996 -7.2681117081232065 0.07575392663191494
      vertex 2.336924044511445 -6.663075955488555 0.01912219546999383
    endloop
  endfacet
  facet normal 0.07576827408347195 0.062181415557998214 0.995184726672197
    outer loop
      vertex 2.336924044511445 -6.663075955488555 0.01912219546999383
      vertex 2.7479319686481793 -7.163890560093762 0.01912219546999383
      vertex 2.4748737341529163 -6.525126265847083 0
    endloop
  endfacet
  facet normal 0.3643946052475787 0.2990509240190697 0.8819212643483555
    outer loop
      vertex 2.082026254959365 -6.917973745040635 0.1677188678166508
      vertex 2.4482038768032646 -7.364162468248848 0.1677188678166508
      vertex 2.2042756840798177 -6.795724315920182 0.07575392663191494
    endloop
  endfacet
  facet normal 0.6817343563841611 0.5594849272637077 0.47139673682599603
    outer loop
      vertex 1.8869359329432371 -7.113064067056763 0.4422897161773749
      vertex 2.141965886347492 -7.568784151590729 0.6143440196319667
      vertex 2.2188019268763632 -7.517443950687036 0.4422897161773749
    endloop
  endfacet
  facet normal 0.5975451610080649 0.4903926402016153 0.6343932841636447
    outer loop
      vertex 1.9748737341529161 -7.025126265847084 0.2914828579090054
      vertex 1.8869359329432371 -7.113064067056763 0.4422897161773749
      vertex 2.2188019268763632 -7.517443950687036 0.4422897161773749
    endloop
  endfacet
  facet normal 0.4903926402016158 0.5975451610080644 0.6343932841636448
    outer loop
      vertex 1.5516483363750564 -6.677794158150771 0.2914828579090054
      vertex 1.8869359329432371 -7.113064067056763 0.4422897161773749
      vertex 1.9748737341529161 -7.025126265847084 0.2914828579090054
    endloop
  endfacet
  facet normal 0.40245483899193674 0.490392640201616 0.773010453362736
    outer loop
      vertex 1.5516483363750564 -6.677794158150771 0.2914828579090054
      vertex 1.9748737341529161 -7.025126265847084 0.2914828579090054
      vertex 1.6358375317511522 -6.551796123196736 0.1677188678166508
    endloop
  endfacet
  facet normal 0.5594849272637078 0.681734356384161 0.4713967368259962
    outer loop
      vertex 1.4825560493129641 -6.781198073123637 0.4422897161773749
      vertex 1.8215922517147283 -7.178407748285272 0.6143440196319667
      vertex 1.8869359329432371 -7.113064067056763 0.4422897161773749
    endloop
  endfacet
  facet normal 0.5975451610080644 0.49039264020161527 0.6343932841636452
    outer loop
      vertex 1.9748737341529161 -7.025126265847084 0.2914828579090054
      vertex 2.2188019268763632 -7.517443950687036 0.4422897161773749
      vertex 2.322205841849229 -7.448351663624944 0.2914828579090054
    endloop
  endfacet
  facet normal 0.490392640201615 0.4024548389919355 0.7730104533627373
    outer loop
      vertex 1.9748737341529161 -7.025126265847084 0.2914828579090054
      vertex 2.322205841849229 -7.448351663624944 0.2914828579090054
      vertex 2.082026254959365 -6.917973745040635 0.1677188678166508
    endloop
  endfacet
  facet normal 0.18415464974584225 0.2243930899687279 0.9569403357322089
    outer loop
      vertex 1.7318882918767933 -6.4080460020843 0.07575392663191494
      vertex 2.2042756840798177 -6.795724315920182 0.07575392663191494
      vertex 1.8361094399062379 -6.25206803135182 0.01912219546999383
    endloop
  endfacet
  facet normal 0.06218141555799817 0.07576827408347185 0.995184726672197
    outer loop
      vertex 1.8361094399062379 -6.25206803135182 0.01912219546999383
      vertex 2.336924044511445 -6.663075955488555 0.01912219546999383
      vertex 1.9444958155686076 -6.089856356941091 0
    endloop
  endfacet
  facet normal 0.04620496010437014 0.08644340032725537 0.995184726672197
    outer loop
      vertex 1.8361094399062379 -6.25206803135182 0.01912219546999383
      vertex 1.9444958155686076 -6.089856356941091 0
      vertex 1.3393920132778143 -5.766421636210497 0
    endloop
  endfacet
  facet normal 0.06218141555799823 0.07576827408347189 0.995184726672197
    outer loop
      vertex 2.336924044511445 -6.663075955488555 0.01912219546999383
      vertex 2.4748737341529163 -6.525126265847083 0
      vertex 1.9444958155686076 -6.089856356941091 0
    endloop
  endfacet
  facet normal 0.2560082295852102 0.13683924960834165 0.9569403357322087
    outer loop
      vertex 2.5919539979156996 -7.2681117081232065 0.07575392663191494
      vertex 2.8800249731962295 -7.807054596128912 0.07575392663191494
      vertex 2.7479319686481793 -7.163890560093762 0.01912219546999383
    endloop
  endfacet
  facet normal 0.22439308996872825 0.18415464974584247 0.9569403357322087
    outer loop
      vertex 2.336924044511445 -6.663075955488555 0.01912219546999383
      vertex 2.5919539979156996 -7.2681117081232065 0.07575392663191494
      vertex 2.7479319686481793 -7.163890560093762 0.01912219546999383
    endloop
  endfacet
  facet normal 0.08644340032725525 0.04620496010437024 0.995184726672197
    outer loop
      vertex 2.7479319686481793 -7.163890560093762 0.01912219546999383
      vertex 3.0533384082877664 -7.735265820772528 0.01912219546999383
      vertex 2.9101436430589085 -7.055504184431392 0
    endloop
  endfacet
  facet normal 0.07576827408347178 0.062181415557998145 0.995184726672197
    outer loop
      vertex 2.7479319686481793 -7.163890560093762 0.01912219546999383
      vertex 2.9101436430589085 -7.055504184431392 0
      vertex 2.4748737341529163 -6.525126265847083 0
    endloop
  endfacet
  facet normal 0.08644340032725535 0.04620496010437025 0.995184726672197
    outer loop
      vertex 3.0533384082877664 -7.735265820772528 0.01912219546999383
      vertex 3.2335783637895035 -7.6606079867221855 0
      vertex 2.9101436430589085 -7.055504184431392 0
    endloop
  endfacet
  facet normal 0.6817343563841609 0.5594849272637078 0.4713967368259963
    outer loop
      vertex 1.8869359329432371 -7.113064067056763 0.4422897161773749
      vertex 1.8215922517147283 -7.178407748285272 0.6143440196319667
      vertex 2.141965886347492 -7.568784151590729 0.6143440196319667
    endloop
  endfacet
  facet normal 0.7397248827654447 0.6070765223338173 0.2902846772544623
    outer loop
      vertex 1.8215922517147283 -7.178407748285272 0.6143440196319667
      vertex 2.094650486209991 -7.600399291207211 0.8010338178801852
      vertex 2.141965886347492 -7.568784151590729 0.6143440196319667
    endloop
  endfacet
  facet normal 0.739724882765445 0.6070765223338171 0.2902846772544617
    outer loop
      vertex 1.8215922517147283 -7.178407748285272 0.6143440196319667
      vertex 1.7813538114918428 -7.218646188508157 0.8010338178801852
      vertex 2.094650486209991 -7.600399291207211 0.8010338178801852
    endloop
  endfacet
  facet normal 0.7692881967445467 0.6313385071030745 0.09801714032956226
    outer loop
      vertex 1.7813538114918428 -7.218646188508157 0.8010338178801852
      vertex 2.078674030756363 -7.611074417450995 0.9951847266721967
      vertex 2.094650486209991 -7.600399291207211 0.8010338178801852
    endloop
  endfacet
  facet normal 0.7692881967445468 0.6313385071030743 0.09801714032956152
    outer loop
      vertex 1.7813538114918428 -7.218646188508157 0.8010338178801852
      vertex 1.7677669529663689 -7.232233047033631 0.9951847266721967
      vertex 2.078674030756363 -7.611074417450995 0.9951847266721967
    endloop
  endfacet
  facet normal 0.0980171403295589 -0.9951847266721969 0
    outer loop
      vertex 0 -11.5 0.9951847266721967
      vertex 0.4877258050403206 -11.451963201008077 0.9951847266721967
      vertex 0 -11.5 5
    endloop
  endfacet
  facet normal 0.2902846772544637 -0.9569403357322085 0
    outer loop
      vertex 0.4877258050403206 -11.451963201008077 0.9951847266721967
      vertex 0.9567085809127245 -11.309698831278217 0.9951847266721967
      vertex 0.4877258050403206 -11.451963201008077 5
    endloop
  endfacet
  facet normal 0.47139673682599637 -0.8819212643483556 0
    outer loop
      vertex 0.9567085809127245 -11.309698831278217 0.9951847266721967
      vertex 1.3889255825490054 -11.078674030756364 0.9951847266721967
      vertex 0.9567085809127245 -11.309698831278217 5
    endloop
  endfacet
  facet normal 0.6343932841636464 -0.7730104533627362 0
    outer loop
      vertex 1.3889255825490054 -11.078674030756364 0.9951847266721967
      vertex 1.7677669529663689 -10.767766952966369 0.9951847266721967
      vertex 1.3889255825490054 -11.078674030756364 5
    endloop
  endfacet
  facet normal 0.7730104533627374 -0.6343932841636448 0
    outer loop
      vertex 1.7677669529663689 -10.767766952966369 0.9951847266721967
      vertex 2.078674030756363 -10.388925582549005 0.9951847266721967
      vertex 1.7677669529663689 -10.767766952966369 5
    endloop
  endfacet
  facet normal 0.8819212643483545 -0.4713967368259986 0
    outer loop
      vertex 2.078674030756363 -10.388925582549005 0.9951847266721967
      vertex 2.309698831278217 -9.956708580912725 0.9951847266721967
      vertex 2.078674030756363 -10.388925582549005 5
    endloop
  endfacet
  facet normal 0.9569403357322093 -0.2902846772544615 0
    outer loop
      vertex 2.309698831278217 -9.956708580912725 0.9951847266721967
      vertex 2.451963201008076 -9.48772580504032 0.9951847266721967
      vertex 2.309698831278217 -9.956708580912725 5
    endloop
  endfacet
  facet normal 0.9951847266721968 -0.09801714032956084 0
    outer loop
      vertex 2.451963201008076 -9.48772580504032 0.9951847266721967
      vertex 2.5 -9 0.9951847266721967
      vertex 2.451963201008076 -9.48772580504032 5
    endloop
  endfacet
  facet normal 0.9951847266721968 0.09801714032956084 0
    outer loop
      vertex 2.5 -9 0.9951847266721967
      vertex 2.451963201008076 -8.51227419495968 0.9951847266721967
      vertex 2.5 -9 5
    endloop
  endfacet
  facet normal 0.9569403357322093 0.2902846772544615 1.8158008998558825e-18
    outer loop
      vertex 2.309698831278217 -8.043291419087275 0.9951847266721967
      vertex 2.451963201008076 -8.51227419495968 5
      vertex 2.451963201008076 -8.51227419495968 0.9951847266721967
    endloop
  endfacet
  facet normal 0.8819212643483545 0.4713967368259986 -2.7125471356239206e-18
    outer loop
      vertex 2.078674030756363 -7.611074417450995 0.9951847266721967
      vertex 2.309698831278217 -8.043291419087275 5
      vertex 2.309698831278217 -8.043291419087275 0.9951847266721967
    endloop
  endfacet
  facet normal 0.0980171403295589 -0.9951847266721969 0
    outer loop
      vertex 0.4877258050403206 -11.451963201008077 0.9951847266721967
      vertex 0.4877258050403206 -11.451963201008077 5
      vertex 0 -11.5 5
    endloop
  endfacet
  facet normal 0.2902846772544637 -0.9569403357322085 0
    outer loop
      vertex 0.9567085809127245 -11.309698831278217 0.9951847266721967
      vertex 0.9567085809127245 -11.309698831278217 5
      vertex 0.4877258050403206 -11.451963201008077 5
    endloop
  endfacet
  facet normal 0.47139673682599637 -0.8819212643483556 0
    outer loop
      vertex 1.3889255825490054 -11.078674030756364 0.9951847266721967
      vertex 1.3889255825490054 -11.078674030756364 5
      vertex 0.9567085809127245 -11.309698831278217 5
    endloop
  endfacet
  facet normal 0.6343932841636464 -0.7730104533627362 0
    outer loop
      vertex 1.7677669529663689 -10.767766952966369 0.9951847266721967
      vertex 1.7677669529663689 -10.767766952966369 5
      vertex 1.3889255825490054 -11.078674030756364 5
    endloop
  endfacet
  facet normal 0.7730104533627374 -0.6343932841636448 0
    outer loop
      vertex 2.078674030756363 -10.388925582549005 0.9951847266721967
      vertex 2.078674030756363 -10.388925582549005 5
      vertex 1.7677669529663689 -10.767766952966369 5
    endloop
  endfacet
  facet normal 0.8819212643483545 -0.4713967368259986 0
    outer loop
      vertex 2.309698831278217 -9.956708580912725 0.9951847266721967
      vertex 2.309698831278217 -9.956708580912725 5
      vertex 2.078674030756363 -10.388925582549005 5
    endloop
  endfacet
  facet normal 0.9569403357322093 -0.2902846772544615 0
    outer loop
      vertex 2.451963201008076 -9.48772580504032 0.9951847266721967
      vertex 2.451963201008076 -9.48772580504032 5
      vertex 2.309698831278217 -9.956708580912725 5
    endloop
  endfacet
  facet normal 0.9951847266721968 -0.09801714032956084 0
    outer loop
      vertex 2.5 -9 0.9951847266721967
      vertex 2.5 -9 5
      vertex 2.451963201008076 -9.48772580504032 5
    endloop
  endfacet
  facet normal 0.9951847266721968 0.09801714032956084 0
    outer loop
      vertex 2.451963201008076 -8.51227419495968 0.9951847266721967
      vertex 2.451963201008076 -8.51227419495968 5
      vertex 2.5 -9 5
    endloop
  endfacet
  facet normal 0.9569403357322093 0.2902846772544615 0
    outer loop
      vertex 2.309698831278217 -8.043291419087275 0.9951847266721967
      vertex 2.309698831278217 -8.043291419087275 5
      vertex 2.451963201008076 -8.51227419495968 5
    endloop
  endfacet
  facet normal 0.8819212643483545 0.4713967368259986 0
    outer loop
      vertex 2.078674030756363 -7.611074417450995 0.9951847266721967
      vertex 2.078674030756363 -7.611074417450995 5
      vertex 2.309698831278217 -8.043291419087275 5
    endloop
  endfacet
  facet normal 0 0 1
    outer loop
      vertex 0 -11.5 5
      vertex 0.4877258050403206 -11.451963201008077 5
      vertex 0 -10.6 5
    endloop
  endfacet
  facet normal 0 0 1
    outer loop
      vertex 0 -10.6 5
      vertex 0.4877258050403206 -11.451963201008077 5
      vertex 0.3121445152258052 -10.569256448645168 5
    endloop
  endfacet
  facet normal 0 0 1
    outer loop
      vertex 0.3121445152258052 -10.569256448645168 5
      vertex 0.4877258050403206 -11.451963201008077 5
      vertex 0.9567085809127245 -11.309698831278217 5
    endloop
  endfacet
  facet normal 0 0 1
    outer loop
      vertex 0.3121445152258052 -10.569256448645168 5
      vertex 0.9567085809127245 -11.309698831278217 5
      vertex 0.6122934917841436 -10.47820725201806 5
    endloop
  endfacet
  facet normal 0 0 1
    outer loop
      vertex 0.6122934917841436 -10.47820725201806 5
      vertex 0.9567085809127245 -11.309698831278217 5
      vertex 1.3889255825490054 -11.078674030756364 5
    endloop
  endfacet
  facet normal 0 0 1
    outer loop
      vertex 0.6122934917841436 -10.47820725201806 5
      vertex 1.3889255825490054 -11.078674030756364 5
      vertex 0.8889123728313635 -10.330351379684073 5
    endloop
  endfacet
  facet normal 0 0 1
    outer loop
      vertex 0.8889123728313635 -10.330351379684073 5
      vertex 1.7677669529663689 -10.767766952966369 5
      vertex 1.1313708498984762 -10.131370849898476 5
    endloop
  endfacet
  facet normal 0 0 1
    outer loop
      vertex 0.8889123728313635 -10.330351379684073 5
      vertex 1.3889255825490054 -11.078674030756364 5
      vertex 1.7677669529663689 -10.767766952966369 5
    endloop
  endfacet
  facet normal 0 0 1
    outer loop
      vertex 1.1313708498984762 -10.131370849898476 5
      vertex 1.7677669529663689 -10.767766952966369 5
      vertex 2.078674030756363 -10.388925582549005 5
    endloop
  endfacet
  facet normal 0 0 1
    outer loop
      vertex 1.1313708498984762 -10.131370849898476 5
      vertex 2.078674030756363 -10.388925582549005 5
      vertex 1.3303513796840725 -9.888912372831363 5
    endloop
  endfacet
  facet normal 0 0 1
    outer loop
      vertex 1.3303513796840725 -8.111087627168637 5
      vertex 1.478207252018059 -8.387706508215857 5
      vertex 2.078674030756363 -7.611074417450995 5
    endloop
  endfacet
  facet normal 0 0 1
    outer loop
      vertex 1.1313708498984762 -7.8686291501015235 5
      vertex 1.3303513796840725 -8.111087627168637 5
      vertex 1.7677669529663689 -7.232233047033631 5
    endloop
  endfacet
  facet normal 0 0 1
    outer loop
      vertex 1.3303513796840725 -9.888912372831363 5
      vertex 2.078674030756363 -10.388925582549005 5
      vertex 2.309698831278217 -9.956708580912725 5
    endloop
  endfacet
  facet normal 0 0 1
    outer loop
      vertex 1.3303513796840725 -9.888912372831363 5
      vertex 2.309698831278217 -9.956708580912725 5
      vertex 1.478207252018059 -9.612293491784143 5
    endloop
  endfacet
  facet normal 0 0 1
    outer loop
      vertex 1.478207252018059 -9.612293491784143 5
      vertex 2.451963201008076 -9.48772580504032 5
      vertex 1.5692564486451688 -9.312144515225805 5
    endloop
  endfacet
  facet normal 0 0 1
    outer loop
      vertex 1.478207252018059 -9.612293491784143 5
      vertex 2.309698831278217 -9.956708580912725 5
      vertex 2.451963201008076 -9.48772580504032 5
    endloop
  endfacet
  facet normal 0 0 1
    outer loop
      vertex 1.5692564486451688 -9.312144515225805 5
      vertex 2.5 -9 5
      vertex 1.6 -9 5
    endloop
  endfacet
  facet normal 0 0 1
    outer loop
      vertex 1.6 -9 5
      vertex 2.451963201008076 -8.51227419495968 5
      vertex 1.5692564486451688 -8.687855484774195 5
    endloop
  endfacet
  facet normal 0 0 1
    outer loop
      vertex 1.5692564486451688 -9.312144515225805 5
      vertex 2.451963201008076 -9.48772580504032 5
      vertex 2.5 -9 5
    endloop
  endfacet
  facet normal 0 0 1
    outer loop
      vertex 1.6 -9 5
      vertex 2.5 -9 5
      vertex 2.451963201008076 -8.51227419495968 5
    endloop
  endfacet
  facet normal 0 0 1
    outer loop
      vertex 1.478207252018059 -8.387706508215857 5
      vertex 1.5692564486451688 -8.687855484774195 5
      vertex 2.309698831278217 -8.043291419087275 5
    endloop
  endfacet
  facet normal 0 0 1
    outer loop
      vertex 1.478207252018059 -8.387706508215857 5
      vertex 2.309698831278217 -8.043291419087275 5
      vertex 2.078674030756363 -7.611074417450995 5
    endloop
  endfacet
  facet normal 0 0 1
    outer loop
      vertex 1.3303513796840725 -8.111087627168637 5
      vertex 2.078674030756363 -7.611074417450995 5
      vertex 1.7677669529663689 -7.232233047033631 5
    endloop
  endfacet
  facet normal 0 0 1
    outer loop
      vertex 1.5692564486451688 -8.687855484774195 5
      vertex 2.451963201008076 -8.51227419495968 5
      vertex 2.309698831278217 -8.043291419087275 5
    endloop
  endfacet
  facet normal 0.29028467725446205 0.9569403357322089 -2.559938136882113e-18
    outer loop
      vertex 0.4877258050403206 -6.548036798991924 0.9951847266721967
      vertex 0.9567085809127245 -6.690301168721783 5
      vertex 0.9567085809127245 -6.690301168721783 0.9951847266721967
    endloop
  endfacet
  facet normal 0.0980171403295607 0.9951847266721968 -1.8959913049962313e-19
    outer loop
      vertex 0 -6.5 0.9951847266721967
      vertex 0.4877258050403206 -6.548036798991924 5
      vertex 0.4877258050403206 -6.548036798991924 0.9951847266721967
    endloop
  endfacet
  facet normal 0.4713967368259978 0.8819212643483549 -1.1964872283691634e-18
    outer loop
      vertex 0.9567085809127245 -6.690301168721783 0.9951847266721967
      vertex 1.3889255825490054 -6.921325969243637 5
      vertex 1.3889255825490054 -6.921325969243637 0.9951847266721967
    endloop
  endfacet
  facet normal 0.6343932841636453 0.7730104533627371 -8.248129703017323e-19
    outer loop
      vertex 1.3889255825490054 -6.921325969243637 0.9951847266721967
      vertex 1.7677669529663689 -7.232233047033631 5
      vertex 1.7677669529663689 -7.232233047033631 0.9951847266721967
    endloop
  endfacet
  facet normal 0.7730104533627374 0.6343932841636448 -4.643918202003011e-19
    outer loop
      vertex 1.7677669529663689 -7.232233047033631 0.9951847266721967
      vertex 2.078674030756363 -7.611074417450995 5
      vertex 2.078674030756363 -7.611074417450995 0.9951847266721967
    endloop
  endfacet
  facet normal 0.29028467725446205 0.9569403357322089 0
    outer loop
      vertex 0.4877258050403206 -6.548036798991924 0.9951847266721967
      vertex 0.4877258050403206 -6.548036798991924 5
      vertex 0.9567085809127245 -6.690301168721783 5
    endloop
  endfacet
  facet normal 0.0980171403295607 0.9951847266721968 0
    outer loop
      vertex 0 -6.5 0.9951847266721967
      vertex 0 -6.5 5
      vertex 0.4877258050403206 -6.548036798991924 5
    endloop
  endfacet
  facet normal 0.4713967368259978 0.8819212643483549 0
    outer loop
      vertex 0.9567085809127245 -6.690301168721783 0.9951847266721967
      vertex 0.9567085809127245 -6.690301168721783 5
      vertex 1.3889255825490054 -6.921325969243637 5
    endloop
  endfacet
  facet normal 0.6343932841636453 0.7730104533627371 0
    outer loop
      vertex 1.3889255825490054 -6.921325969243637 0.9951847266721967
      vertex 1.3889255825490054 -6.921325969243637 5
      vertex 1.7677669529663689 -7.232233047033631 5
    endloop
  endfacet
  facet normal 0.7730104533627374 0.6343932841636448 0
    outer loop
      vertex 1.7677669529663689 -7.232233047033631 0.9951847266721967
      vertex 1.7677669529663689 -7.232233047033631 5
      vertex 2.078674030756363 -7.611074417450995 5
    endloop
  endfacet
  facet normal 0 0 1
    outer loop
      vertex 0 -7.4 5
      vertex 0.3121445152258052 -7.430743551354832 5
      vertex 0 -6.5 5
    endloop
  endfacet
  facet normal 0 0 1
    outer loop
      vertex 0 -6.5 5
      vertex 0.3121445152258052 -7.430743551354832 5
      vertex 0.4877258050403206 -6.548036798991924 5
    endloop
  endfacet
  facet normal 0 0 1
    outer loop
      vertex 0.3121445152258052 -7.430743551354832 5
      vertex 0.6122934917841437 -7.521792747981941 5
      vertex 0.4877258050403206 -6.548036798991924 5
    endloop
  endfacet
  facet normal 0 0 1
    outer loop
      vertex 0.6122934917841437 -7.521792747981941 5
      vertex 0.8889123728313635 -7.669648620315927 5
      vertex 0.9567085809127245 -6.690301168721783 5
    endloop
  endfacet
  facet normal 0 0 1
    outer loop
      vertex 0.6122934917841437 -7.521792747981941 5
      vertex 0.9567085809127245 -6.690301168721783 5
      vertex 0.4877258050403206 -6.548036798991924 5
    endloop
  endfacet
  facet normal 0 0 1
    outer loop
      vertex 1.1313708498984762 -7.8686291501015235 5
      vertex 1.3889255825490054 -6.921325969243637 5
      vertex 0.8889123728313635 -7.669648620315927 5
    endloop
  endfacet
  facet normal 0 0 1
    outer loop
      vertex 0.8889123728313635 -7.669648620315927 5
      vertex 1.3889255825490054 -6.921325969243637 5
      vertex 0.9567085809127245 -6.690301168721783 5
    endloop
  endfacet
  facet normal 0 0 1
    outer loop
      vertex 1.1313708498984762 -7.8686291501015235 5
      vertex 1.7677669529663689 -7.232233047033631 5
      vertex 1.3889255825490054 -6.921325969243637 5
    endloop
  endfacet
  facet normal -0.08644340032725535 -0.04620496010437025 0.995184726672197
    outer loop
      vertex -3.0533384082877664 7.735265820772528 0.01912219546999383
      vertex -3.2335783637895035 7.6606079867221855 0
      vertex -2.9101436430589085 7.055504184431392 0
    endloop
  endfacet
  facet normal -0.07576827408347178 -0.062181415557998145 0.995184726672197
    outer loop
      vertex -2.7479319686481793 7.163890560093762 0.01912219546999383
      vertex -2.9101436430589085 7.055504184431392 0
      vertex -2.4748737341529163 6.525126265847083 0
    endloop
  endfacet
  facet normal -0.08644340032725524 -0.046204960104370224 0.995184726672197
    outer loop
      vertex -3.0533384082877664 7.735265820772528 0.01912219546999383
      vertex -2.9101436430589085 7.055504184431392 0
      vertex -2.7479319686481793 7.163890560093762 0.01912219546999383
    endloop
  endfacet
  facet normal -0.22439308996872825 -0.18415464974584247 0.9569403357322086
    outer loop
      vertex -2.7479319686481793 7.163890560093762 0.01912219546999383
      vertex -2.336924044511445 6.663075955488555 0.01912219546999383
      vertex -2.5919539979156996 7.2681117081232065 0.07575392663191494
    endloop
  endfacet
  facet normal -0.2560082295852102 -0.13683924960834165 0.9569403357322087
    outer loop
      vertex -2.8800249731962295 7.807054596128912 0.07575392663191494
      vertex -2.7479319686481793 7.163890560093762 0.01912219546999383
      vertex -2.5919539979156996 7.2681117081232065 0.07575392663191494
    endloop
  endfacet
  facet normal -0.06218141555799823 -0.07576827408347189 0.995184726672197
    outer loop
      vertex -2.336924044511445 6.663075955488555 0.01912219546999383
      vertex -2.4748737341529163 6.525126265847083 0
      vertex -1.9444958155686076 6.089856356941091 0
    endloop
  endfacet
  facet normal -0.04620496010437014 -0.08644340032725537 0.995184726672197
    outer loop
      vertex -1.8361094399062379 6.25206803135182 0.01912219546999383
      vertex -1.9444958155686076 6.089856356941091 0
      vertex -1.3393920132778143 5.766421636210497 0
    endloop
  endfacet
  facet normal -0.06218141555799817 -0.07576827408347185 0.995184726672197
    outer loop
      vertex -2.336924044511445 6.663075955488555 0.01912219546999383
      vertex -1.9444958155686076 6.089856356941091 0
      vertex -1.8361094399062379 6.25206803135182 0.01912219546999383
    endloop
  endfacet
  facet normal -0.1841546497458422 -0.2243930899687278 0.9569403357322088
    outer loop
      vertex -2.2042756840798177 6.795724315920182 0.07575392663191494
      vertex -1.8361094399062379 6.25206803135182 0.01912219546999383
      vertex -1.7318882918767933 6.4080460020843 0.07575392663191494
    endloop
  endfacet
  facet normal -0.07576827408347196 -0.06218141555799823 0.995184726672197
    outer loop
      vertex -2.7479319686481793 7.163890560093762 0.01912219546999383
      vertex -2.4748737341529163 6.525126265847083 0
      vertex -2.336924044511445 6.663075955488555 0.01912219546999383
    endloop
  endfacet
  facet normal -0.2243930899687279 -0.18415464974584234 0.9569403357322088
    outer loop
      vertex -2.5919539979156996 7.2681117081232065 0.07575392663191494
      vertex -2.336924044511445 6.663075955488555 0.01912219546999383
      vertex -2.2042756840798177 6.795724315920182 0.07575392663191494
    endloop
  endfacet
  facet normal -0.1841546497458423 -0.22439308996872792 0.9569403357322088
    outer loop
      vertex -2.336924044511445 6.663075955488555 0.01912219546999383
      vertex -1.8361094399062379 6.25206803135182 0.01912219546999383
      vertex -2.2042756840798177 6.795724315920182 0.07575392663191494
    endloop
  endfacet
  facet normal -0.3643946052475787 -0.2990509240190697 0.8819212643483555
    outer loop
      vertex -2.4482038768032646 7.364162468248848 0.1677188678166508
      vertex -2.2042756840798177 6.795724315920182 0.07575392663191494
      vertex -2.082026254959365 6.917973745040635 0.1677188678166508
    endloop
  endfacet
  facet normal -0.36439460524757833 -0.29905092401906946 0.8819212643483557
    outer loop
      vertex -2.5919539979156996 7.2681117081232065 0.07575392663191494
      vertex -2.2042756840798177 6.795724315920182 0.07575392663191494
      vertex -2.4482038768032646 7.364162468248848 0.1677188678166508
    endloop
  endfacet
  facet normal -0.4903926402016153 -0.40245483899193557 0.773010453362737
    outer loop
      vertex -2.4482038768032646 7.364162468248848 0.1677188678166508
      vertex -2.082026254959365 6.917973745040635 0.1677188678166508
      vertex -2.322205841849229 7.448351663624944 0.2914828579090054
    endloop
  endfacet
  facet normal -0.2990509240190696 -0.3643946052475786 0.8819212643483556
    outer loop
      vertex -2.2042756840798177 6.795724315920182 0.07575392663191494
      vertex -1.7318882918767933 6.4080460020843 0.07575392663191494
      vertex -2.082026254959365 6.917973745040635 0.1677188678166508
    endloop
  endfacet
  facet normal -0.29905092401906924 -0.36439460524757833 0.8819212643483557
    outer loop
      vertex -2.082026254959365 6.917973745040635 0.1677188678166508
      vertex -1.7318882918767933 6.4080460020843 0.07575392663191494
      vertex -1.6358375317511522 6.551796123196736 0.1677188678166508
    endloop
  endfacet
  facet normal -0.40245483899193535 -0.49039264020161527 0.7730104533627372
    outer loop
      vertex -2.082026254959365 6.917973745040635 0.1677188678166508
      vertex -1.6358375317511522 6.551796123196736 0.1677188678166508
      vertex -1.9748737341529161 7.025126265847084 0.2914828579090054
    endloop
  endfacet
  facet normal -0.490392640201615 -0.4024548389919355 0.7730104533627373
    outer loop
      vertex -2.322205841849229 7.448351663624944 0.2914828579090054
      vertex -2.082026254959365 6.917973745040635 0.1677188678166508
      vertex -1.9748737341529161 7.025126265847084 0.2914828579090054
    endloop
  endfacet
  facet normal -0.5975451610080644 -0.49039264020161527 0.6343932841636452
    outer loop
      vertex -2.322205841849229 7.448351663624944 0.2914828579090054
      vertex -1.9748737341529161 7.025126265847084 0.2914828579090054
      vertex -2.2188019268763632 7.517443950687036 0.4422897161773749
    endloop
  endfacet
  facet normal -0.40245483899193674 -0.490392640201616 0.773010453362736
    outer loop
      vertex -1.9748737341529161 7.025126265847084 0.2914828579090054
      vertex -1.6358375317511522 6.551796123196736 0.1677188678166508
      vertex -1.5516483363750564 6.677794158150771 0.2914828579090054
    endloop
  endfacet
  facet normal -0.4903926402016158 -0.5975451610080644 0.6343932841636448
    outer loop
      vertex -1.9748737341529161 7.025126265847084 0.2914828579090054
      vertex -1.5516483363750564 6.677794158150771 0.2914828579090054
      vertex -1.8869359329432371 7.113064067056763 0.4422897161773749
    endloop
  endfacet
  facet normal -0.5594849272637078 -0.681734356384161 0.4713967368259962
    outer loop
      vertex -1.8869359329432371 7.113064067056763 0.4422897161773749
      vertex -1.4825560493129641 6.781198073123637 0.4422897161773749
      vertex -1.8215922517147283 7.178407748285272 0.6143440196319667
    endloop
  endfacet
  facet normal -0.5975451610080649 -0.4903926402016153 0.6343932841636447
    outer loop
      vertex -2.2188019268763632 7.517443950687036 0.4422897161773749
      vertex -1.9748737341529161 7.025126265847084 0.2914828579090054
      vertex -1.8869359329432371 7.113064067056763 0.4422897161773749
    endloop
  endfacet
  facet normal -0.6817343563841611 -0.5594849272637077 0.4713967368259959
    outer loop
      vertex -2.2188019268763632 7.517443950687036 0.4422897161773749
      vertex -1.8869359329432371 7.113064067056763 0.4422897161773749
      vertex -2.141965886347492 7.568784151590729 0.6143440196319667
    endloop
  endfacet
  facet normal -0.6817343563841608 -0.5594849272637077 0.4713967368259964
    outer loop
      vertex -2.141965886347492 7.568784151590729 0.6143440196319667
      vertex -1.8869359329432371 7.113064067056763 0.4422897161773749
      vertex -1.8215922517147283 7.178407748285272 0.6143440196319667
    endloop
  endfacet
  facet normal -0.7397248827654447 -0.6070765223338173 0.2902846772544622
    outer loop
      vertex -2.141965886347492 7.568784151590729 0.6143440196319667
      vertex -1.8215922517147283 7.178407748285272 0.6143440196319667
      vertex -2.094650486209991 7.600399291207211 0.8010338178801852
    endloop
  endfacet
  facet normal -0.739724882765445 -0.6070765223338171 0.2902846772544617
    outer loop
      vertex -1.8215922517147283 7.178407748285272 0.6143440196319667
      vertex -1.7813538114918428 7.218646188508157 0.8010338178801852
      vertex -2.094650486209991 7.600399291207211 0.8010338178801852
    endloop
  endfacet
  facet normal -0.7692881967445467 -0.6313385071030745 0.09801714032956226
    outer loop
      vertex -2.094650486209991 7.600399291207211 0.8010338178801852
      vertex -1.7813538114918428 7.218646188508157 0.8010338178801852
      vertex -2.078674030756363 7.611074417450995 0.9951847266721967
    endloop
  endfacet
  facet normal -0.7692881967445468 -0.6313385071030743 0.09801714032956152
    outer loop
      vertex -1.7813538114918428 7.218646188508157 0.8010338178801852
      vertex -1.7677669529663689 7.232233047033631 0.9951847266721967
      vertex -2.078674030756363 7.611074417450995 0.9951847266721967
    endloop
  endfacet
  facet normal -0.009607359798384696 -0.09754516100806326 0.995184726672197
    outer loop
      vertex -0.6447558933120923 5.758593234771238 0.01912219546999383
      vertex -0.6828161270564489 5.5672515185886935 0
      vertex 0 5.5 0
    endloop
  endfacet
  facet normal -0.04620496010437032 -0.08644340032725555 0.995184726672197
    outer loop
      vertex -1.8361094399062379 6.25206803135182 0.01912219546999383
      vertex -1.3393920132778143 5.766421636210497 0
      vertex -1.2647341792274716 5.946661591712234 0.01912219546999383
    endloop
  endfacet
  facet normal -0.1368392496083413 -0.25600822958520975 0.9569403357322088
    outer loop
      vertex -1.8361094399062379 6.25206803135182 0.01912219546999383
      vertex -1.2647341792274716 5.946661591712234 0.01912219546999383
      vertex -1.7318882918767933 6.4080460020843 0.07575392663191494
    endloop
  endfacet
  facet normal -0.22221488349019847 -0.4157348061512711 0.8819212643483558
    outer loop
      vertex -1.1929454038710878 6.11997502680377 0.07575392663191494
      vertex -1.6358375317511522 6.551796123196736 0.1677188678166508
      vertex -1.7318882918767933 6.4080460020843 0.07575392663191494
    endloop
  endfacet
  facet normal -0.13683924960834226 -0.25600822958521063 0.9569403357322085
    outer loop
      vertex -1.2647341792274716 5.946661591712234 0.01912219546999383
      vertex -1.1929454038710878 6.11997502680377 0.07575392663191494
      vertex -1.7318882918767933 6.4080460020843 0.07575392663191494
    endloop
  endfacet
  facet normal -0.22221488349019886 -0.4157348061512715 0.8819212643483555
    outer loop
      vertex -1.1929454038710878 6.11997502680377 0.07575392663191494
      vertex -1.126784489586 6.279701603369833 0.1677188678166508
      vertex -1.6358375317511522 6.551796123196736 0.1677188678166508
    endloop
  endfacet
  facet normal -0.2990509240190716 -0.5594849272637084 0.773010453362736
    outer loop
      vertex -1.6358375317511522 6.551796123196736 0.1677188678166508
      vertex -1.126784489586 6.279701603369833 0.1677188678166508
      vertex -1.5516483363750564 6.677794158150771 0.2914828579090054
    endloop
  endfacet
  facet normal -0.02845287394597168 -0.09379655517447998 0.995184726672197
    outer loop
      vertex -1.2647341792274716 5.946661591712234 0.01912219546999383
      vertex -1.3393920132778143 5.766421636210497 0
      vertex -0.6828161270564489 5.5672515185886935 0
    endloop
  endfacet
  facet normal -0.028452873945971638 -0.09379655517447992 0.995184726672197
    outer loop
      vertex -1.2647341792274716 5.946661591712234 0.01912219546999383
      vertex -0.6828161270564489 5.5672515185886935 0
      vertex -0.6447558933120923 5.758593234771238 0.01912219546999383
    endloop
  endfacet
  facet normal -0.08426519384872788 -0.2777851165098023 0.9569403357322084
    outer loop
      vertex -1.2647341792274716 5.946661591712234 0.01912219546999383
      vertex -0.6447558933120923 5.758593234771238 0.01912219546999383
      vertex -1.1929454038710878 6.11997502680377 0.07575392663191494
    endloop
  endfacet
  facet normal -0.13683924960834085 -0.45109855160133694 0.8819212643483556
    outer loop
      vertex -1.1929454038710878 6.11997502680377 0.07575392663191494
      vertex -0.6081582930061062 5.942581796106559 0.07575392663191494
      vertex -1.126784489586 6.279701603369833 0.1677188678166508
    endloop
  endfacet
  facet normal -0.18415464974584148 -0.6070765223338177 0.7730104533627371
    outer loop
      vertex -0.5744297513940791 6.112146625364513 0.1677188678166508
      vertex -1.0687939632047156 6.419703118648685 0.2914828579090054
      vertex -1.126784489586 6.279701603369833 0.1677188678166508
    endloop
  endfacet
  facet normal -0.2990509240190703 -0.5594849272637072 0.773010453362737
    outer loop
      vertex -1.5516483363750564 6.677794158150771 0.2914828579090054
      vertex -1.126784489586 6.279701603369833 0.1677188678166508
      vertex -1.0687939632047156 6.419703118648685 0.2914828579090054
    endloop
  endfacet
  facet normal -0.2243930899687275 -0.7397248827654445 0.6343932841636458
    outer loop
      vertex -1.0687939632047156 6.419703118648685 0.2914828579090054
      vertex -0.5448664374149773 6.2607714412497675 0.2914828579090054
      vertex -1.0212023681346056 6.534599392921913 0.4422897161773749
    endloop
  endfacet
  facet normal -0.36439460524757905 -0.6817343563841597 0.634393284163646
    outer loop
      vertex -1.5516483363750564 6.677794158150771 0.2914828579090054
      vertex -1.0687939632047156 6.419703118648685 0.2914828579090054
      vertex -1.4825560493129641 6.781198073123637 0.4422897161773749
    endloop
  endfacet
  facet normal -0.49039264020161466 -0.597545161008064 0.634393284163646
    outer loop
      vertex -1.8869359329432371 7.113064067056763 0.4422897161773749
      vertex -1.5516483363750564 6.677794158150771 0.2914828579090054
      vertex -1.4825560493129641 6.781198073123637 0.4422897161773749
    endloop
  endfacet
  facet normal -0.4157348061512734 -0.7777851165098021 0.47139673682599537
    outer loop
      vertex -1.4825560493129641 6.781198073123637 0.4422897161773749
      vertex -1.0212023681346056 6.534599392921913 0.4422897161773749
      vertex -1.431215848409271 6.858034113652508 0.6143440196319667
    endloop
  endfacet
  facet normal -0.36439460524757933 -0.6817343563841598 0.6343932841636458
    outer loop
      vertex -1.4825560493129641 6.781198073123637 0.4422897161773749
      vertex -1.0687939632047156 6.419703118648685 0.2914828579090054
      vertex -1.0212023681346056 6.534599392921913 0.4422897161773749
    endloop
  endfacet
  facet normal -0.08426519384872731 -0.2777851165098015 0.9569403357322088
    outer loop
      vertex -1.1929454038710878 6.11997502680377 0.07575392663191494
      vertex -0.6447558933120923 5.758593234771238 0.01912219546999383
      vertex -0.6081582930061062 5.942581796106559 0.07575392663191494
    endloop
  endfacet
  facet normal -0.13683924960834032 -0.45109855160133616 0.881921264348356
    outer loop
      vertex -0.6081582930061062 5.942581796106559 0.07575392663191494
      vertex -0.5744297513940791 6.112146625364513 0.1677188678166508
      vertex -1.126784489586 6.279701603369833 0.1677188678166508
    endloop
  endfacet
  facet normal -0.02845287394597201 -0.28888687719060935 0.9569403357322088
    outer loop
      vertex -0.6447558933120923 5.758593234771238 0.01912219546999383
      vertex 0 5.695090322016128 0.01912219546999383
      vertex -0.6081582930061062 5.942581796106559 0.07575392663191494
    endloop
  endfacet
  facet normal -0.009607359798384745 -0.09754516100806337 0.995184726672197
    outer loop
      vertex -0.6447558933120923 5.758593234771238 0.01912219546999383
      vertex 0 5.5 0
      vertex 0 5.695090322016128 0.01912219546999383
    endloop
  endfacet
  facet normal -0.046204960104370946 -0.469126832692344 0.881921264348356
    outer loop
      vertex -0.6081582930061062 5.942581796106559 0.07575392663191494
      vertex 0 5.88268343236509 0.07575392663191494
      vertex -0.5744297513940791 6.112146625364513 0.1677188678166508
    endloop
  endfacet
  facet normal -0.028452873945972148 -0.2888868771906096 0.9569403357322086
    outer loop
      vertex -0.6081582930061062 5.942581796106559 0.07575392663191494
      vertex 0 5.695090322016128 0.01912219546999383
      vertex 0 5.88268343236509 0.07575392663191494
    endloop
  endfacet
  facet normal -0.04620496010437072 -0.4691268326923435 0.8819212643483564
    outer loop
      vertex -0.5744297513940791 6.112146625364513 0.1677188678166508
      vertex 0 5.88268343236509 0.07575392663191494
      vertex 0 6.055570233019603 0.1677188678166508
    endloop
  endfacet
  facet normal -0.062181415557999255 -0.6313385071030763 0.7730104533627358
    outer loop
      vertex -0.5744297513940791 6.112146625364513 0.1677188678166508
      vertex 0 6.055570233019603 0.1677188678166508
      vertex -0.5448664374149773 6.2607714412497675 0.2914828579090054
    endloop
  endfacet
  facet normal -0.1841546497458425 -0.6070765223338188 0.7730104533627358
    outer loop
      vertex -0.5744297513940791 6.112146625364513 0.1677188678166508
      vertex -0.5448664374149773 6.2607714412497675 0.2914828579090054
      vertex -1.0687939632047156 6.419703118648685 0.2914828579090054
    endloop
  endfacet
  facet normal -0.22439308996872825 -0.739724882765445 0.6343932841636446
    outer loop
      vertex -1.0212023681346056 6.534599392921913 0.4422897161773749
      vertex -0.5448664374149773 6.2607714412497675 0.2914828579090054
      vertex -0.52060445264572 6.3827446754376105 0.4422897161773749
    endloop
  endfacet
  facet normal -0.25600822958521025 -0.8439460307948896 0.471396736825996
    outer loop
      vertex -1.0212023681346056 6.534599392921913 0.4422897161773749
      vertex -0.52060445264572 6.3827446754376105 0.4422897161773749
      vertex -0.9858386226845406 6.61997502680377 0.6143440196319667
    endloop
  endfacet
  facet normal -0.07576827408347266 -0.7692881967445471 0.6343932841636447
    outer loop
      vertex -0.5448664374149773 6.2607714412497675 0.2914828579090054
      vertex 0 6.207106781186548 0.2914828579090054
      vertex -0.52060445264572 6.3827446754376105 0.4422897161773749
    endloop
  endfacet
  facet normal -0.062181415557998866 -0.6313385071030756 0.7730104533627364
    outer loop
      vertex -0.5448664374149773 6.2607714412497675 0.2914828579090054
      vertex 0 6.055570233019603 0.1677188678166508
      vertex 0 6.207106781186548 0.2914828579090054
    endloop
  endfacet
  facet normal -0.0864434003272567 -0.8776745724069164 0.4713967368259971
    outer loop
      vertex -0.52060445264572 6.3827446754376105 0.4422897161773749
      vertex 0 6.331469612302545 0.4422897161773749
      vertex -0.5025761715547119 6.473378964941581 0.6143440196319667
    endloop
  endfacet
  facet normal -0.07576827408347316 -0.7692881967445477 0.6343932841636437
    outer loop
      vertex -0.52060445264572 6.3827446754376105 0.4422897161773749
      vertex 0 6.207106781186548 0.2914828579090054
      vertex 0 6.331469612302545 0.4422897161773749
    endloop
  endfacet
  facet normal -0.5594849272637082 -0.6817343563841611 0.47139673682599553
    outer loop
      vertex -1.8215922517147283 7.178407748285272 0.6143440196319667
      vertex -1.4825560493129641 6.781198073123637 0.4422897161773749
      vertex -1.431215848409271 6.858034113652508 0.6143440196319667
    endloop
  endfacet
  facet normal -0.6070765223338167 -0.7397248827654447 0.2902846772544636
    outer loop
      vertex -1.7813538114918428 7.218646188508157 0.8010338178801852
      vertex -1.431215848409271 6.858034113652508 0.6143440196319667
      vertex -1.399600708792789 6.905349513790009 0.8010338178801852
    endloop
  endfacet
  facet normal -0.45109855160133777 -0.8439460307948887 0.2902846772544637
    outer loop
      vertex -1.431215848409271 6.858034113652508 0.6143440196319667
      vertex -0.9858386226845406 6.61997502680377 0.6143440196319667
      vertex -1.399600708792789 6.905349513790009 0.8010338178801852
    endloop
  endfacet
  facet normal -0.6070765223338176 -0.7397248827654446 0.2902846772544616
    outer loop
      vertex -1.8215922517147283 7.178407748285272 0.6143440196319667
      vertex -1.431215848409271 6.858034113652508 0.6143440196319667
      vertex -1.7813538114918428 7.218646188508157 0.8010338178801852
    endloop
  endfacet
  facet normal -0.4157348061512731 -0.777785116509802 0.4713967368259958
    outer loop
      vertex -1.431215848409271 6.858034113652508 0.6143440196319667
      vertex -1.0212023681346056 6.534599392921913 0.4422897161773749
      vertex -0.9858386226845406 6.61997502680377 0.6143440196319667
    endloop
  endfacet
  facet normal -0.4510985516013391 -0.843946030794889 0.29028467725446105
    outer loop
      vertex -0.9858386226845406 6.61997502680377 0.6143440196319667
      vertex -0.964061735759949 6.672549082563384 0.8010338178801852
      vertex -1.399600708792789 6.905349513790009 0.8010338178801852
    endloop
  endfacet
  facet normal -0.6313385071030746 -0.7692881967445465 0.09801714032956005
    outer loop
      vertex -1.7677669529663689 7.232233047033631 0.9951847266721967
      vertex -1.399600708792789 6.905349513790009 0.8010338178801852
      vertex -1.3889255825490054 6.921325969243637 0.9951847266721967
    endloop
  endfacet
  facet normal -0.6313385071030742 -0.7692881967445468 0.09801714032956153
    outer loop
      vertex -1.7813538114918428 7.218646188508157 0.8010338178801852
      vertex -1.399600708792789 6.905349513790009 0.8010338178801852
      vertex -1.7677669529663689 7.232233047033631 0.9951847266721967
    endloop
  endfacet
  facet normal -0.469126832692347 -0.8776745724069155 0.09801714032955995
    outer loop
      vertex -1.399600708792789 6.905349513790009 0.8010338178801852
      vertex -0.964061735759949 6.672549082563384 0.8010338178801852
      vertex -1.3889255825490054 6.921325969243637 0.9951847266721967
    endloop
  endfacet
  facet normal -0.46912683269234606 -0.8776745724069157 0.0980171403295624
    outer loop
      vertex -1.3889255825490054 6.921325969243637 0.9951847266721967
      vertex -0.964061735759949 6.672549082563384 0.8010338178801852
      vertex -0.9567085809127245 6.690301168721783 0.9951847266721967
    endloop
  endfacet
  facet normal -0.2560082295852097 -0.8439460307948894 0.4713967368259969
    outer loop
      vertex -0.9858386226845406 6.61997502680377 0.6143440196319667
      vertex -0.52060445264572 6.3827446754376105 0.4422897161773749
      vertex -0.5025761715547119 6.473378964941581 0.6143440196319667
    endloop
  endfacet
  facet normal -0.27778511650979887 -0.9157348061512722 0.29028467725446566
    outer loop
      vertex -0.964061735759949 6.672549082563384 0.8010338178801852
      vertex -0.5025761715547119 6.473378964941581 0.6143440196319667
      vertex -0.49147441087390403 6.529191284844337 0.8010338178801852
    endloop
  endfacet
  facet normal -0.08644340032725732 -0.8776745724069169 0.47139673682599575
    outer loop
      vertex -0.5025761715547119 6.473378964941581 0.6143440196319667
      vertex 0 6.331469612302545 0.4422897161773749
      vertex 0 6.423879532511286 0.6143440196319667
    endloop
  endfacet
  facet normal -0.09379655517448174 -0.9523324064572575 0.2902846772544658
    outer loop
      vertex -0.5025761715547119 6.473378964941581 0.6143440196319667
      vertex 0 6.423879532511286 0.6143440196319667
      vertex -0.49147441087390403 6.529191284844337 0.8010338178801852
    endloop
  endfacet
  facet normal -0.09379655517448189 -0.9523324064572576 0.29028467725446544
    outer loop
      vertex -0.49147441087390403 6.529191284844337 0.8010338178801852
      vertex 0 6.423879532511286 0.6143440196319667
      vertex 0 6.48078528040323 0.8010338178801852
    endloop
  endfacet
  facet normal -0.09754516100806541 -0.9903926402016153 0.09801714032955779
    outer loop
      vertex -0.49147441087390403 6.529191284844337 0.8010338178801852
      vertex 0 6.48078528040323 0.8010338178801852
      vertex -0.4877258050403206 6.548036798991924 0.9951847266721967
    endloop
  endfacet
  facet normal -0.09754516100806422 -0.9903926402016152 0.0980171403295607
    outer loop
      vertex -0.4877258050403206 6.548036798991924 0.9951847266721967
      vertex 0 6.48078528040323 0.8010338178801852
      vertex 0 6.5 0.9951847266721967
    endloop
  endfacet
  facet normal -0.2777851165098012 -0.915734806151273 0.29028467725446083
    outer loop
      vertex -0.9858386226845406 6.61997502680377 0.6143440196319667
      vertex -0.5025761715547119 6.473378964941581 0.6143440196319667
      vertex -0.964061735759949 6.672549082563384 0.8010338178801852
    endloop
  endfacet
  facet normal -0.28888687719060696 -0.952332406457259 0.09801714032956246
    outer loop
      vertex -0.964061735759949 6.672549082563384 0.8010338178801852
      vertex -0.49147441087390403 6.529191284844337 0.8010338178801852
      vertex -0.9567085809127245 6.690301168721783 0.9951847266721967
    endloop
  endfacet
  facet normal -0.2888868771906088 -0.9523324064572589 0.09801714032955795
    outer loop
      vertex -0.9567085809127245 6.690301168721783 0.9951847266721967
      vertex -0.49147441087390403 6.529191284844337 0.8010338178801852
      vertex -0.4877258050403206 6.548036798991924 0.9951847266721967
    endloop
  endfacet
  facet normal -0.09754516100806315 -0.009607359798384677 0.995184726672197
    outer loop
      vertex -3.3049096779838716 9 0.01912219546999383
      vertex -3.5 9 0
      vertex -3.4327484814113065 8.31718387294355 0
    endloop
  endfacet
  facet normal -0.09754516100806325 0.009607359798384686 0.995184726672197
    outer loop
      vertex -3.2414067652287617 9.644755893312093 0.01912219546999383
      vertex -3.4327484814113065 9.68281612705645 0
      vertex -3.5 9 0
    endloop
  endfacet
  facet normal -0.0937965551744798 -0.028452873945971614 0.995184726672197
    outer loop
      vertex -3.2414067652287617 8.355244106687907 0.01912219546999383
      vertex -3.2335783637895035 7.6606079867221855 0
      vertex -3.0533384082877664 7.735265820772528 0.01912219546999383
    endloop
  endfacet
  facet normal -0.09379655517447985 -0.02845287394597161 0.995184726672197
    outer loop
      vertex -3.2414067652287617 8.355244106687907 0.01912219546999383
      vertex -3.4327484814113065 8.31718387294355 0
      vertex -3.2335783637895035 7.6606079867221855 0
    endloop
  endfacet
  facet normal -0.27778511650980114 -0.08426519384872756 0.9569403357322088
    outer loop
      vertex -3.2414067652287617 8.355244106687907 0.01912219546999383
      vertex -3.0533384082877664 7.735265820772528 0.01912219546999383
      vertex -3.057418203893441 8.391841706993894 0.07575392663191494
    endloop
  endfacet
  facet normal -0.2777851165098016 -0.08426519384872755 0.9569403357322087
    outer loop
      vertex -3.0533384082877664 7.735265820772528 0.01912219546999383
      vertex -2.8800249731962295 7.807054596128912 0.07575392663191494
      vertex -3.057418203893441 8.391841706993894 0.07575392663191494
    endloop
  endfacet
  facet normal -0.25600822958520997 -0.13683924960834165 0.9569403357322087
    outer loop
      vertex -3.0533384082877664 7.735265820772528 0.01912219546999383
      vertex -2.7479319686481793 7.163890560093762 0.01912219546999383
      vertex -2.8800249731962295 7.807054596128912 0.07575392663191494
    endloop
  endfacet
  facet normal -0.4157348061512727 -0.22221488349019877 0.8819212643483552
    outer loop
      vertex -2.8800249731962295 7.807054596128912 0.07575392663191494
      vertex -2.5919539979156996 7.2681117081232065 0.07575392663191494
      vertex -2.7202983966301666 7.873215510414 0.1677188678166508
    endloop
  endfacet
  facet normal -0.4157348061512715 -0.22221488349019863 0.8819212643483556
    outer loop
      vertex -2.7202983966301666 7.873215510414 0.1677188678166508
      vertex -2.5919539979156996 7.2681117081232065 0.07575392663191494
      vertex -2.4482038768032646 7.364162468248848 0.1677188678166508
    endloop
  endfacet
  facet normal -0.5594849272637069 -0.29905092401907046 0.7730104533627373
    outer loop
      vertex -2.7202983966301666 7.873215510414 0.1677188678166508
      vertex -2.4482038768032646 7.364162468248848 0.1677188678166508
      vertex -2.580296881351315 7.931206036795285 0.2914828579090054
    endloop
  endfacet
  facet normal -0.4510985516013374 -0.13683924960834132 0.8819212643483553
    outer loop
      vertex -2.8800249731962295 7.807054596128912 0.07575392663191494
      vertex -2.8878533746354873 8.42557024860592 0.1677188678166508
      vertex -3.057418203893441 8.391841706993894 0.07575392663191494
    endloop
  endfacet
  facet normal -0.4510985516013378 -0.13683924960834132 0.8819212643483552
    outer loop
      vertex -2.8800249731962295 7.807054596128912 0.07575392663191494
      vertex -2.7202983966301666 7.873215510414 0.1677188678166508
      vertex -2.8878533746354873 8.42557024860592 0.1677188678166508
    endloop
  endfacet
  facet normal -0.6070765223338178 -0.1841546497458422 0.7730104533627368
    outer loop
      vertex -2.8878533746354873 8.42557024860592 0.1677188678166508
      vertex -2.7202983966301666 7.873215510414 0.1677188678166508
      vertex -2.7392285587502325 8.455133562585022 0.2914828579090054
    endloop
  endfacet
  facet normal -0.6070765223338171 -0.18415464974584225 0.7730104533627373
    outer loop
      vertex -2.7392285587502325 8.455133562585022 0.2914828579090054
      vertex -2.7202983966301666 7.873215510414 0.1677188678166508
      vertex -2.580296881351315 7.931206036795285 0.2914828579090054
    endloop
  endfacet
  facet normal -0.739724882765444 -0.22439308996872775 0.634393284163646
    outer loop
      vertex -2.7392285587502325 8.455133562585022 0.2914828579090054
      vertex -2.580296881351315 7.931206036795285 0.2914828579090054
      vertex -2.617255324562389 8.47939554735428 0.4422897161773749
    endloop
  endfacet
  facet normal -0.7397248827654448 -0.22439308996872753 0.6343932841636452
    outer loop
      vertex -2.580296881351315 7.931206036795285 0.2914828579090054
      vertex -2.465400607078087 7.978797631865394 0.4422897161773749
      vertex -2.617255324562389 8.47939554735428 0.4422897161773749
    endloop
  endfacet
  facet normal -0.8439460307948896 -0.2560082295852095 0.47139673682599664
    outer loop
      vertex -2.617255324562389 8.47939554735428 0.4422897161773749
      vertex -2.465400607078087 7.978797631865394 0.4422897161773749
      vertex -2.526621035058419 8.497423828445289 0.6143440196319667
    endloop
  endfacet
  facet normal -0.09754516100806326 -0.009607359798384658 0.995184726672197
    outer loop
      vertex -3.3049096779838716 9 0.01912219546999383
      vertex -3.4327484814113065 8.31718387294355 0
      vertex -3.2414067652287617 8.355244106687907 0.01912219546999383
    endloop
  endfacet
  facet normal -0.2888868771906096 -0.028452873945971822 0.9569403357322087
    outer loop
      vertex -3.3049096779838716 9 0.01912219546999383
      vertex -3.2414067652287617 8.355244106687907 0.01912219546999383
      vertex -3.11731656763491 9 0.07575392663191494
    endloop
  endfacet
  facet normal -0.2888868771906092 -0.028452873945971905 0.9569403357322087
    outer loop
      vertex -3.2414067652287617 8.355244106687907 0.01912219546999383
      vertex -3.057418203893441 8.391841706993894 0.07575392663191494
      vertex -3.11731656763491 9 0.07575392663191494
    endloop
  endfacet
  facet normal -0.4691268326923454 -0.04620496010437076 0.8819212643483553
    outer loop
      vertex -3.11731656763491 9 0.07575392663191494
      vertex -3.057418203893441 8.391841706993894 0.07575392663191494
      vertex -2.9444297669803974 9 0.1677188678166508
    endloop
  endfacet
  facet normal -0.4691268326923451 -0.04620496010437082 0.8819212643483555
    outer loop
      vertex -3.057418203893441 8.391841706993894 0.07575392663191494
      vertex -2.8878533746354873 8.42557024860592 0.1677188678166508
      vertex -2.9444297669803974 9 0.1677188678166508
    endloop
  endfacet
  facet normal -0.09754516100806317 0.00960735979838465 0.995184726672197
    outer loop
      vertex -3.3049096779838716 9 0.01912219546999383
      vertex -3.2414067652287617 9.644755893312093 0.01912219546999383
      vertex -3.5 9 0
    endloop
  endfacet
  facet normal -0.2888868771906097 0.028452873945971943 0.9569403357322087
    outer loop
      vertex -3.3049096779838716 9 0.01912219546999383
      vertex -3.11731656763491 9 0.07575392663191494
      vertex -3.057418203893441 9.608158293006106 0.07575392663191494
    endloop
  endfacet
  facet normal -0.4691268326923454 0.04620496010437085 0.8819212643483554
    outer loop
      vertex -3.11731656763491 9 0.07575392663191494
      vertex -2.9444297669803974 9 0.1677188678166508
      vertex -2.8878533746354873 9.57442975139408 0.1677188678166508
    endloop
  endfacet
  facet normal -0.6313385071030744 -0.06218141555799902 0.7730104533627373
    outer loop
      vertex -2.8878533746354873 8.42557024860592 0.1677188678166508
      vertex -2.792893218813452 9 0.2914828579090054
      vertex -2.9444297669803974 9 0.1677188678166508
    endloop
  endfacet
  facet normal -0.6313385071030752 0.06218141555799909 0.7730104533627367
    outer loop
      vertex -2.9444297669803974 9 0.1677188678166508
      vertex -2.7392285587502325 9.544866437414978 0.2914828579090054
      vertex -2.8878533746354873 9.57442975139408 0.1677188678166508
    endloop
  endfacet
  facet normal -0.6313385071030753 -0.06218141555799876 0.7730104533627368
    outer loop
      vertex -2.8878533746354873 8.42557024860592 0.1677188678166508
      vertex -2.7392285587502325 8.455133562585022 0.2914828579090054
      vertex -2.792893218813452 9 0.2914828579090054
    endloop
  endfacet
  facet normal -0.7692881967445466 -0.07576827408347253 0.634393284163645
    outer loop
      vertex -2.7392285587502325 8.455133562585022 0.2914828579090054
      vertex -2.6685303876974547 9 0.4422897161773749
      vertex -2.792893218813452 9 0.2914828579090054
    endloop
  endfacet
  facet normal -0.7692881967445458 -0.07576827408347289 0.6343932841636459
    outer loop
      vertex -2.7392285587502325 8.455133562585022 0.2914828579090054
      vertex -2.617255324562389 8.47939554735428 0.4422897161773749
      vertex -2.6685303876974547 9 0.4422897161773749
    endloop
  endfacet
  facet normal -0.877674572406917 -0.08644340032725667 0.4713967368259957
    outer loop
      vertex -2.6685303876974547 9 0.4422897161773749
      vertex -2.617255324562389 8.47939554735428 0.4422897161773749
      vertex -2.5761204674887135 9 0.6143440196319667
    endloop
  endfacet
  facet normal -0.6313385071030745 0.0621814155579987 0.7730104533627373
    outer loop
      vertex -2.9444297669803974 9 0.1677188678166508
      vertex -2.792893218813452 9 0.2914828579090054
      vertex -2.7392285587502325 9.544866437414978 0.2914828579090054
    endloop
  endfacet
  facet normal -0.769288196744546 0.07576827408347246 0.634393284163646
    outer loop
      vertex -2.792893218813452 9 0.2914828579090054
      vertex -2.617255324562389 9.52060445264572 0.4422897161773749
      vertex -2.7392285587502325 9.544866437414978 0.2914828579090054
    endloop
  endfacet
  facet normal -0.7692881967445467 0.07576827408347299 0.634393284163645
    outer loop
      vertex -2.792893218813452 9 0.2914828579090054
      vertex -2.6685303876974547 9 0.4422897161773749
      vertex -2.617255324562389 9.52060445264572 0.4422897161773749
    endloop
  endfacet
  facet normal -0.877674572406917 0.08644340032725667 0.4713967368259957
    outer loop
      vertex -2.6685303876974547 9 0.4422897161773749
      vertex -2.526621035058419 9.502576171554711 0.6143440196319667
      vertex -2.617255324562389 9.52060445264572 0.4422897161773749
    endloop
  endfacet
  facet normal -0.5594849272637075 -0.29905092401907046 0.7730104533627369
    outer loop
      vertex -2.4482038768032646 7.364162468248848 0.1677188678166508
      vertex -2.322205841849229 7.448351663624944 0.2914828579090054
      vertex -2.580296881351315 7.931206036795285 0.2914828579090054
    endloop
  endfacet
  facet normal -0.6817343563841605 -0.36439460524757966 0.6343932841636448
    outer loop
      vertex -2.322205841849229 7.448351663624944 0.2914828579090054
      vertex -2.465400607078087 7.978797631865394 0.4422897161773749
      vertex -2.580296881351315 7.931206036795285 0.2914828579090054
    endloop
  endfacet
  facet normal -0.6817343563841599 -0.3643946052475797 0.6343932841636455
    outer loop
      vertex -2.322205841849229 7.448351663624944 0.2914828579090054
      vertex -2.2188019268763632 7.517443950687036 0.4422897161773749
      vertex -2.465400607078087 7.978797631865394 0.4422897161773749
    endloop
  endfacet
  facet normal -0.7777851165098005 -0.415734806151273 0.4713967368259984
    outer loop
      vertex -2.2188019268763632 7.517443950687036 0.4422897161773749
      vertex -2.38002497319623 8.01416137731546 0.6143440196319667
      vertex -2.465400607078087 7.978797631865394 0.4422897161773749
    endloop
  endfacet
  facet normal -0.8776745724069169 -0.08644340032725667 0.4713967368259957
    outer loop
      vertex -2.617255324562389 8.47939554735428 0.4422897161773749
      vertex -2.526621035058419 8.497423828445289 0.6143440196319667
      vertex -2.5761204674887135 9 0.6143440196319667
    endloop
  endfacet
  facet normal -0.9523324064572581 -0.09379655517448109 0.2902846772544634
    outer loop
      vertex -2.526621035058419 8.497423828445289 0.6143440196319667
      vertex -2.5192147195967696 9 0.8010338178801852
      vertex -2.5761204674887135 9 0.6143440196319667
    endloop
  endfacet
  facet normal -0.8776745724069169 0.08644340032725667 0.47139673682599564
    outer loop
      vertex -2.6685303876974547 9 0.4422897161773749
      vertex -2.5761204674887135 9 0.6143440196319667
      vertex -2.526621035058419 9.502576171554711 0.6143440196319667
    endloop
  endfacet
  facet normal -0.7777851165098022 -0.4157348061512726 0.4713967368259957
    outer loop
      vertex -2.2188019268763632 7.517443950687036 0.4422897161773749
      vertex -2.141965886347492 7.568784151590729 0.6143440196319667
      vertex -2.38002497319623 8.01416137731546 0.6143440196319667
    endloop
  endfacet
  facet normal -0.8439460307948892 -0.4510985516013373 0.29028467725446294
    outer loop
      vertex -2.38002497319623 8.01416137731546 0.6143440196319667
      vertex -2.141965886347492 7.568784151590729 0.6143440196319667
      vertex -2.327450917436616 8.035938264240052 0.8010338178801852
    endloop
  endfacet
  facet normal -0.8439460307948892 -0.45109855160133727 0.29028467725446266
    outer loop
      vertex -2.141965886347492 7.568784151590729 0.6143440196319667
      vertex -2.094650486209991 7.600399291207211 0.8010338178801852
      vertex -2.327450917436616 8.035938264240052 0.8010338178801852
    endloop
  endfacet
  facet normal -0.843946030794889 -0.25600822958520963 0.4713967368259975
    outer loop
      vertex -2.465400607078087 7.978797631865394 0.4422897161773749
      vertex -2.38002497319623 8.01416137731546 0.6143440196319667
      vertex -2.526621035058419 8.497423828445289 0.6143440196319667
    endloop
  endfacet
  facet normal -0.9157348061512723 -0.27778511650980114 0.29028467725446283
    outer loop
      vertex -2.38002497319623 8.01416137731546 0.6143440196319667
      vertex -2.327450917436616 8.035938264240052 0.8010338178801852
      vertex -2.470808715155663 8.508525589126096 0.8010338178801852
    endloop
  endfacet
  facet normal -0.9157348061512725 -0.27778511650980114 0.2902846772544628
    outer loop
      vertex -2.526621035058419 8.497423828445289 0.6143440196319667
      vertex -2.38002497319623 8.01416137731546 0.6143440196319667
      vertex -2.470808715155663 8.508525589126096 0.8010338178801852
    endloop
  endfacet
  facet normal -0.8776745724069166 -0.46912683269234556 0.09801714032955719
    outer loop
      vertex -2.327450917436616 8.035938264240052 0.8010338178801852
      vertex -2.094650486209991 7.600399291207211 0.8010338178801852
      vertex -2.309698831278217 8.043291419087275 0.9951847266721967
    endloop
  endfacet
  facet normal -0.8776745724069154 -0.46912683269234684 0.09801714032956153
    outer loop
      vertex -2.309698831278217 8.043291419087275 0.9951847266721967
      vertex -2.094650486209991 7.600399291207211 0.8010338178801852
      vertex -2.078674030756363 7.611074417450995 0.9951847266721967
    endloop
  endfacet
  facet normal -0.9523324064572586 -0.28888687719060907 0.09801714032956099
    outer loop
      vertex -2.470808715155663 8.508525589126096 0.8010338178801852
      vertex -2.327450917436616 8.035938264240052 0.8010338178801852
      vertex -2.451963201008076 8.51227419495968 0.9951847266721967
    endloop
  endfacet
  facet normal -0.9523324064572591 -0.2888868771906082 0.09801714032955836
    outer loop
      vertex -2.327450917436616 8.035938264240052 0.8010338178801852
      vertex -2.309698831278217 8.043291419087275 0.9951847266721967
      vertex -2.451963201008076 8.51227419495968 0.9951847266721967
    endloop
  endfacet
  facet normal -0.9523324064572581 -0.09379655517448111 0.2902846772544634
    outer loop
      vertex -2.526621035058419 8.497423828445289 0.6143440196319667
      vertex -2.470808715155663 8.508525589126096 0.8010338178801852
      vertex -2.5192147195967696 9 0.8010338178801852
    endloop
  endfacet
  facet normal -0.9523324064572581 0.09379655517448109 0.2902846772544634
    outer loop
      vertex -2.5761204674887135 9 0.6143440196319667
      vertex -2.470808715155663 9.491474410873904 0.8010338178801852
      vertex -2.526621035058419 9.502576171554711 0.6143440196319667
    endloop
  endfacet
  facet normal -0.9523324064572584 0.09379655517448109 0.2902846772544634
    outer loop
      vertex -2.5761204674887135 9 0.6143440196319667
      vertex -2.5192147195967696 9 0.8010338178801852
      vertex -2.470808715155663 9.491474410873904 0.8010338178801852
    endloop
  endfacet
  facet normal -0.9903926402016151 -0.0975451610080645 0.0980171403295607
    outer loop
      vertex -2.470808715155663 8.508525589126096 0.8010338178801852
      vertex -2.5 9 0.9951847266721967
      vertex -2.5192147195967696 9 0.8010338178801852
    endloop
  endfacet
  facet normal -0.9903926402016152 -0.09754516100806437 0.09801714032956033
    outer loop
      vertex -2.470808715155663 8.508525589126096 0.8010338178801852
      vertex -2.451963201008076 8.51227419495968 0.9951847266721967
      vertex -2.5 9 0.9951847266721967
    endloop
  endfacet
  facet normal -0.9903926402016152 0.09754516100806453 0.09801714032956033
    outer loop
      vertex -2.5192147195967696 9 0.8010338178801852
      vertex -2.451963201008076 9.48772580504032 0.9951847266721967
      vertex -2.470808715155663 9.491474410873904 0.8010338178801852
    endloop
  endfacet
  facet normal -0.9903926402016152 0.09754516100806437 0.09801714032956071
    outer loop
      vertex -2.5192147195967696 9 0.8010338178801852
      vertex -2.5 9 0.9951847266721967
      vertex -2.451963201008076 9.48772580504032 0.9951847266721967
    endloop
  endfacet
  facet normal -0.2888868771906093 0.028452873945971784 0.9569403357322087
    outer loop
      vertex -3.3049096779838716 9 0.01912219546999383
      vertex -3.057418203893441 9.608158293006106 0.07575392663191494
      vertex -3.2414067652287617 9.644755893312093 0.01912219546999383
    endloop
  endfacet
  facet normal -0.4691268326923452 0.04620496010437074 0.8819212643483555
    outer loop
      vertex -3.11731656763491 9 0.07575392663191494
      vertex -2.8878533746354873 9.57442975139408 0.1677188678166508
      vertex -3.057418203893441 9.608158293006106 0.07575392663191494
    endloop
  endfacet
  facet normal -0.2777851165098012 0.08426519384872741 0.9569403357322088
    outer loop
      vertex -3.2414067652287617 9.644755893312093 0.01912219546999383
      vertex -3.057418203893441 9.608158293006106 0.07575392663191494
      vertex -2.8800249731962295 10.192945403871088 0.07575392663191494
    endloop
  endfacet
  facet normal -0.09379655517447984 0.02845287394597167 0.995184726672197
    outer loop
      vertex -3.2414067652287617 9.644755893312093 0.01912219546999383
      vertex -3.0533384082877664 10.264734179227471 0.01912219546999383
      vertex -3.4327484814113065 9.68281612705645 0
    endloop
  endfacet
  facet normal -0.09379655517447967 0.02845287394597155 0.995184726672197
    outer loop
      vertex -3.0533384082877664 10.264734179227471 0.01912219546999383
      vertex -3.2335783637895035 10.339392013277815 0
      vertex -3.4327484814113065 9.68281612705645 0
    endloop
  endfacet
  facet normal -0.27778511650980187 0.0842651938487279 0.9569403357322087
    outer loop
      vertex -3.2414067652287617 9.644755893312093 0.01912219546999383
      vertex -2.8800249731962295 10.192945403871088 0.07575392663191494
      vertex -3.0533384082877664 10.264734179227471 0.01912219546999383
    endloop
  endfacet
  facet normal -0.4510985516013375 0.13683924960834098 0.8819212643483553
    outer loop
      vertex -3.057418203893441 9.608158293006106 0.07575392663191494
      vertex -2.8878533746354873 9.57442975139408 0.1677188678166508
      vertex -2.7202983966301666 10.126784489586 0.1677188678166508
    endloop
  endfacet
  facet normal -0.4510985516013383 0.1368392496083416 0.8819212643483547
    outer loop
      vertex -3.057418203893441 9.608158293006106 0.07575392663191494
      vertex -2.7202983966301666 10.126784489586 0.1677188678166508
      vertex -2.8800249731962295 10.192945403871088 0.07575392663191494
    endloop
  endfacet
  facet normal -0.6070765223338167 0.1841546497458416 0.7730104533627378
    outer loop
      vertex -2.8878533746354873 9.57442975139408 0.1677188678166508
      vertex -2.580296881351315 10.068793963204715 0.2914828579090054
      vertex -2.7202983966301666 10.126784489586 0.1677188678166508
    endloop
  endfacet
  facet normal -0.6070765223338177 0.18415464974584245 0.7730104533627367
    outer loop
      vertex -2.8878533746354873 9.57442975139408 0.1677188678166508
      vertex -2.7392285587502325 9.544866437414978 0.2914828579090054
      vertex -2.580296881351315 10.068793963204715 0.2914828579090054
    endloop
  endfacet
  facet normal -0.7397248827654441 0.22439308996872734 0.634393284163646
    outer loop
      vertex -2.7392285587502325 9.544866437414978 0.2914828579090054
      vertex -2.617255324562389 9.52060445264572 0.4422897161773749
      vertex -2.465400607078087 10.021202368134606 0.4422897161773749
    endloop
  endfacet
  facet normal -0.7397248827654446 0.22439308996872792 0.6343932841636453
    outer loop
      vertex -2.7392285587502325 9.544866437414978 0.2914828579090054
      vertex -2.465400607078087 10.021202368134606 0.4422897161773749
      vertex -2.580296881351315 10.068793963204715 0.2914828579090054
    endloop
  endfacet
  facet normal -0.5594849272637061 0.2990509240190698 0.7730104533627382
    outer loop
      vertex -2.7202983966301666 10.126784489586 0.1677188678166508
      vertex -2.580296881351315 10.068793963204715 0.2914828579090054
      vertex -2.322205841849229 10.551648336375056 0.2914828579090054
    endloop
  endfacet
  facet normal -0.08644340032725518 0.04620496010437012 0.995184726672197
    outer loop
      vertex -3.0533384082877664 10.264734179227471 0.01912219546999383
      vertex -2.7479319686481793 10.836109439906238 0.01912219546999383
      vertex -3.2335783637895035 10.339392013277815 0
    endloop
  endfacet
  facet normal -0.08644340032725525 0.0462049601043702 0.995184726672197
    outer loop
      vertex -2.7479319686481793 10.836109439906238 0.01912219546999383
      vertex -2.9101436430589085 10.944495815568608 0
      vertex -3.2335783637895035 10.339392013277815 0
    endloop
  endfacet
  facet normal -0.25600822958521047 0.13683924960834207 0.9569403357322086
    outer loop
      vertex -3.0533384082877664 10.264734179227471 0.01912219546999383
      vertex -2.8800249731962295 10.192945403871088 0.07575392663191494
      vertex -2.5919539979156996 10.731888291876793 0.07575392663191494
    endloop
  endfacet
  facet normal -0.2560082295852098 0.13683924960834132 0.9569403357322089
    outer loop
      vertex -3.0533384082877664 10.264734179227471 0.01912219546999383
      vertex -2.5919539979156996 10.731888291876793 0.07575392663191494
      vertex -2.7479319686481793 10.836109439906238 0.01912219546999383
    endloop
  endfacet
  facet normal -0.4157348061512723 0.22221488349019894 0.8819212643483552
    outer loop
      vertex -2.8800249731962295 10.192945403871088 0.07575392663191494
      vertex -2.4482038768032646 10.635837531751152 0.1677188678166508
      vertex -2.5919539979156996 10.731888291876793 0.07575392663191494
    endloop
  endfacet
  facet normal -0.4157348061512731 0.22221488349019988 0.8819212643483546
    outer loop
      vertex -2.8800249731962295 10.192945403871088 0.07575392663191494
      vertex -2.7202983966301666 10.126784489586 0.1677188678166508
      vertex -2.4482038768032646 10.635837531751152 0.1677188678166508
    endloop
  endfacet
  facet normal -0.0757682740834718 0.06218141555799809 0.995184726672197
    outer loop
      vertex -2.7479319686481793 10.836109439906238 0.01912219546999383
      vertex -2.336924044511445 11.336924044511445 0.01912219546999383
      vertex -2.9101436430589085 10.944495815568608 0
    endloop
  endfacet
  facet normal -0.8439460307948892 0.25600822958520936 0.4713967368259975
    outer loop
      vertex -2.617255324562389 9.52060445264572 0.4422897161773749
      vertex -2.38002497319623 9.98583862268454 0.6143440196319667
      vertex -2.465400607078087 10.021202368134606 0.4422897161773749
    endloop
  endfacet
  facet normal -0.6817343563841607 0.36439460524757944 0.6343932841636448
    outer loop
      vertex -2.580296881351315 10.068793963204715 0.2914828579090054
      vertex -2.465400607078087 10.021202368134606 0.4422897161773749
      vertex -2.2188019268763632 10.482556049312965 0.4422897161773749
    endloop
  endfacet
  facet normal -0.7777851165098021 0.415734806151273 0.4713967368259957
    outer loop
      vertex -2.465400607078087 10.021202368134606 0.4422897161773749
      vertex -2.141965886347492 10.431215848409272 0.6143440196319667
      vertex -2.2188019268763632 10.482556049312965 0.4422897161773749
    endloop
  endfacet
  facet normal -0.559484927263707 0.2990509240190711 0.773010453362737
    outer loop
      vertex -2.7202983966301666 10.126784489586 0.1677188678166508
      vertex -2.322205841849229 10.551648336375056 0.2914828579090054
      vertex -2.4482038768032646 10.635837531751152 0.1677188678166508
    endloop
  endfacet
  facet normal -0.22439308996872773 0.18415464974584186 0.956940335732209
    outer loop
      vertex -2.7479319686481793 10.836109439906238 0.01912219546999383
      vertex -2.5919539979156996 10.731888291876793 0.07575392663191494
      vertex -2.2042756840798177 11.204275684079818 0.07575392663191494
    endloop
  endfacet
  facet normal -0.224393089968728 0.18415464974584228 0.9569403357322087
    outer loop
      vertex -2.7479319686481793 10.836109439906238 0.01912219546999383
      vertex -2.2042756840798177 11.204275684079818 0.07575392663191494
      vertex -2.336924044511445 11.336924044511445 0.01912219546999383
    endloop
  endfacet
  facet normal -0.36439460524757894 0.29905092401906946 0.8819212643483554
    outer loop
      vertex -2.5919539979156996 10.731888291876793 0.07575392663191494
      vertex -2.082026254959365 11.082026254959365 0.1677188678166508
      vertex -2.2042756840798177 11.204275684079818 0.07575392663191494
    endloop
  endfacet
  facet normal -0.3643946052475793 0.29905092401907013 0.881921264348355
    outer loop
      vertex -2.5919539979156996 10.731888291876793 0.07575392663191494
      vertex -2.4482038768032646 10.635837531751152 0.1677188678166508
      vertex -2.082026254959365 11.082026254959365 0.1677188678166508
    endloop
  endfacet
  facet normal -0.49039264020161616 0.4024548389919363 0.7730104533627361
    outer loop
      vertex -2.4482038768032646 10.635837531751152 0.1677188678166508
      vertex -1.9748737341529161 10.974873734152917 0.2914828579090054
      vertex -2.082026254959365 11.082026254959365 0.1677188678166508
    endloop
  endfacet
  facet normal -0.2990509240190695 0.3643946052475787 0.8819212643483556
    outer loop
      vertex -2.2042756840798177 11.204275684079818 0.07575392663191494
      vertex -2.082026254959365 11.082026254959365 0.1677188678166508
      vertex -1.6358375317511522 11.448203876803264 0.1677188678166508
    endloop
  endfacet
  facet normal -0.681734356384161 0.36439460524757994 0.6343932841636442
    outer loop
      vertex -2.580296881351315 10.068793963204715 0.2914828579090054
      vertex -2.2188019268763632 10.482556049312965 0.4422897161773749
      vertex -2.322205841849229 10.551648336375056 0.2914828579090054
    endloop
  endfacet
  facet normal -0.4903926402016157 0.4024548389919352 0.773010453362737
    outer loop
      vertex -2.4482038768032646 10.635837531751152 0.1677188678166508
      vertex -2.322205841849229 10.551648336375056 0.2914828579090054
      vertex -1.9748737341529161 10.974873734152917 0.2914828579090054
    endloop
  endfacet
  facet normal -0.5975451610080652 0.49039264020161666 0.6343932841636434
    outer loop
      vertex -2.322205841849229 10.551648336375056 0.2914828579090054
      vertex -2.2188019268763632 10.482556049312965 0.4422897161773749
      vertex -1.8869359329432371 10.886935932943237 0.4422897161773749
    endloop
  endfacet
  facet normal -0.6817343563841602 0.5594849272637082 0.47139673682599637
    outer loop
      vertex -2.2188019268763632 10.482556049312965 0.4422897161773749
      vertex -1.8215922517147283 10.821592251714728 0.6143440196319667
      vertex -1.8869359329432371 10.886935932943237 0.4422897161773749
    endloop
  endfacet
  facet normal -0.5975451610080641 0.490392640201614 0.6343932841636464
    outer loop
      vertex -2.322205841849229 10.551648336375056 0.2914828579090054
      vertex -1.8869359329432371 10.886935932943237 0.4422897161773749
      vertex -1.9748737341529161 10.974873734152917 0.2914828579090054
    endloop
  endfacet
  facet normal -0.40245483899193635 0.49039264020161677 0.7730104533627358
    outer loop
      vertex -2.082026254959365 11.082026254959365 0.1677188678166508
      vertex -1.9748737341529161 10.974873734152917 0.2914828579090054
      vertex -1.5516483363750564 11.322205841849229 0.2914828579090054
    endloop
  endfacet
  facet normal -0.4903926402016142 0.5975451610080634 0.6343932841636469
    outer loop
      vertex -1.8869359329432371 10.886935932943237 0.4422897161773749
      vertex -1.4825560493129641 11.218801926876363 0.4422897161773749
      vertex -1.9748737341529161 10.974873734152917 0.2914828579090054
    endloop
  endfacet
  facet normal -0.8439460307948895 0.2560082295852098 0.4713967368259966
    outer loop
      vertex -2.617255324562389 9.52060445264572 0.4422897161773749
      vertex -2.526621035058419 9.502576171554711 0.6143440196319667
      vertex -2.38002497319623 9.98583862268454 0.6143440196319667
    endloop
  endfacet
  facet normal -0.9157348061512725 0.27778511650980114 0.29028467725446283
    outer loop
      vertex -2.526621035058419 9.502576171554711 0.6143440196319667
      vertex -2.327450917436616 9.964061735759948 0.8010338178801852
      vertex -2.38002497319623 9.98583862268454 0.6143440196319667
    endloop
  endfacet
  facet normal -0.9157348061512725 0.27778511650980114 0.2902846772544627
    outer loop
      vertex -2.526621035058419 9.502576171554711 0.6143440196319667
      vertex -2.470808715155663 9.491474410873904 0.8010338178801852
      vertex -2.327450917436616 9.964061735759948 0.8010338178801852
    endloop
  endfacet
  facet normal -0.7777851165098013 0.4157348061512713 0.4713967368259984
    outer loop
      vertex -2.465400607078087 10.021202368134606 0.4422897161773749
      vertex -2.38002497319623 9.98583862268454 0.6143440196319667
      vertex -2.141965886347492 10.431215848409272 0.6143440196319667
    endloop
  endfacet
  facet normal -0.8439460307948891 0.4510985516013364 0.2902846772544646
    outer loop
      vertex -2.38002497319623 9.98583862268454 0.6143440196319667
      vertex -2.094650486209991 10.39960070879279 0.8010338178801852
      vertex -2.141965886347492 10.431215848409272 0.6143440196319667
    endloop
  endfacet
  facet normal -0.8439460307948893 0.45109855160133727 0.2902846772544629
    outer loop
      vertex -2.38002497319623 9.98583862268454 0.6143440196319667
      vertex -2.327450917436616 9.964061735759948 0.8010338178801852
      vertex -2.094650486209991 10.39960070879279 0.8010338178801852
    endloop
  endfacet
  facet normal -0.9523324064572588 0.2888868771906092 0.09801714032955841
    outer loop
      vertex -2.470808715155663 9.491474410873904 0.8010338178801852
      vertex -2.309698831278217 9.956708580912725 0.9951847266721967
      vertex -2.327450917436616 9.964061735759948 0.8010338178801852
    endloop
  endfacet
  facet normal -0.9523324064572588 0.28888687719060807 0.09801714032956102
    outer loop
      vertex -2.470808715155663 9.491474410873904 0.8010338178801852
      vertex -2.451963201008076 9.48772580504032 0.9951847266721967
      vertex -2.309698831278217 9.956708580912725 0.9951847266721967
    endloop
  endfacet
  facet normal -0.8776745724069163 0.46912683269234534 0.09801714032956146
    outer loop
      vertex -2.327450917436616 9.964061735759948 0.8010338178801852
      vertex -2.078674030756363 10.388925582549005 0.9951847266721967
      vertex -2.094650486209991 10.39960070879279 0.8010338178801852
    endloop
  endfacet
  facet normal -0.8776745724069159 0.4691268326923471 0.09801714032955719
    outer loop
      vertex -2.327450917436616 9.964061735759948 0.8010338178801852
      vertex -2.309698831278217 9.956708580912725 0.9951847266721967
      vertex -2.078674030756363 10.388925582549005 0.9951847266721967
    endloop
  endfacet
  facet normal -0.6817343563841602 0.5594849272637086 0.47139673682599587
    outer loop
      vertex -2.2188019268763632 10.482556049312965 0.4422897161773749
      vertex -2.141965886347492 10.431215848409272 0.6143440196319667
      vertex -1.8215922517147283 10.821592251714728 0.6143440196319667
    endloop
  endfacet
  facet normal -0.7397248827654449 0.6070765223338158 0.2902846772544649
    outer loop
      vertex -2.141965886347492 10.431215848409272 0.6143440196319667
      vertex -2.094650486209991 10.39960070879279 0.8010338178801852
      vertex -1.7813538114918428 10.781353811491844 0.8010338178801852
    endloop
  endfacet
  facet normal -0.7397248827654448 0.6070765223338187 0.2902846772544591
    outer loop
      vertex -2.141965886347492 10.431215848409272 0.6143440196319667
      vertex -1.7813538114918428 10.781353811491844 0.8010338178801852
      vertex -1.8215922517147283 10.821592251714728 0.6143440196319667
    endloop
  endfacet
  facet normal -0.559484927263708 0.6817343563841607 0.4713967368259962
    outer loop
      vertex -1.8869359329432371 10.886935932943237 0.4422897161773749
      vertex -1.8215922517147283 10.821592251714728 0.6143440196319667
      vertex -1.431215848409271 11.141965886347492 0.6143440196319667
    endloop
  endfacet
  facet normal -0.7692881967445472 0.6313385071030735 0.09801714032956442
    outer loop
      vertex -2.094650486209991 10.39960070879279 0.8010338178801852
      vertex -1.7677669529663689 10.767766952966369 0.9951847266721967
      vertex -1.7813538114918428 10.781353811491844 0.8010338178801852
    endloop
  endfacet
  facet normal -0.7692881967445467 0.631338507103074 0.09801714032956224
    outer loop
      vertex -2.094650486209991 10.39960070879279 0.8010338178801852
      vertex -2.078674030756363 10.388925582549005 0.9951847266721967
      vertex -1.7677669529663689 10.767766952966369 0.9951847266721967
    endloop
  endfacet
  facet normal -0.4903926402016144 0.5975451610080642 0.634393284163646
    outer loop
      vertex -1.9748737341529161 10.974873734152917 0.2914828579090054
      vertex -1.4825560493129641 11.218801926876363 0.4422897161773749
      vertex -1.5516483363750564 11.322205841849229 0.2914828579090054
    endloop
  endfacet
  facet normal -0.559484927263708 0.6817343563841614 0.47139673682599537
    outer loop
      vertex -1.8869359329432371 10.886935932943237 0.4422897161773749
      vertex -1.431215848409271 11.141965886347492 0.6143440196319667
      vertex -1.4825560493129641 11.218801926876363 0.4422897161773749
    endloop
  endfacet
  facet normal -0.41573480615127323 0.7777851165098022 0.4713967368259953
    outer loop
      vertex -1.4825560493129641 11.218801926876363 0.4422897161773749
      vertex -1.431215848409271 11.141965886347492 0.6143440196319667
      vertex -0.9858386226845406 11.38002497319623 0.6143440196319667
    endloop
  endfacet
  facet normal -0.6070765223338167 0.7397248827654468 0.2902846772544584
    outer loop
      vertex -1.8215922517147283 10.821592251714728 0.6143440196319667
      vertex -1.7813538114918428 10.781353811491844 0.8010338178801852
      vertex -1.399600708792789 11.094650486209991 0.8010338178801852
    endloop
  endfacet
  facet normal -0.6070765223338173 0.7397248827654442 0.29028467725446355
    outer loop
      vertex -1.8215922517147283 10.821592251714728 0.6143440196319667
      vertex -1.399600708792789 11.094650486209991 0.8010338178801852
      vertex -1.431215848409271 11.141965886347492 0.6143440196319667
    endloop
  endfacet
  facet normal -0.4510985516013386 0.8439460307948881 0.2902846772544637
    outer loop
      vertex -1.431215848409271 11.141965886347492 0.6143440196319667
      vertex -1.399600708792789 11.094650486209991 0.8010338178801852
      vertex -0.964061735759949 11.327450917436616 0.8010338178801852
    endloop
  endfacet
  facet normal -0.6313385071030735 0.7692881967445482 0.0980171403295566
    outer loop
      vertex -1.7813538114918428 10.781353811491844 0.8010338178801852
      vertex -1.3889255825490054 11.078674030756364 0.9951847266721967
      vertex -1.399600708792789 11.094650486209991 0.8010338178801852
    endloop
  endfacet
  facet normal -0.6313385071030754 0.7692881967445453 0.09801714032956502
    outer loop
      vertex -1.7813538114918428 10.781353811491844 0.8010338178801852
      vertex -1.7677669529663689 10.767766952966369 0.9951847266721967
      vertex -1.3889255825490054 11.078674030756364 0.9951847266721967
    endloop
  endfacet
  facet normal -0.4691268326923469 0.8776745724069153 0.09801714032956228
    outer loop
      vertex -1.399600708792789 11.094650486209991 0.8010338178801852
      vertex -0.9567085809127245 11.309698831278217 0.9951847266721967
      vertex -0.964061735759949 11.327450917436616 0.8010338178801852
    endloop
  endfacet
  facet normal -0.4691268326923449 0.877674572406917 0.09801714032955594
    outer loop
      vertex -1.399600708792789 11.094650486209991 0.8010338178801852
      vertex -1.3889255825490054 11.078674030756364 0.9951847266721967
      vertex -0.9567085809127245 11.309698831278217 0.9951847266721967
    endloop
  endfacet
  facet normal -0.0757682740834719 0.06218141555799825 0.995184726672197
    outer loop
      vertex -2.336924044511445 11.336924044511445 0.01912219546999383
      vertex -2.4748737341529163 11.474873734152917 0
      vertex -2.9101436430589085 10.944495815568608 0
    endloop
  endfacet
  facet normal -0.062181415557998214 0.0757682740834719 0.995184726672197
    outer loop
      vertex -2.336924044511445 11.336924044511445 0.01912219546999383
      vertex -1.8361094399062379 11.74793196864818 0.01912219546999383
      vertex -2.4748737341529163 11.474873734152917 0
    endloop
  endfacet
  facet normal -0.18415464974584211 0.2243930899687282 0.9569403357322088
    outer loop
      vertex -2.336924044511445 11.336924044511445 0.01912219546999383
      vertex -2.2042756840798177 11.204275684079818 0.07575392663191494
      vertex -1.7318882918767933 11.591953997915699 0.07575392663191494
    endloop
  endfacet
  facet normal -0.062181415557998186 0.07576827408347182 0.995184726672197
    outer loop
      vertex -1.8361094399062379 11.74793196864818 0.01912219546999383
      vertex -1.9444958155686076 11.910143643058909 0
      vertex -2.4748737341529163 11.474873734152917 0
    endloop
  endfacet
  facet normal -0.18415464974584161 0.22439308996872706 0.956940335732209
    outer loop
      vertex -2.336924044511445 11.336924044511445 0.01912219546999383
      vertex -1.7318882918767933 11.591953997915699 0.07575392663191494
      vertex -1.8361094399062379 11.74793196864818 0.01912219546999383
    endloop
  endfacet
  facet normal -0.2990509240190698 0.36439460524757966 0.881921264348355
    outer loop
      vertex -2.2042756840798177 11.204275684079818 0.07575392663191494
      vertex -1.6358375317511522 11.448203876803264 0.1677188678166508
      vertex -1.7318882918767933 11.591953997915699 0.07575392663191494
    endloop
  endfacet
  facet normal -0.40245483899193624 0.4903926402016163 0.773010453362736
    outer loop
      vertex -2.082026254959365 11.082026254959365 0.1677188678166508
      vertex -1.5516483363750564 11.322205841849229 0.2914828579090054
      vertex -1.6358375317511522 11.448203876803264 0.1677188678166508
    endloop
  endfacet
  facet normal -0.22221488349019938 0.41573480615127245 0.8819212643483549
    outer loop
      vertex -1.7318882918767933 11.591953997915699 0.07575392663191494
      vertex -1.6358375317511522 11.448203876803264 0.1677188678166508
      vertex -1.126784489586 11.720298396630167 0.1677188678166508
    endloop
  endfacet
  facet normal -0.2990509240190718 0.5594849272637087 0.7730104533627354
    outer loop
      vertex -1.6358375317511522 11.448203876803264 0.1677188678166508
      vertex -1.0687939632047156 11.580296881351316 0.2914828579090054
      vertex -1.126784489586 11.720298396630167 0.1677188678166508
    endloop
  endfacet
  facet normal -0.13683924960834143 0.25600822958520836 0.9569403357322093
    outer loop
      vertex -1.8361094399062379 11.74793196864818 0.01912219546999383
      vertex -1.7318882918767933 11.591953997915699 0.07575392663191494
      vertex -1.1929454038710878 11.88002497319623 0.07575392663191494
    endloop
  endfacet
  facet normal -0.0462049601043702 0.08644340032725534 0.995184726672197
    outer loop
      vertex -1.8361094399062379 11.74793196864818 0.01912219546999383
      vertex -1.2647341792274716 12.053338408287766 0.01912219546999383
      vertex -1.9444958155686076 11.910143643058909 0
    endloop
  endfacet
  facet normal -0.046204960104370245 0.08644340032725556 0.995184726672197
    outer loop
      vertex -1.2647341792274716 12.053338408287766 0.01912219546999383
      vertex -1.3393920132778143 12.233578363789503 0
      vertex -1.9444958155686076 11.910143643058909 0
    endloop
  endfacet
  facet normal -0.13683924960834187 0.2560082295852108 0.9569403357322086
    outer loop
      vertex -1.8361094399062379 11.74793196864818 0.01912219546999383
      vertex -1.1929454038710878 11.88002497319623 0.07575392663191494
      vertex -1.2647341792274716 12.053338408287766 0.01912219546999383
    endloop
  endfacet
  facet normal -0.22221488349019924 0.41573480615127134 0.8819212643483555
    outer loop
      vertex -1.7318882918767933 11.591953997915699 0.07575392663191494
      vertex -1.126784489586 11.720298396630167 0.1677188678166508
      vertex -1.1929454038710878 11.88002497319623 0.07575392663191494
    endloop
  endfacet
  facet normal -0.028452873945971662 0.09379655517447999 0.995184726672197
    outer loop
      vertex -1.2647341792274716 12.053338408287766 0.01912219546999383
      vertex -0.6447558933120923 12.241406765228762 0.01912219546999383
      vertex -1.3393920132778143 12.233578363789503 0
    endloop
  endfacet
  facet normal -0.0842651938487276 0.2777851165098024 0.9569403357322085
    outer loop
      vertex -1.2647341792274716 12.053338408287766 0.01912219546999383
      vertex -1.1929454038710878 11.88002497319623 0.07575392663191494
      vertex -0.6081582930061062 12.057418203893441 0.07575392663191494
    endloop
  endfacet
  facet normal -0.13683924960834057 0.451098551601337 0.8819212643483555
    outer loop
      vertex -1.1929454038710878 11.88002497319623 0.07575392663191494
      vertex -1.126784489586 11.720298396630167 0.1677188678166508
      vertex -0.5744297513940791 11.887853374635487 0.1677188678166508
    endloop
  endfacet
  facet normal -0.29905092401907174 0.5594849272637081 0.773010453362736
    outer loop
      vertex -1.5516483363750564 11.322205841849229 0.2914828579090054
      vertex -1.0687939632047156 11.580296881351316 0.2914828579090054
      vertex -1.6358375317511522 11.448203876803264 0.1677188678166508
    endloop
  endfacet
  facet normal -0.3643946052475801 0.6817343563841589 0.634393284163646
    outer loop
      vertex -1.5516483363750564 11.322205841849229 0.2914828579090054
      vertex -1.4825560493129641 11.218801926876363 0.4422897161773749
      vertex -1.0212023681346056 11.465400607078088 0.4422897161773749
    endloop
  endfacet
  facet normal -0.3643946052475801 0.6817343563841594 0.6343932841636457
    outer loop
      vertex -1.5516483363750564 11.322205841849229 0.2914828579090054
      vertex -1.0212023681346056 11.465400607078088 0.4422897161773749
      vertex -1.0687939632047156 11.580296881351316 0.2914828579090054
    endloop
  endfacet
  facet normal -0.18415464974584175 0.6070765223338198 0.7730104533627353
    outer loop
      vertex -1.126784489586 11.720298396630167 0.1677188678166508
      vertex -1.0687939632047156 11.580296881351316 0.2914828579090054
      vertex -0.5448664374149773 11.739228558750233 0.2914828579090054
    endloop
  endfacet
  facet normal -0.4157348061512736 0.7777851165097998 0.471396736825999
    outer loop
      vertex -1.4825560493129641 11.218801926876363 0.4422897161773749
      vertex -0.9858386226845406 11.38002497319623 0.6143440196319667
      vertex -1.0212023681346056 11.465400607078088 0.4422897161773749
    endloop
  endfacet
  facet normal -0.22439308996872678 0.7397248827654446 0.6343932841636457
    outer loop
      vertex -1.0687939632047156 11.580296881351316 0.2914828579090054
      vertex -1.0212023681346056 11.465400607078088 0.4422897161773749
      vertex -0.52060445264572 11.61725532456239 0.4422897161773749
    endloop
  endfacet
  facet normal -0.028452873945971662 0.09379655517448032 0.995184726672197
    outer loop
      vertex -0.6447558933120923 12.241406765228762 0.01912219546999383
      vertex -0.6828161270564489 12.432748481411306 0
      vertex -1.3393920132778143 12.233578363789503 0
    endloop
  endfacet
  facet normal -0.1368392496083406 0.45109855160133616 0.881921264348356
    outer loop
      vertex -1.1929454038710878 11.88002497319623 0.07575392663191494
      vertex -0.5744297513940791 11.887853374635487 0.1677188678166508
      vertex -0.6081582930061062 12.057418203893441 0.07575392663191494
    endloop
  endfacet
  facet normal -0.08426519384872762 0.2777851165098015 0.9569403357322088
    outer loop
      vertex -1.2647341792274716 12.053338408287766 0.01912219546999383
      vertex -0.6081582930061062 12.057418203893441 0.07575392663191494
      vertex -0.6447558933120923 12.241406765228762 0.01912219546999383
    endloop
  endfacet
  facet normal -0.18415464974584186 0.607076522333819 0.7730104533627359
    outer loop
      vertex -1.126784489586 11.720298396630167 0.1677188678166508
      vertex -0.5448664374149773 11.739228558750233 0.2914828579090054
      vertex -0.5744297513940791 11.887853374635487 0.1677188678166508
    endloop
  endfacet
  facet normal -0.028452873945972113 0.2888868771906093 0.9569403357322088
    outer loop
      vertex -0.6081582930061062 12.057418203893441 0.07575392663191494
      vertex 0 12.11731656763491 0.07575392663191494
      vertex -0.6447558933120923 12.241406765228762 0.01912219546999383
    endloop
  endfacet
  facet normal -0.046204960104370904 0.46912683269234356 0.8819212643483564
    outer loop
      vertex -0.6081582930061062 12.057418203893441 0.07575392663191494
      vertex 0 11.944429766980397 0.1677188678166508
      vertex 0 12.11731656763491 0.07575392663191494
    endloop
  endfacet
  facet normal -0.046204960104370765 0.46912683269234406 0.8819212643483562
    outer loop
      vertex -0.6081582930061062 12.057418203893441 0.07575392663191494
      vertex -0.5744297513940791 11.887853374635487 0.1677188678166508
      vertex 0 11.944429766980397 0.1677188678166508
    endloop
  endfacet
  facet normal -0.062181415557999185 0.6313385071030755 0.7730104533627363
    outer loop
      vertex -0.5744297513940791 11.887853374635487 0.1677188678166508
      vertex 0 11.792893218813452 0.2914828579090054
      vertex 0 11.944429766980397 0.1677188678166508
    endloop
  endfacet
  facet normal -0.22439308996872656 0.7397248827654455 0.6343932841636448
    outer loop
      vertex -1.0687939632047156 11.580296881351316 0.2914828579090054
      vertex -0.52060445264572 11.61725532456239 0.4422897161773749
      vertex -0.5448664374149773 11.739228558750233 0.2914828579090054
    endloop
  endfacet
  facet normal -0.25600822958520875 0.8439460307948896 0.471396736825997
    outer loop
      vertex -1.0212023681346056 11.465400607078088 0.4422897161773749
      vertex -0.5025761715547119 11.526621035058419 0.6143440196319667
      vertex -0.52060445264572 11.61725532456239 0.4422897161773749
    endloop
  endfacet
  facet normal -0.0757682740834731 0.7692881967445471 0.6343932841636447
    outer loop
      vertex -0.5448664374149773 11.739228558750233 0.2914828579090054
      vertex -0.52060445264572 11.61725532456239 0.4422897161773749
      vertex 0 11.668530387697455 0.4422897161773749
    endloop
  endfacet
  facet normal -0.08644340032725675 0.877674572406917 0.4713967368259957
    outer loop
      vertex -0.52060445264572 11.61725532456239 0.4422897161773749
      vertex 0 11.576120467488714 0.6143440196319667
      vertex 0 11.668530387697455 0.4422897161773749
    endloop
  endfacet
  facet normal -0.06218141555799893 0.6313385071030763 0.7730104533627359
    outer loop
      vertex -0.5744297513940791 11.887853374635487 0.1677188678166508
      vertex -0.5448664374149773 11.739228558750233 0.2914828579090054
      vertex 0 11.792893218813452 0.2914828579090054
    endloop
  endfacet
  facet normal -0.07576827408347273 0.7692881967445477 0.6343932841636437
    outer loop
      vertex -0.5448664374149773 11.739228558750233 0.2914828579090054
      vertex 0 11.668530387697455 0.4422897161773749
      vertex 0 11.792893218813452 0.2914828579090054
    endloop
  endfacet
  facet normal -0.009607359798384776 0.09754516100806371 0.995184726672197
    outer loop
      vertex -0.6447558933120923 12.241406765228762 0.01912219546999383
      vertex 0 12.304909677983872 0.01912219546999383
      vertex -0.6828161270564489 12.432748481411306 0
    endloop
  endfacet
  facet normal -0.02845287394597204 0.2888868771906097 0.9569403357322087
    outer loop
      vertex -0.6447558933120923 12.241406765228762 0.01912219546999383
      vertex 0 12.11731656763491 0.07575392663191494
      vertex 0 12.304909677983872 0.01912219546999383
    endloop
  endfacet
  facet normal -0.009607359798384837 0.09754516100806337 0.995184726672197
    outer loop
      vertex 0 12.304909677983872 0.01912219546999383
      vertex 0 12.5 0
      vertex -0.6828161270564489 12.432748481411306 0
    endloop
  endfacet
  facet normal -0.4510985516013381 0.8439460307948893 0.29028467725446105
    outer loop
      vertex -1.431215848409271 11.141965886347492 0.6143440196319667
      vertex -0.964061735759949 11.327450917436616 0.8010338178801852
      vertex -0.9858386226845406 11.38002497319623 0.6143440196319667
    endloop
  endfacet
  facet normal -0.2560082295852093 0.8439460307948881 0.47139673682599936
    outer loop
      vertex -1.0212023681346056 11.465400607078088 0.4422897161773749
      vertex -0.9858386226845406 11.38002497319623 0.6143440196319667
      vertex -0.5025761715547119 11.526621035058419 0.6143440196319667
    endloop
  endfacet
  facet normal -0.2777851165098008 0.9157348061512718 0.29028467725446555
    outer loop
      vertex -0.9858386226845406 11.38002497319623 0.6143440196319667
      vertex -0.49147441087390403 11.470808715155663 0.8010338178801852
      vertex -0.5025761715547119 11.526621035058419 0.6143440196319667
    endloop
  endfacet
  facet normal -0.2777851165097993 0.9157348061512737 0.2902846772544608
    outer loop
      vertex -0.9858386226845406 11.38002497319623 0.6143440196319667
      vertex -0.964061735759949 11.327450917436616 0.8010338178801852
      vertex -0.49147441087390403 11.470808715155663 0.8010338178801852
    endloop
  endfacet
  facet normal -0.08644340032725725 0.8776745724069163 0.471396736825997
    outer loop
      vertex -0.52060445264572 11.61725532456239 0.4422897161773749
      vertex -0.5025761715547119 11.526621035058419 0.6143440196319667
      vertex 0 11.576120467488714 0.6143440196319667
    endloop
  endfacet
  facet normal -0.09379655517448188 0.9523324064572575 0.2902846772544658
    outer loop
      vertex -0.5025761715547119 11.526621035058419 0.6143440196319667
      vertex -0.49147441087390403 11.470808715155663 0.8010338178801852
      vertex 0 11.51921471959677 0.8010338178801852
    endloop
  endfacet
  facet normal -0.09379655517448174 0.9523324064572575 0.29028467725446544
    outer loop
      vertex -0.5025761715547119 11.526621035058419 0.6143440196319667
      vertex 0 11.51921471959677 0.8010338178801852
      vertex 0 11.576120467488714 0.6143440196319667
    endloop
  endfacet
  facet normal -0.28888687719060724 0.9523324064572598 0.09801714032955364
    outer loop
      vertex -0.964061735759949 11.327450917436616 0.8010338178801852
      vertex -0.4877258050403206 11.451963201008077 0.9951847266721967
      vertex -0.49147441087390403 11.470808715155663 0.8010338178801852
    endloop
  endfacet
  facet normal -0.28888687719061035 0.9523324064572579 0.09801714032956248
    outer loop
      vertex -0.964061735759949 11.327450917436616 0.8010338178801852
      vertex -0.9567085809127245 11.309698831278217 0.9951847266721967
      vertex -0.4877258050403206 11.451963201008077 0.9951847266721967
    endloop
  endfacet
  facet normal -0.09754516100806539 0.9903926402016151 0.09801714032956069
    outer loop
      vertex -0.49147441087390403 11.470808715155663 0.8010338178801852
      vertex 0 11.5 0.9951847266721967
      vertex 0 11.51921471959677 0.8010338178801852
    endloop
  endfacet
  facet normal -0.09754516100806253 0.9903926402016162 0.09801714032955328
    outer loop
      vertex -0.49147441087390403 11.470808715155663 0.8010338178801852
      vertex -0.4877258050403206 11.451963201008077 0.9951847266721967
      vertex 0 11.5 0.9951847266721967
    endloop
  endfacet
  facet normal -0.7730104533627374 -0.6343932841636448 0
    outer loop
      vertex -2.078674030756363 7.611074417450995 0.9951847266721967
      vertex -1.7677669529663689 7.232233047033631 0.9951847266721967
      vertex -2.078674030756363 7.611074417450995 5
    endloop
  endfacet
  facet normal -0.6343932841636453 -0.7730104533627371 0
    outer loop
      vertex -1.7677669529663689 7.232233047033631 0.9951847266721967
      vertex -1.3889255825490054 6.921325969243637 0.9951847266721967
      vertex -1.7677669529663689 7.232233047033631 5
    endloop
  endfacet
  facet normal -0.4713967368259978 -0.8819212643483549 0
    outer loop
      vertex -1.3889255825490054 6.921325969243637 0.9951847266721967
      vertex -0.9567085809127245 6.690301168721783 0.9951847266721967
      vertex -1.3889255825490054 6.921325969243637 5
    endloop
  endfacet
  facet normal -0.0980171403295607 -0.9951847266721968 0
    outer loop
      vertex -0.4877258050403206 6.548036798991924 0.9951847266721967
      vertex 0 6.5 0.9951847266721967
      vertex -0.4877258050403206 6.548036798991924 5
    endloop
  endfacet
  facet normal -0.29028467725446205 -0.9569403357322089 0
    outer loop
      vertex -0.9567085809127245 6.690301168721783 0.9951847266721967
      vertex -0.4877258050403206 6.548036798991924 0.9951847266721967
      vertex -0.9567085809127245 6.690301168721783 5
    endloop
  endfacet
  facet normal -0.7730104533627374 -0.6343932841636448 0
    outer loop
      vertex -1.7677669529663689 7.232233047033631 0.9951847266721967
      vertex -1.7677669529663689 7.232233047033631 5
      vertex -2.078674030756363 7.611074417450995 5
    endloop
  endfacet
  facet normal -0.6343932841636453 -0.7730104533627371 0
    outer loop
      vertex -1.3889255825490054 6.921325969243637 0.9951847266721967
      vertex -1.3889255825490054 6.921325969243637 5
      vertex -1.7677669529663689 7.232233047033631 5
    endloop
  endfacet
  facet normal -0.4713967368259978 -0.8819212643483549 0
    outer loop
      vertex -0.9567085809127245 6.690301168721783 0.9951847266721967
      vertex -0.9567085809127245 6.690301168721783 5
      vertex -1.3889255825490054 6.921325969243637 5
    endloop
  endfacet
  facet normal -0.0980171403295607 -0.9951847266721968 -1.8959913049962313e-19
    outer loop
      vertex -0.4877258050403206 6.548036798991924 5
      vertex 0 6.5 0.9951847266721967
      vertex 0 6.5 5
    endloop
  endfacet
  facet normal -0.29028467725446205 -0.9569403357322089 0
    outer loop
      vertex -0.4877258050403206 6.548036798991924 0.9951847266721967
      vertex -0.4877258050403206 6.548036798991924 5
      vertex -0.9567085809127245 6.690301168721783 5
    endloop
  endfacet
  facet normal 0 0 1
    outer loop
      vertex -1.7677669529663689 7.232233047033631 5
      vertex -1.3889255825490054 6.921325969243637 5
      vertex -1.1313708498984762 7.8686291501015235 5
    endloop
  endfacet
  facet normal 0 0 1
    outer loop
      vertex -1.3889255825490054 6.921325969243637 5
      vertex -0.9567085809127245 6.690301168721783 5
      vertex -0.8889123728313635 7.669648620315927 5
    endloop
  endfacet
  facet normal 0 0 1
    outer loop
      vertex -1.3889255825490054 6.921325969243637 5
      vertex -0.8889123728313635 7.669648620315927 5
      vertex -1.1313708498984762 7.8686291501015235 5
    endloop
  endfacet
  facet normal 0 0 1
    outer loop
      vertex -0.9567085809127245 6.690301168721783 5
      vertex -0.4877258050403206 6.548036798991924 5
      vertex -0.6122934917841437 7.521792747981941 5
    endloop
  endfacet
  facet normal 0 0 1
    outer loop
      vertex -0.9567085809127245 6.690301168721783 5
      vertex -0.6122934917841437 7.521792747981941 5
      vertex -0.8889123728313635 7.669648620315927 5
    endloop
  endfacet
  facet normal 0 0 1
    outer loop
      vertex -0.4877258050403206 6.548036798991924 5
      vertex -0.3121445152258052 7.430743551354832 5
      vertex -0.6122934917841437 7.521792747981941 5
    endloop
  endfacet
  facet normal 0 0 1
    outer loop
      vertex -0.4877258050403206 6.548036798991924 5
      vertex 0 6.5 5
      vertex -0.3121445152258052 7.430743551354832 5
    endloop
  endfacet
  facet normal 0 0 1
    outer loop
      vertex -0.3121445152258052 7.430743551354832 5
      vertex 0 6.5 5
      vertex 0 7.4 5
    endloop
  endfacet
  facet normal -0.8819212643483545 -0.4713967368259986 0
    outer loop
      vertex -2.309698831278217 8.043291419087275 0.9951847266721967
      vertex -2.078674030756363 7.611074417450995 0.9951847266721967
      vertex -2.309698831278217 8.043291419087275 5
    endloop
  endfacet
  facet normal -0.9569403357322093 -0.2902846772544615 0
    outer loop
      vertex -2.451963201008076 8.51227419495968 0.9951847266721967
      vertex -2.309698831278217 8.043291419087275 0.9951847266721967
      vertex -2.451963201008076 8.51227419495968 5
    endloop
  endfacet
  facet normal -0.9951847266721968 -0.09801714032956084 2.0471101806789275e-19
    outer loop
      vertex -2.451963201008076 8.51227419495968 0.9951847266721967
      vertex -2.5 9 5
      vertex -2.5 9 0.9951847266721967
    endloop
  endfacet
  facet normal -0.9951847266721968 0.09801714032956084 -2.0471101806789275e-19
    outer loop
      vertex -2.5 9 0.9951847266721967
      vertex -2.451963201008076 9.48772580504032 5
      vertex -2.451963201008076 9.48772580504032 0.9951847266721967
    endloop
  endfacet
  facet normal -0.9569403357322093 0.2902846772544615 -1.8158008998558825e-18
    outer loop
      vertex -2.451963201008076 9.48772580504032 0.9951847266721967
      vertex -2.309698831278217 9.956708580912725 5
      vertex -2.309698831278217 9.956708580912725 0.9951847266721967
    endloop
  endfacet
  facet normal -0.8819212643483545 0.4713967368259986 2.7125471356239206e-18
    outer loop
      vertex -2.309698831278217 9.956708580912725 0.9951847266721967
      vertex -2.078674030756363 10.388925582549005 5
      vertex -2.078674030756363 10.388925582549005 0.9951847266721967
    endloop
  endfacet
  facet normal -0.7730104533627374 0.6343932841636448 4.643918202003011e-19
    outer loop
      vertex -2.078674030756363 10.388925582549005 0.9951847266721967
      vertex -1.7677669529663689 10.767766952966369 5
      vertex -1.7677669529663689 10.767766952966369 0.9951847266721967
    endloop
  endfacet
  facet normal -0.6343932841636464 0.7730104533627362 2.5631416031691933e-18
    outer loop
      vertex -1.7677669529663689 10.767766952966369 0.9951847266721967
      vertex -1.3889255825490054 11.078674030756364 5
      vertex -1.3889255825490054 11.078674030756364 0.9951847266721967
    endloop
  endfacet
  facet normal -0.47139673682599637 0.8819212643483556 -3.4835606743917074e-18
    outer loop
      vertex -1.3889255825490054 11.078674030756364 0.9951847266721967
      vertex -0.9567085809127245 11.309698831278217 5
      vertex -0.9567085809127245 11.309698831278217 0.9951847266721967
    endloop
  endfacet
  facet normal -0.2902846772544637 0.9569403357322085 2.6652757950812174e-18
    outer loop
      vertex -0.9567085809127245 11.309698831278217 0.9951847266721967
      vertex -0.4877258050403206 11.451963201008077 5
      vertex -0.4877258050403206 11.451963201008077 0.9951847266721967
    endloop
  endfacet
  facet normal -0.0980171403295589 0.9951847266721969 4.409536661174983e-19
    outer loop
      vertex -0.4877258050403206 11.451963201008077 0.9951847266721967
      vertex 0 11.5 5
      vertex 0 11.5 0.9951847266721967
    endloop
  endfacet
  facet normal -0.8819212643483545 -0.4713967368259986 0
    outer loop
      vertex -2.078674030756363 7.611074417450995 0.9951847266721967
      vertex -2.078674030756363 7.611074417450995 5
      vertex -2.309698831278217 8.043291419087275 5
    endloop
  endfacet
  facet normal -0.9569403357322093 -0.2902846772544615 0
    outer loop
      vertex -2.309698831278217 8.043291419087275 0.9951847266721967
      vertex -2.309698831278217 8.043291419087275 5
      vertex -2.451963201008076 8.51227419495968 5
    endloop
  endfacet
  facet normal -0.9951847266721968 -0.09801714032956084 0
    outer loop
      vertex -2.451963201008076 8.51227419495968 0.9951847266721967
      vertex -2.451963201008076 8.51227419495968 5
      vertex -2.5 9 5
    endloop
  endfacet
  facet normal -0.9951847266721968 0.09801714032956084 0
    outer loop
      vertex -2.5 9 0.9951847266721967
      vertex -2.5 9 5
      vertex -2.451963201008076 9.48772580504032 5
    endloop
  endfacet
  facet normal -0.9569403357322093 0.2902846772544615 0
    outer loop
      vertex -2.451963201008076 9.48772580504032 0.9951847266721967
      vertex -2.451963201008076 9.48772580504032 5
      vertex -2.309698831278217 9.956708580912725 5
    endloop
  endfacet
  facet normal -0.8819212643483545 0.4713967368259986 0
    outer loop
      vertex -2.309698831278217 9.956708580912725 0.9951847266721967
      vertex -2.309698831278217 9.956708580912725 5
      vertex -2.078674030756363 10.388925582549005 5
    endloop
  endfacet
  facet normal -0.7730104533627374 0.6343932841636448 0
    outer loop
      vertex -2.078674030756363 10.388925582549005 0.9951847266721967
      vertex -2.078674030756363 10.388925582549005 5
      vertex -1.7677669529663689 10.767766952966369 5
    endloop
  endfacet
  facet normal -0.6343932841636464 0.7730104533627362 0
    outer loop
      vertex -1.7677669529663689 10.767766952966369 0.9951847266721967
      vertex -1.7677669529663689 10.767766952966369 5
      vertex -1.3889255825490054 11.078674030756364 5
    endloop
  endfacet
  facet normal -0.47139673682599637 0.8819212643483556 0
    outer loop
      vertex -1.3889255825490054 11.078674030756364 0.9951847266721967
      vertex -1.3889255825490054 11.078674030756364 5
      vertex -0.9567085809127245 11.309698831278217 5
    endloop
  endfacet
  facet normal 0 0 1
    outer loop
      vertex -2.451963201008076 8.51227419495968 5
      vertex -2.309698831278217 8.043291419087275 5
      vertex -1.5692564486451688 8.687855484774195 5
    endloop
  endfacet
  facet normal 0 0 1
    outer loop
      vertex -2.078674030756363 7.611074417450995 5
      vertex -1.7677669529663689 7.232233047033631 5
      vertex -1.3303513796840725 8.111087627168637 5
    endloop
  endfacet
  facet normal 0 0 1
    outer loop
      vertex -2.309698831278217 8.043291419087275 5
      vertex -2.078674030756363 7.611074417450995 5
      vertex -1.478207252018059 8.387706508215857 5
    endloop
  endfacet
  facet normal 0 0 1
    outer loop
      vertex -2.309698831278217 8.043291419087275 5
      vertex -1.478207252018059 8.387706508215857 5
      vertex -1.5692564486451688 8.687855484774195 5
    endloop
  endfacet
  facet normal 0 0 1
    outer loop
      vertex -2.451963201008076 8.51227419495968 5
      vertex -1.6 9 5
      vertex -2.5 9 5
    endloop
  endfacet
  facet normal 0 0 1
    outer loop
      vertex -2.5 9 5
      vertex -1.5692564486451688 9.312144515225805 5
      vertex -2.451963201008076 9.48772580504032 5
    endloop
  endfacet
  facet normal 0 0 1
    outer loop
      vertex -2.451963201008076 8.51227419495968 5
      vertex -1.5692564486451688 8.687855484774195 5
      vertex -1.6 9 5
    endloop
  endfacet
  facet normal 0 0 1
    outer loop
      vertex -2.5 9 5
      vertex -1.6 9 5
      vertex -1.5692564486451688 9.312144515225805 5
    endloop
  endfacet
  facet normal 0 0 1
    outer loop
      vertex -2.451963201008076 9.48772580504032 5
      vertex -1.478207252018059 9.612293491784143 5
      vertex -2.309698831278217 9.956708580912725 5
    endloop
  endfacet
  facet normal 0 0 1
    outer loop
      vertex -2.451963201008076 9.48772580504032 5
      vertex -1.5692564486451688 9.312144515225805 5
      vertex -1.478207252018059 9.612293491784143 5
    endloop
  endfacet
  facet normal 0 0 1
    outer loop
      vertex -2.309698831278217 9.956708580912725 5
      vertex -1.478207252018059 9.612293491784143 5
      vertex -1.3303513796840725 9.888912372831363 5
    endloop
  endfacet
  facet normal 0 0 1
    outer loop
      vertex -2.309698831278217 9.956708580912725 5
      vertex -1.3303513796840725 9.888912372831363 5
      vertex -2.078674030756363 10.388925582549005 5
    endloop
  endfacet
  facet normal 0 0 1
    outer loop
      vertex -1.7677669529663689 7.232233047033631 5
      vertex -1.1313708498984762 7.8686291501015235 5
      vertex -1.3303513796840725 8.111087627168637 5
    endloop
  endfacet
  facet normal 0 0 1
    outer loop
      vertex -2.078674030756363 7.611074417450995 5
      vertex -1.3303513796840725 8.111087627168637 5
      vertex -1.478207252018059 8.387706508215857 5
    endloop
  endfacet
  facet normal 0 0 1
    outer loop
      vertex -2.078674030756363 10.388925582549005 5
      vertex -1.3303513796840725 9.888912372831363 5
      vertex -1.1313708498984762 10.131370849898476 5
    endloop
  endfacet
  facet normal 0 0 1
    outer loop
      vertex -2.078674030756363 10.388925582549005 5
      vertex -1.1313708498984762 10.131370849898476 5
      vertex -1.7677669529663689 10.767766952966369 5
    endloop
  endfacet
  facet normal 0 0 1
    outer loop
      vertex -1.7677669529663689 10.767766952966369 5
      vertex -0.8889123728313635 10.330351379684073 5
      vertex -1.3889255825490054 11.078674030756364 5
    endloop
  endfacet
  facet normal 0 0 1
    outer loop
      vertex -1.7677669529663689 10.767766952966369 5
      vertex -1.1313708498984762 10.131370849898476 5
      vertex -0.8889123728313635 10.330351379684073 5
    endloop
  endfacet
  facet normal 0 0 1
    outer loop
      vertex -1.3889255825490054 11.078674030756364 5
      vertex -0.8889123728313635 10.330351379684073 5
      vertex -0.6122934917841436 10.47820725201806 5
    endloop
  endfacet
  facet normal 0 0 1
    outer loop
      vertex -1.3889255825490054 11.078674030756364 5
      vertex -0.6122934917841436 10.47820725201806 5
      vertex -0.9567085809127245 11.309698831278217 5
    endloop
  endfacet
  facet normal 0 0 1
    outer loop
      vertex -0.9567085809127245 11.309698831278217 5
      vertex -0.6122934917841436 10.47820725201806 5
      vertex -0.3121445152258052 10.569256448645168 5
    endloop
  endfacet
  facet normal 0 0 1
    outer loop
      vertex -0.9567085809127245 11.309698831278217 5
      vertex -0.3121445152258052 10.569256448645168 5
      vertex -0.4877258050403206 11.451963201008077 5
    endloop
  endfacet
  facet normal 0 0 1
    outer loop
      vertex -0.4877258050403206 11.451963201008077 5
      vertex -0.3121445152258052 10.569256448645168 5
      vertex 0 10.6 5
    endloop
  endfacet
  facet normal 0 0 1
    outer loop
      vertex -0.4877258050403206 11.451963201008077 5
      vertex 0 10.6 5
      vertex 0 11.5 5
    endloop
  endfacet
  facet normal -0.2902846772544637 0.9569403357322085 0
    outer loop
      vertex -0.9567085809127245 11.309698831278217 0.9951847266721967
      vertex -0.9567085809127245 11.309698831278217 5
      vertex -0.4877258050403206 11.451963201008077 5
    endloop
  endfacet
  facet normal -0.0980171403295589 0.9951847266721969 0
    outer loop
      vertex -0.4877258050403206 11.451963201008077 0.9951847266721967
      vertex -0.4877258050403206 11.451963201008077 5
      vertex 0 11.5 5
    endloop
  endfacet
  facet normal 0.009607359798384712 -0.09754516100806337 0.995184726672197
    outer loop
      vertex 0 5.695090322016128 0.01912219546999383
      vertex 0 5.5 0
      vertex 0.6828161270564489 5.5672515185886935 0
    endloop
  endfacet
  facet normal 0.046204960104370904 -0.46912683269234356 0.8819212643483564
    outer loop
      vertex 0 5.88268343236509 0.07575392663191494
      vertex 0.6081582930061062 5.942581796106559 0.07575392663191494
      vertex 0 6.055570233019603 0.1677188678166508
    endloop
  endfacet
  facet normal 0.02845287394597204 -0.2888868771906097 0.9569403357322087
    outer loop
      vertex 0 5.695090322016128 0.01912219546999383
      vertex 0.6447558933120923 5.758593234771238 0.01912219546999383
      vertex 0 5.88268343236509 0.07575392663191494
    endloop
  endfacet
  facet normal 0.028452873945972113 -0.2888868771906093 0.9569403357322088
    outer loop
      vertex 0 5.88268343236509 0.07575392663191494
      vertex 0.6447558933120923 5.758593234771238 0.01912219546999383
      vertex 0.6081582930061062 5.942581796106559 0.07575392663191494
    endloop
  endfacet
  facet normal 0.046204960104370765 -0.46912683269234406 0.881921264348356
    outer loop
      vertex 0 6.055570233019603 0.1677188678166508
      vertex 0.6081582930061062 5.942581796106559 0.07575392663191494
      vertex 0.5744297513940791 6.112146625364513 0.1677188678166508
    endloop
  endfacet
  facet normal 0.062181415557999185 -0.6313385071030755 0.7730104533627363
    outer loop
      vertex 0 6.055570233019603 0.1677188678166508
      vertex 0.5744297513940791 6.112146625364513 0.1677188678166508
      vertex 0 6.207106781186548 0.2914828579090054
    endloop
  endfacet
  facet normal 0.009607359798384731 -0.09754516100806325 0.995184726672197
    outer loop
      vertex 0 5.695090322016128 0.01912219546999383
      vertex 0.6828161270564489 5.5672515185886935 0
      vertex 0.6447558933120923 5.758593234771238 0.01912219546999383
    endloop
  endfacet
  facet normal 0.08426519384872762 -0.2777851165098015 0.9569403357322088
    outer loop
      vertex 0.6447558933120923 5.758593234771238 0.01912219546999383
      vertex 1.2647341792274716 5.946661591712234 0.01912219546999383
      vertex 0.6081582930061062 5.942581796106559 0.07575392663191494
    endloop
  endfacet
  facet normal 0.1368392496083406 -0.45109855160133616 0.881921264348356
    outer loop
      vertex 0.6081582930061062 5.942581796106559 0.07575392663191494
      vertex 1.1929454038710878 6.11997502680377 0.07575392663191494
      vertex 0.5744297513940791 6.112146625364513 0.1677188678166508
    endloop
  endfacet
  facet normal 0.18415464974584186 -0.607076522333819 0.7730104533627359
    outer loop
      vertex 0.5744297513940791 6.112146625364513 0.1677188678166508
      vertex 1.126784489586 6.279701603369833 0.1677188678166508
      vertex 0.5448664374149773 6.2607714412497675 0.2914828579090054
    endloop
  endfacet
  facet normal 0.07576827408347273 -0.7692881967445477 0.6343932841636437
    outer loop
      vertex 0 6.207106781186548 0.2914828579090054
      vertex 0.5448664374149773 6.2607714412497675 0.2914828579090054
      vertex 0 6.331469612302545 0.4422897161773749
    endloop
  endfacet
  facet normal 0.062181415557998936 -0.6313385071030763 0.7730104533627358
    outer loop
      vertex 0 6.207106781186548 0.2914828579090054
      vertex 0.5744297513940791 6.112146625364513 0.1677188678166508
      vertex 0.5448664374149773 6.2607714412497675 0.2914828579090054
    endloop
  endfacet
  facet normal 0.08644340032725675 -0.877674572406917 0.4713967368259957
    outer loop
      vertex 0 6.331469612302545 0.4422897161773749
      vertex 0.52060445264572 6.3827446754376105 0.4422897161773749
      vertex 0 6.423879532511286 0.6143440196319667
    endloop
  endfacet
  facet normal 0.07576827408347309 -0.7692881967445471 0.6343932841636447
    outer loop
      vertex 0 6.331469612302545 0.4422897161773749
      vertex 0.5448664374149773 6.2607714412497675 0.2914828579090054
      vertex 0.52060445264572 6.3827446754376105 0.4422897161773749
    endloop
  endfacet
  facet normal 0.22439308996872775 -0.7397248827654452 0.6343932841636448
    outer loop
      vertex 0.5448664374149773 6.2607714412497675 0.2914828579090054
      vertex 1.0687939632047156 6.419703118648685 0.2914828579090054
      vertex 0.52060445264572 6.3827446754376105 0.4422897161773749
    endloop
  endfacet
  facet normal 0.2560082295852101 -0.8439460307948892 0.471396736825997
    outer loop
      vertex 0.52060445264572 6.3827446754376105 0.4422897161773749
      vertex 1.0212023681346056 6.534599392921913 0.4422897161773749
      vertex 0.5025761715547119 6.473378964941581 0.6143440196319667
    endloop
  endfacet
  facet normal 0.02845287394597166 -0.09379655517447989 0.995184726672197
    outer loop
      vertex 0.6447558933120923 5.758593234771238 0.01912219546999383
      vertex 0.6828161270564489 5.5672515185886935 0
      vertex 1.3393920132778143 5.766421636210497 0
    endloop
  endfacet
  facet normal 0.0842651938487276 -0.2777851165098024 0.9569403357322085
    outer loop
      vertex 0.6081582930061062 5.942581796106559 0.07575392663191494
      vertex 1.2647341792274716 5.946661591712234 0.01912219546999383
      vertex 1.1929454038710878 6.11997502680377 0.07575392663191494
    endloop
  endfacet
  facet normal 0.028452873945971662 -0.09379655517447999 0.995184726672197
    outer loop
      vertex 0.6447558933120923 5.758593234771238 0.01912219546999383
      vertex 1.3393920132778143 5.766421636210497 0
      vertex 1.2647341792274716 5.946661591712234 0.01912219546999383
    endloop
  endfacet
  facet normal 0.13683924960834057 -0.451098551601337 0.8819212643483555
    outer loop
      vertex 0.5744297513940791 6.112146625364513 0.1677188678166508
      vertex 1.1929454038710878 6.11997502680377 0.07575392663191494
      vertex 1.126784489586 6.279701603369833 0.1677188678166508
    endloop
  endfacet
  facet normal 0.046204960104370245 -0.08644340032725556 0.995184726672197
    outer loop
      vertex 1.2647341792274716 5.946661591712234 0.01912219546999383
      vertex 1.3393920132778143 5.766421636210497 0
      vertex 1.9444958155686076 6.089856356941091 0
    endloop
  endfacet
  facet normal 0.13683924960834187 -0.2560082295852108 0.9569403357322086
    outer loop
      vertex 1.1929454038710878 6.11997502680377 0.07575392663191494
      vertex 1.2647341792274716 5.946661591712234 0.01912219546999383
      vertex 1.8361094399062379 6.25206803135182 0.01912219546999383
    endloop
  endfacet
  facet normal 0.22221488349019872 -0.41573480615127156 0.8819212643483556
    outer loop
      vertex 1.1929454038710878 6.11997502680377 0.07575392663191494
      vertex 1.7318882918767933 6.4080460020843 0.07575392663191494
      vertex 1.126784489586 6.279701603369833 0.1677188678166508
    endloop
  endfacet
  facet normal 0.0462049601043702 -0.08644340032725534 0.995184726672197
    outer loop
      vertex 1.2647341792274716 5.946661591712234 0.01912219546999383
      vertex 1.9444958155686076 6.089856356941091 0
      vertex 1.8361094399062379 6.25206803135182 0.01912219546999383
    endloop
  endfacet
  facet normal 0.13683924960834168 -0.2560082295852096 0.9569403357322089
    outer loop
      vertex 1.1929454038710878 6.11997502680377 0.07575392663191494
      vertex 1.8361094399062379 6.25206803135182 0.01912219546999383
      vertex 1.7318882918767933 6.4080460020843 0.07575392663191494
    endloop
  endfacet
  facet normal 0.2990509240190709 -0.559484927263707 0.7730104533627371
    outer loop
      vertex 1.0687939632047156 6.419703118648685 0.2914828579090054
      vertex 1.126784489586 6.279701603369833 0.1677188678166508
      vertex 1.6358375317511522 6.551796123196736 0.1677188678166508
    endloop
  endfacet
  facet normal 0.2222148834901986 -0.415734806151271 0.8819212643483558
    outer loop
      vertex 1.126784489586 6.279701603369833 0.1677188678166508
      vertex 1.7318882918767933 6.4080460020843 0.07575392663191494
      vertex 1.6358375317511522 6.551796123196736 0.1677188678166508
    endloop
  endfacet
  facet normal 0.18415464974584206 -0.6070765223338174 0.7730104533627371
    outer loop
      vertex 0.5448664374149773 6.2607714412497675 0.2914828579090054
      vertex 1.126784489586 6.279701603369833 0.1677188678166508
      vertex 1.0687939632047156 6.419703118648685 0.2914828579090054
    endloop
  endfacet
  facet normal 0.36439460524757916 -0.6817343563841599 0.6343932841636457
    outer loop
      vertex 1.0687939632047156 6.419703118648685 0.2914828579090054
      vertex 1.5516483363750564 6.677794158150771 0.2914828579090054
      vertex 1.0212023681346056 6.534599392921913 0.4422897161773749
    endloop
  endfacet
  facet normal 0.224393089968728 -0.7397248827654442 0.6343932841636458
    outer loop
      vertex 0.52060445264572 6.3827446754376105 0.4422897161773749
      vertex 1.0687939632047156 6.419703118648685 0.2914828579090054
      vertex 1.0212023681346056 6.534599392921913 0.4422897161773749
    endloop
  endfacet
  facet normal 0.29905092401907096 -0.5594849272637086 0.7730104533627359
    outer loop
      vertex 1.0687939632047156 6.419703118648685 0.2914828579090054
      vertex 1.6358375317511522 6.551796123196736 0.1677188678166508
      vertex 1.5516483363750564 6.677794158150771 0.2914828579090054
    endloop
  endfacet
  facet normal 0.41573480615127323 -0.7777851165098018 0.4713967368259958
    outer loop
      vertex 1.0212023681346056 6.534599392921913 0.4422897161773749
      vertex 1.4825560493129641 6.781198073123637 0.4422897161773749
      vertex 0.9858386226845406 6.61997502680377 0.6143440196319667
    endloop
  endfacet
  facet normal 0.49039264020161516 -0.5975451610080637 0.6343932841636462
    outer loop
      vertex 1.5516483363750564 6.677794158150771 0.2914828579090054
      vertex 1.9748737341529161 7.025126265847084 0.2914828579090054
      vertex 1.4825560493129641 6.781198073123637 0.4422897161773749
    endloop
  endfacet
  facet normal 0.3643946052475792 -0.6817343563841597 0.634393284163646
    outer loop
      vertex 1.0212023681346056 6.534599392921913 0.4422897161773749
      vertex 1.5516483363750564 6.677794158150771 0.2914828579090054
      vertex 1.4825560493129641 6.781198073123637 0.4422897161773749
    endloop
  endfacet
  facet normal 0.559484927263708 -0.6817343563841612 0.47139673682599537
    outer loop
      vertex 1.4825560493129641 6.781198073123637 0.4422897161773749
      vertex 1.8869359329432371 7.113064067056763 0.4422897161773749
      vertex 1.431215848409271 6.858034113652508 0.6143440196319667
    endloop
  endfacet
  facet normal 0.08644340032725725 -0.8776745724069163 0.471396736825997
    outer loop
      vertex 0 6.423879532511286 0.6143440196319667
      vertex 0.52060445264572 6.3827446754376105 0.4422897161773749
      vertex 0.5025761715547119 6.473378964941581 0.6143440196319667
    endloop
  endfacet
  facet normal 0.09379655517448174 -0.9523324064572575 0.29028467725446544
    outer loop
      vertex 0 6.423879532511286 0.6143440196319667
      vertex 0.5025761715547119 6.473378964941581 0.6143440196319667
      vertex 0 6.48078528040323 0.8010338178801852
    endloop
  endfacet
  facet normal 0.09379655517448188 -0.9523324064572575 0.2902846772544658
    outer loop
      vertex 0.5025761715547119 6.473378964941581 0.6143440196319667
      vertex 0.49147441087390403 6.529191284844337 0.8010338178801852
      vertex 0 6.48078528040323 0.8010338178801852
    endloop
  endfacet
  facet normal 0.25600822958520986 -0.84394603079489 0.47139673682599603
    outer loop
      vertex 0.5025761715547119 6.473378964941581 0.6143440196319667
      vertex 1.0212023681346056 6.534599392921913 0.4422897161773749
      vertex 0.9858386226845406 6.61997502680377 0.6143440196319667
    endloop
  endfacet
  facet normal 0.2777851165098008 -0.9157348061512718 0.2902846772544656
    outer loop
      vertex 0.5025761715547119 6.473378964941581 0.6143440196319667
      vertex 0.9858386226845406 6.61997502680377 0.6143440196319667
      vertex 0.49147441087390403 6.529191284844337 0.8010338178801852
    endloop
  endfacet
  facet normal 0.09754516100806539 -0.9903926402016151 0.0980171403295607
    outer loop
      vertex 0 6.48078528040323 0.8010338178801852
      vertex 0.49147441087390403 6.529191284844337 0.8010338178801852
      vertex 0 6.5 0.9951847266721967
    endloop
  endfacet
  facet normal 0.09754516100806425 -0.9903926402016154 0.09801714032955779
    outer loop
      vertex 0 6.5 0.9951847266721967
      vertex 0.49147441087390403 6.529191284844337 0.8010338178801852
      vertex 0.4877258050403206 6.548036798991924 0.9951847266721967
    endloop
  endfacet
  facet normal 0.2777851165097993 -0.9157348061512737 0.2902846772544608
    outer loop
      vertex 0.49147441087390403 6.529191284844337 0.8010338178801852
      vertex 0.9858386226845406 6.61997502680377 0.6143440196319667
      vertex 0.964061735759949 6.672549082563384 0.8010338178801852
    endloop
  endfacet
  facet normal 0.2888868771906071 -0.9523324064572595 0.09801714032955798
    outer loop
      vertex 0.49147441087390403 6.529191284844337 0.8010338178801852
      vertex 0.964061735759949 6.672549082563384 0.8010338178801852
      vertex 0.4877258050403206 6.548036798991924 0.9951847266721967
    endloop
  endfacet
  facet normal 0.2888868771906087 -0.9523324064572585 0.09801714032956249
    outer loop
      vertex 0.4877258050403206 6.548036798991924 0.9951847266721967
      vertex 0.964061735759949 6.672549082563384 0.8010338178801852
      vertex 0.9567085809127245 6.690301168721783 0.9951847266721967
    endloop
  endfacet
  facet normal 0.45109855160133816 -0.8439460307948894 0.2902846772544611
    outer loop
      vertex 0.9858386226845406 6.61997502680377 0.6143440196319667
      vertex 1.431215848409271 6.858034113652508 0.6143440196319667
      vertex 0.964061735759949 6.672549082563384 0.8010338178801852
    endloop
  endfacet
  facet normal 0.4510985516013386 -0.8439460307948881 0.2902846772544637
    outer loop
      vertex 1.431215848409271 6.858034113652508 0.6143440196319667
      vertex 1.399600708792789 6.905349513790009 0.8010338178801852
      vertex 0.964061735759949 6.672549082563384 0.8010338178801852
    endloop
  endfacet
  facet normal 0.41573480615127323 -0.7777851165098022 0.4713967368259953
    outer loop
      vertex 0.9858386226845406 6.61997502680377 0.6143440196319667
      vertex 1.4825560493129641 6.781198073123637 0.4422897161773749
      vertex 1.431215848409271 6.858034113652508 0.6143440196319667
    endloop
  endfacet
  facet normal 0.6070765223338173 -0.7397248827654442 0.2902846772544635
    outer loop
      vertex 1.431215848409271 6.858034113652508 0.6143440196319667
      vertex 1.8215922517147283 7.178407748285272 0.6143440196319667
      vertex 1.399600708792789 6.905349513790009 0.8010338178801852
    endloop
  endfacet
  facet normal 0.6070765223338171 -0.7397248827654452 0.2902846772544616
    outer loop
      vertex 1.399600708792789 6.905349513790009 0.8010338178801852
      vertex 1.8215922517147283 7.178407748285272 0.6143440196319667
      vertex 1.7813538114918428 7.218646188508157 0.8010338178801852
    endloop
  endfacet
  facet normal 0.4691268326923469 -0.8776745724069153 0.09801714032956235
    outer loop
      vertex 0.964061735759949 6.672549082563384 0.8010338178801852
      vertex 1.399600708792789 6.905349513790009 0.8010338178801852
      vertex 0.9567085809127245 6.690301168721783 0.9951847266721967
    endloop
  endfacet
  facet normal 0.4691268326923462 -0.877674572406916 0.09801714032955997
    outer loop
      vertex 0.9567085809127245 6.690301168721783 0.9951847266721967
      vertex 1.399600708792789 6.905349513790009 0.8010338178801852
      vertex 1.3889255825490054 6.921325969243637 0.9951847266721967
    endloop
  endfacet
  facet normal 0.6313385071030743 -0.769288196744547 0.0980171403295601
    outer loop
      vertex 1.399600708792789 6.905349513790009 0.8010338178801852
      vertex 1.7813538114918428 7.218646188508157 0.8010338178801852
      vertex 1.3889255825490054 6.921325969243637 0.9951847266721967
    endloop
  endfacet
  facet normal 0.6313385071030746 -0.7692881967445465 0.09801714032956156
    outer loop
      vertex 1.3889255825490054 6.921325969243637 0.9951847266721967
      vertex 1.7813538114918428 7.218646188508157 0.8010338178801852
      vertex 1.7677669529663689 7.232233047033631 0.9951847266721967
    endloop
  endfacet
  facet normal 0.062181415557998186 -0.07576827408347182 0.995184726672197
    outer loop
      vertex 1.8361094399062379 6.25206803135182 0.01912219546999383
      vertex 1.9444958155686076 6.089856356941091 0
      vertex 2.4748737341529163 6.525126265847083 0
    endloop
  endfacet
  facet normal 0.18415464974584228 -0.22439308996872787 0.9569403357322089
    outer loop
      vertex 1.7318882918767933 6.4080460020843 0.07575392663191494
      vertex 1.8361094399062379 6.25206803135182 0.01912219546999383
      vertex 2.336924044511445 6.663075955488555 0.01912219546999383
    endloop
  endfacet
  facet normal 0.062181415557998214 -0.0757682740834719 0.995184726672197
    outer loop
      vertex 1.8361094399062379 6.25206803135182 0.01912219546999383
      vertex 2.4748737341529163 6.525126265847083 0
      vertex 2.336924044511445 6.663075955488555 0.01912219546999383
    endloop
  endfacet
  facet normal 0.2990509240190693 -0.3643946052475783 0.8819212643483558
    outer loop
      vertex 1.7318882918767933 6.4080460020843 0.07575392663191494
      vertex 2.2042756840798177 6.795724315920182 0.07575392663191494
      vertex 1.6358375317511522 6.551796123196736 0.1677188678166508
    endloop
  endfacet
  facet normal 0.1841546497458423 -0.22439308996872792 0.9569403357322088
    outer loop
      vertex 1.7318882918767933 6.4080460020843 0.07575392663191494
      vertex 2.336924044511445 6.663075955488555 0.01912219546999383
      vertex 2.2042756840798177 6.795724315920182 0.07575392663191494
    endloop
  endfacet
  facet normal 0.40245483899193624 -0.4903926402016163 0.773010453362736
    outer loop
      vertex 1.6358375317511522 6.551796123196736 0.1677188678166508
      vertex 2.082026254959365 6.917973745040635 0.1677188678166508
      vertex 1.5516483363750564 6.677794158150771 0.2914828579090054
    endloop
  endfacet
  facet normal 0.2990509240190695 -0.3643946052475787 0.8819212643483556
    outer loop
      vertex 1.6358375317511522 6.551796123196736 0.1677188678166508
      vertex 2.2042756840798177 6.795724315920182 0.07575392663191494
      vertex 2.082026254959365 6.917973745040635 0.1677188678166508
    endloop
  endfacet
  facet normal 0.3643946052475786 -0.29905092401906974 0.8819212643483554
    outer loop
      vertex 2.082026254959365 6.917973745040635 0.1677188678166508
      vertex 2.2042756840798177 6.795724315920182 0.07575392663191494
      vertex 2.5919539979156996 7.2681117081232065 0.07575392663191494
    endloop
  endfacet
  facet normal 0.224393089968728 -0.18415464974584228 0.9569403357322088
    outer loop
      vertex 2.2042756840798177 6.795724315920182 0.07575392663191494
      vertex 2.336924044511445 6.663075955488555 0.01912219546999383
      vertex 2.7479319686481793 7.163890560093762 0.01912219546999383
    endloop
  endfacet
  facet normal 0.2243930899687282 -0.18415464974584259 0.9569403357322087
    outer loop
      vertex 2.2042756840798177 6.795724315920182 0.07575392663191494
      vertex 2.7479319686481793 7.163890560093762 0.01912219546999383
      vertex 2.5919539979156996 7.2681117081232065 0.07575392663191494
    endloop
  endfacet
  facet normal 0.49039264020161516 -0.40245483899193546 0.7730104533627373
    outer loop
      vertex 1.9748737341529161 7.025126265847084 0.2914828579090054
      vertex 2.082026254959365 6.917973745040635 0.1677188678166508
      vertex 2.4482038768032646 7.364162468248848 0.1677188678166508
    endloop
  endfacet
  facet normal 0.3643946052475784 -0.2990509240190694 0.8819212643483557
    outer loop
      vertex 2.082026254959365 6.917973745040635 0.1677188678166508
      vertex 2.5919539979156996 7.2681117081232065 0.07575392663191494
      vertex 2.4482038768032646 7.364162468248848 0.1677188678166508
    endloop
  endfacet
  facet normal 0.4024548389919358 -0.4903926402016148 0.7730104533627373
    outer loop
      vertex 1.5516483363750564 6.677794158150771 0.2914828579090054
      vertex 2.082026254959365 6.917973745040635 0.1677188678166508
      vertex 1.9748737341529161 7.025126265847084 0.2914828579090054
    endloop
  endfacet
  facet normal 0.49039264020161527 -0.5975451610080647 0.6343932841636447
    outer loop
      vertex 1.4825560493129641 6.781198073123637 0.4422897161773749
      vertex 1.9748737341529161 7.025126265847084 0.2914828579090054
      vertex 1.8869359329432371 7.113064067056763 0.4422897161773749
    endloop
  endfacet
  facet normal 0.5975451610080647 -0.49039264020161555 0.6343932841636447
    outer loop
      vertex 1.9748737341529161 7.025126265847084 0.2914828579090054
      vertex 2.322205841849229 7.448351663624944 0.2914828579090054
      vertex 1.8869359329432371 7.113064067056763 0.4422897161773749
    endloop
  endfacet
  facet normal 0.6817343563841609 -0.5594849272637076 0.47139673682599625
    outer loop
      vertex 1.8869359329432371 7.113064067056763 0.4422897161773749
      vertex 2.2188019268763632 7.517443950687036 0.4422897161773749
      vertex 1.8215922517147283 7.178407748285272 0.6143440196319667
    endloop
  endfacet
  facet normal 0.4903926402016152 -0.40245483899193574 0.773010453362737
    outer loop
      vertex 1.9748737341529161 7.025126265847084 0.2914828579090054
      vertex 2.4482038768032646 7.364162468248848 0.1677188678166508
      vertex 2.322205841849229 7.448351663624944 0.2914828579090054
    endloop
  endfacet
  facet normal 0.5975451610080645 -0.49039264020161505 0.6343932841636452
    outer loop
      vertex 1.8869359329432371 7.113064067056763 0.4422897161773749
      vertex 2.322205841849229 7.448351663624944 0.2914828579090054
      vertex 2.2188019268763632 7.517443950687036 0.4422897161773749
    endloop
  endfacet
  facet normal 0.0757682740834719 -0.06218141555799825 0.995184726672197
    outer loop
      vertex 2.336924044511445 6.663075955488555 0.01912219546999383
      vertex 2.4748737341529163 6.525126265847083 0
      vertex 2.9101436430589085 7.055504184431392 0
    endloop
  endfacet
  facet normal 0.07576827408347181 -0.0621814155579981 0.995184726672197
    outer loop
      vertex 2.336924044511445 6.663075955488555 0.01912219546999383
      vertex 2.9101436430589085 7.055504184431392 0
      vertex 2.7479319686481793 7.163890560093762 0.01912219546999383
    endloop
  endfacet
  facet normal 0.4157348061512718 -0.22221488349019827 0.8819212643483556
    outer loop
      vertex 2.5919539979156996 7.2681117081232065 0.07575392663191494
      vertex 2.8800249731962295 7.807054596128912 0.07575392663191494
      vertex 2.4482038768032646 7.364162468248848 0.1677188678166508
    endloop
  endfacet
  facet normal 0.25600822958521013 -0.13683924960834173 0.9569403357322087
    outer loop
      vertex 2.5919539979156996 7.2681117081232065 0.07575392663191494
      vertex 2.7479319686481793 7.163890560093762 0.01912219546999383
      vertex 3.0533384082877664 7.735265820772528 0.01912219546999383
    endloop
  endfacet
  facet normal 0.08644340032725525 -0.0462049601043702 0.995184726672197
    outer loop
      vertex 2.7479319686481793 7.163890560093762 0.01912219546999383
      vertex 2.9101436430589085 7.055504184431392 0
      vertex 3.2335783637895035 7.6606079867221855 0
    endloop
  endfacet
  facet normal 0.559484927263708 -0.6817343563841607 0.4713967368259962
    outer loop
      vertex 1.431215848409271 6.858034113652508 0.6143440196319667
      vertex 1.8869359329432371 7.113064067056763 0.4422897161773749
      vertex 1.8215922517147283 7.178407748285272 0.6143440196319667
    endloop
  endfacet
  facet normal 0.6817343563841611 -0.5594849272637079 0.471396736825996
    outer loop
      vertex 1.8215922517147283 7.178407748285272 0.6143440196319667
      vertex 2.2188019268763632 7.517443950687036 0.4422897161773749
      vertex 2.141965886347492 7.568784151590729 0.6143440196319667
    endloop
  endfacet
  facet normal 0.7397248827654448 -0.6070765223338174 0.2902846772544618
    outer loop
      vertex 1.8215922517147283 7.178407748285272 0.6143440196319667
      vertex 2.141965886347492 7.568784151590729 0.6143440196319667
      vertex 1.7813538114918428 7.218646188508157 0.8010338178801852
    endloop
  endfacet
  facet normal 0.7397248827654449 -0.6070765223338171 0.2902846772544622
    outer loop
      vertex 2.141965886347492 7.568784151590729 0.6143440196319667
      vertex 2.094650486209991 7.600399291207211 0.8010338178801852
      vertex 1.7813538114918428 7.218646188508157 0.8010338178801852
    endloop
  endfacet
  facet normal 0.7692881967445467 -0.6313385071030745 0.09801714032956153
    outer loop
      vertex 1.7813538114918428 7.218646188508157 0.8010338178801852
      vertex 2.094650486209991 7.600399291207211 0.8010338178801852
      vertex 1.7677669529663689 7.232233047033631 0.9951847266721967
    endloop
  endfacet
  facet normal 0.7692881967445467 -0.631338507103074 0.09801714032956224
    outer loop
      vertex 2.094650486209991 7.600399291207211 0.8010338178801852
      vertex 2.078674030756363 7.611074417450995 0.9951847266721967
      vertex 1.7677669529663689 7.232233047033631 0.9951847266721967
    endloop
  endfacet
  facet normal 0.49039264020161466 0.597545161008064 0.634393284163646
    outer loop
      vertex 1.5516483363750564 11.322205841849229 0.2914828579090054
      vertex 1.4825560493129641 11.218801926876363 0.4422897161773749
      vertex 1.8869359329432371 10.886935932943237 0.4422897161773749
    endloop
  endfacet
  facet normal 0.5594849272637082 0.6817343563841611 0.4713967368259954
    outer loop
      vertex 1.4825560493129641 11.218801926876363 0.4422897161773749
      vertex 1.431215848409271 11.141965886347492 0.6143440196319667
      vertex 1.8215922517147283 10.821592251714728 0.6143440196319667
    endloop
  endfacet
  facet normal 0.45109855160133777 0.8439460307948887 0.2902846772544637
    outer loop
      vertex 0.9858386226845406 11.38002497319623 0.6143440196319667
      vertex 1.399600708792789 11.094650486209991 0.8010338178801852
      vertex 1.431215848409271 11.141965886347492 0.6143440196319667
    endloop
  endfacet
  facet normal 0.6070765223338183 0.7397248827654455 0.29028467725445833
    outer loop
      vertex 1.431215848409271 11.141965886347492 0.6143440196319667
      vertex 1.7813538114918428 10.781353811491844 0.8010338178801852
      vertex 1.8215922517147283 10.821592251714728 0.6143440196319667
    endloop
  endfacet
  facet normal 0.6070765223338156 0.7397248827654456 0.29028467725446355
    outer loop
      vertex 1.431215848409271 11.141965886347492 0.6143440196319667
      vertex 1.399600708792789 11.094650486209991 0.8010338178801852
      vertex 1.7813538114918428 10.781353811491844 0.8010338178801852
    endloop
  endfacet
  facet normal 0.46912683269234723 0.8776745724069158 0.09801714032955594
    outer loop
      vertex 0.964061735759949 11.327450917436616 0.8010338178801852
      vertex 1.3889255825490054 11.078674030756364 0.9951847266721967
      vertex 1.399600708792789 11.094650486209991 0.8010338178801852
    endloop
  endfacet
  facet normal 0.46912683269234473 0.8776745724069165 0.09801714032956235
    outer loop
      vertex 0.964061735759949 11.327450917436616 0.8010338178801852
      vertex 0.9567085809127245 11.309698831278217 0.9951847266721967
      vertex 1.3889255825490054 11.078674030756364 0.9951847266721967
    endloop
  endfacet
  facet normal 0.6313385071030729 0.7692881967445475 0.09801714032956495
    outer loop
      vertex 1.399600708792789 11.094650486209991 0.8010338178801852
      vertex 1.7677669529663689 10.767766952966369 0.9951847266721967
      vertex 1.7813538114918428 10.781353811491844 0.8010338178801852
    endloop
  endfacet
  facet normal 0.6313385071030759 0.769288196744546 0.09801714032955659
    outer loop
      vertex 1.399600708792789 11.094650486209991 0.8010338178801852
      vertex 1.3889255825490054 11.078674030756364 0.9951847266721967
      vertex 1.7677669529663689 10.767766952966369 0.9951847266721967
    endloop
  endfacet
  facet normal 0.5594849272637074 -0.2990509240190707 0.773010453362737
    outer loop
      vertex 2.322205841849229 7.448351663624944 0.2914828579090054
      vertex 2.4482038768032646 7.364162468248848 0.1677188678166508
      vertex 2.7202983966301666 7.873215510414 0.1677188678166508
    endloop
  endfacet
  facet normal 0.68173435638416 -0.36439460524757944 0.6343932841636455
    outer loop
      vertex 2.322205841849229 7.448351663624944 0.2914828579090054
      vertex 2.580296881351315 7.931206036795285 0.2914828579090054
      vertex 2.2188019268763632 7.517443950687036 0.4422897161773749
    endloop
  endfacet
  facet normal 0.7777851165098018 -0.4157348061512736 0.4713967368259958
    outer loop
      vertex 2.141965886347492 7.568784151590729 0.6143440196319667
      vertex 2.2188019268763632 7.517443950687036 0.4422897161773749
      vertex 2.465400607078087 7.978797631865394 0.4422897161773749
    endloop
  endfacet
  facet normal 0.6817343563841604 -0.36439460524757994 0.6343932841636448
    outer loop
      vertex 2.2188019268763632 7.517443950687036 0.4422897161773749
      vertex 2.580296881351315 7.931206036795285 0.2914828579090054
      vertex 2.465400607078087 7.978797631865394 0.4422897161773749
    endloop
  endfacet
  facet normal 0.8439460307948892 -0.25600822958520936 0.4713967368259975
    outer loop
      vertex 2.38002497319623 8.01416137731546 0.6143440196319667
      vertex 2.465400607078087 7.978797631865394 0.4422897161773749
      vertex 2.617255324562389 8.47939554735428 0.4422897161773749
    endloop
  endfacet
  facet normal 0.25600822958521 -0.13683924960834157 0.9569403357322087
    outer loop
      vertex 2.5919539979156996 7.2681117081232065 0.07575392663191494
      vertex 3.0533384082877664 7.735265820772528 0.01912219546999383
      vertex 2.8800249731962295 7.807054596128912 0.07575392663191494
    endloop
  endfacet
  facet normal 0.41573480615127256 -0.22221488349019916 0.881921264348355
    outer loop
      vertex 2.4482038768032646 7.364162468248848 0.1677188678166508
      vertex 2.8800249731962295 7.807054596128912 0.07575392663191494
      vertex 2.7202983966301666 7.873215510414 0.1677188678166508
    endloop
  endfacet
  facet normal 0.4510985516013378 -0.13683924960834146 0.8819212643483552
    outer loop
      vertex 2.8800249731962295 7.807054596128912 0.07575392663191494
      vertex 3.057418203893441 8.391841706993894 0.07575392663191494
      vertex 2.7202983966301666 7.873215510414 0.1677188678166508
    endloop
  endfacet
  facet normal 0.6070765223338171 -0.18415464974584198 0.7730104533627372
    outer loop
      vertex 2.580296881351315 7.931206036795285 0.2914828579090054
      vertex 2.7202983966301666 7.873215510414 0.1677188678166508
      vertex 2.8878533746354873 8.42557024860592 0.1677188678166508
    endloop
  endfacet
  facet normal 0.4510985516013375 -0.1368392496083412 0.8819212643483553
    outer loop
      vertex 2.7202983966301666 7.873215510414 0.1677188678166508
      vertex 3.057418203893441 8.391841706993894 0.07575392663191494
      vertex 2.8878533746354873 8.42557024860592 0.1677188678166508
    endloop
  endfacet
  facet normal 0.08644340032725534 -0.04620496010437027 0.995184726672197
    outer loop
      vertex 2.7479319686481793 7.163890560093762 0.01912219546999383
      vertex 3.2335783637895035 7.6606079867221855 0
      vertex 3.0533384082877664 7.735265820772528 0.01912219546999383
    endloop
  endfacet
  facet normal 0.27778511650980153 -0.08426519384872767 0.9569403357322086
    outer loop
      vertex 2.8800249731962295 7.807054596128912 0.07575392663191494
      vertex 3.0533384082877664 7.735265820772528 0.01912219546999383
      vertex 3.2414067652287617 8.355244106687907 0.01912219546999383
    endloop
  endfacet
  facet normal 0.09379655517447978 -0.028452873945971586 0.995184726672197
    outer loop
      vertex 3.0533384082877664 7.735265820772528 0.01912219546999383
      vertex 3.2335783637895035 7.6606079867221855 0
      vertex 3.4327484814113065 8.31718387294355 0
    endloop
  endfacet
  facet normal 0.27778511650980114 -0.08426519384872742 0.9569403357322088
    outer loop
      vertex 2.8800249731962295 7.807054596128912 0.07575392663191494
      vertex 3.2414067652287617 8.355244106687907 0.01912219546999383
      vertex 3.057418203893441 8.391841706993894 0.07575392663191494
    endloop
  endfacet
  facet normal 0.09379655517447985 -0.02845287394597163 0.995184726672197
    outer loop
      vertex 3.0533384082877664 7.735265820772528 0.01912219546999383
      vertex 3.4327484814113065 8.31718387294355 0
      vertex 3.2414067652287617 8.355244106687907 0.01912219546999383
    endloop
  endfacet
  facet normal 0.5594849272637071 -0.2990509240190703 0.7730104533627373
    outer loop
      vertex 2.322205841849229 7.448351663624944 0.2914828579090054
      vertex 2.7202983966301666 7.873215510414 0.1677188678166508
      vertex 2.580296881351315 7.931206036795285 0.2914828579090054
    endloop
  endfacet
  facet normal 0.7397248827654447 -0.22439308996872795 0.6343932841636453
    outer loop
      vertex 2.580296881351315 7.931206036795285 0.2914828579090054
      vertex 2.7392285587502325 8.455133562585022 0.2914828579090054
      vertex 2.465400607078087 7.978797631865394 0.4422897161773749
    endloop
  endfacet
  facet normal 0.6070765223338177 -0.18415464974584245 0.7730104533627367
    outer loop
      vertex 2.580296881351315 7.931206036795285 0.2914828579090054
      vertex 2.8878533746354873 8.42557024860592 0.1677188678166508
      vertex 2.7392285587502325 8.455133562585022 0.2914828579090054
    endloop
  endfacet
  facet normal 0.7397248827654441 -0.22439308996872734 0.634393284163646
    outer loop
      vertex 2.465400607078087 7.978797631865394 0.4422897161773749
      vertex 2.7392285587502325 8.455133562585022 0.2914828579090054
      vertex 2.617255324562389 8.47939554735428 0.4422897161773749
    endloop
  endfacet
  facet normal 0.6313385071030752 -0.06218141555799909 0.7730104533627367
    outer loop
      vertex 2.7392285587502325 8.455133562585022 0.2914828579090054
      vertex 2.8878533746354873 8.42557024860592 0.1677188678166508
      vertex 2.9444297669803974 9 0.1677188678166508
    endloop
  endfacet
  facet normal 0.6313385071030744 0.06218141555799901 0.7730104533627373
    outer loop
      vertex 2.792893218813452 9 0.2914828579090054
      vertex 2.9444297669803974 9 0.1677188678166508
      vertex 2.8878533746354873 9.57442975139408 0.1677188678166508
    endloop
  endfacet
  facet normal 0.4691268326923452 -0.04620496010437074 0.8819212643483555
    outer loop
      vertex 3.057418203893441 8.391841706993894 0.07575392663191494
      vertex 3.11731656763491 9 0.07575392663191494
      vertex 2.8878533746354873 8.42557024860592 0.1677188678166508
    endloop
  endfacet
  facet normal 0.2888868771906097 -0.02845287394597195 0.9569403357322087
    outer loop
      vertex 3.057418203893441 8.391841706993894 0.07575392663191494
      vertex 3.3049096779838716 9 0.01912219546999383
      vertex 3.11731656763491 9 0.07575392663191494
    endloop
  endfacet
  facet normal 0.28888687719060935 -0.028452873945971784 0.9569403357322087
    outer loop
      vertex 3.057418203893441 8.391841706993894 0.07575392663191494
      vertex 3.2414067652287617 8.355244106687907 0.01912219546999383
      vertex 3.3049096779838716 9 0.01912219546999383
    endloop
  endfacet
  facet normal 0.09754516100806317 -0.00960735979838465 0.995184726672197
    outer loop
      vertex 3.2414067652287617 8.355244106687907 0.01912219546999383
      vertex 3.5 9 0
      vertex 3.3049096779838716 9 0.01912219546999383
    endloop
  endfacet
  facet normal 0.4691268326923454 -0.046204960104370855 0.8819212643483554
    outer loop
      vertex 2.8878533746354873 8.42557024860592 0.1677188678166508
      vertex 3.11731656763491 9 0.07575392663191494
      vertex 2.9444297669803974 9 0.1677188678166508
    endloop
  endfacet
  facet normal 0.4691268326923454 0.046204960104370765 0.8819212643483553
    outer loop
      vertex 2.9444297669803974 9 0.1677188678166508
      vertex 3.11731656763491 9 0.07575392663191494
      vertex 3.057418203893441 9.608158293006106 0.07575392663191494
    endloop
  endfacet
  facet normal 0.2888868771906096 0.028452873945971825 0.9569403357322087
    outer loop
      vertex 3.11731656763491 9 0.07575392663191494
      vertex 3.3049096779838716 9 0.01912219546999383
      vertex 3.2414067652287617 9.644755893312093 0.01912219546999383
    endloop
  endfacet
  facet normal 0.769288196744546 -0.07576827408347246 0.634393284163646
    outer loop
      vertex 2.617255324562389 8.47939554735428 0.4422897161773749
      vertex 2.7392285587502325 8.455133562585022 0.2914828579090054
      vertex 2.792893218813452 9 0.2914828579090054
    endloop
  endfacet
  facet normal 0.6313385071030745 -0.0621814155579987 0.7730104533627373
    outer loop
      vertex 2.7392285587502325 8.455133562585022 0.2914828579090054
      vertex 2.9444297669803974 9 0.1677188678166508
      vertex 2.792893218813452 9 0.2914828579090054
    endloop
  endfacet
  facet normal 0.877674572406917 -0.08644340032725667 0.4713967368259957
    outer loop
      vertex 2.617255324562389 8.47939554735428 0.4422897161773749
      vertex 2.6685303876974547 9 0.4422897161773749
      vertex 2.526621035058419 8.497423828445289 0.6143440196319667
    endloop
  endfacet
  facet normal 0.7692881967445467 -0.07576827408347298 0.634393284163645
    outer loop
      vertex 2.617255324562389 8.47939554735428 0.4422897161773749
      vertex 2.792893218813452 9 0.2914828579090054
      vertex 2.6685303876974547 9 0.4422897161773749
    endloop
  endfacet
  facet normal 0.7692881967445466 0.07576827408347253 0.634393284163645
    outer loop
      vertex 2.792893218813452 9 0.2914828579090054
      vertex 2.7392285587502325 9.544866437414978 0.2914828579090054
      vertex 2.6685303876974547 9 0.4422897161773749
    endloop
  endfacet
  facet normal 0.6313385071030753 0.06218141555799877 0.7730104533627368
    outer loop
      vertex 2.792893218813452 9 0.2914828579090054
      vertex 2.8878533746354873 9.57442975139408 0.1677188678166508
      vertex 2.7392285587502325 9.544866437414978 0.2914828579090054
    endloop
  endfacet
  facet normal 0.7692881967445458 0.07576827408347289 0.6343932841636462
    outer loop
      vertex 2.617255324562389 9.52060445264572 0.4422897161773749
      vertex 2.6685303876974547 9 0.4422897161773749
      vertex 2.7392285587502325 9.544866437414978 0.2914828579090054
    endloop
  endfacet
  facet normal 0.877674572406917 0.08644340032725667 0.4713967368259957
    outer loop
      vertex 2.5761204674887135 9 0.6143440196319667
      vertex 2.6685303876974547 9 0.4422897161773749
      vertex 2.617255324562389 9.52060445264572 0.4422897161773749
    endloop
  endfacet
  facet normal 0.777785116509801 -0.415734806151272 0.47139673682599836
    outer loop
      vertex 2.141965886347492 7.568784151590729 0.6143440196319667
      vertex 2.465400607078087 7.978797631865394 0.4422897161773749
      vertex 2.38002497319623 8.01416137731546 0.6143440196319667
    endloop
  endfacet
  facet normal 0.8439460307948893 -0.4510985516013374 0.2902846772544627
    outer loop
      vertex 2.141965886347492 7.568784151590729 0.6143440196319667
      vertex 2.38002497319623 8.01416137731546 0.6143440196319667
      vertex 2.094650486209991 7.600399291207211 0.8010338178801852
    endloop
  endfacet
  facet normal 0.8439460307948893 -0.45109855160133727 0.2902846772544629
    outer loop
      vertex 2.38002497319623 8.01416137731546 0.6143440196319667
      vertex 2.327450917436616 8.035938264240052 0.8010338178801852
      vertex 2.094650486209991 7.600399291207211 0.8010338178801852
    endloop
  endfacet
  facet normal 0.8439460307948895 -0.25600822958520986 0.4713967368259967
    outer loop
      vertex 2.38002497319623 8.01416137731546 0.6143440196319667
      vertex 2.617255324562389 8.47939554735428 0.4422897161773749
      vertex 2.526621035058419 8.497423828445289 0.6143440196319667
    endloop
  endfacet
  facet normal 0.9157348061512725 -0.27778511650980114 0.2902846772544629
    outer loop
      vertex 2.38002497319623 8.01416137731546 0.6143440196319667
      vertex 2.526621035058419 8.497423828445289 0.6143440196319667
      vertex 2.327450917436616 8.035938264240052 0.8010338178801852
    endloop
  endfacet
  facet normal 0.9157348061512725 -0.27778511650980114 0.2902846772544627
    outer loop
      vertex 2.526621035058419 8.497423828445289 0.6143440196319667
      vertex 2.470808715155663 8.508525589126096 0.8010338178801852
      vertex 2.327450917436616 8.035938264240052 0.8010338178801852
    endloop
  endfacet
  facet normal 0.8776745724069163 -0.46912683269234534 0.09801714032956152
    outer loop
      vertex 2.094650486209991 7.600399291207211 0.8010338178801852
      vertex 2.327450917436616 8.035938264240052 0.8010338178801852
      vertex 2.078674030756363 7.611074417450995 0.9951847266721967
    endloop
  endfacet
  facet normal 0.8776745724069159 -0.4691268326923471 0.09801714032955713
    outer loop
      vertex 2.078674030756363 7.611074417450995 0.9951847266721967
      vertex 2.327450917436616 8.035938264240052 0.8010338178801852
      vertex 2.309698831278217 8.043291419087275 0.9951847266721967
    endloop
  endfacet
  facet normal 0.9523324064572588 -0.2888868771906092 0.09801714032955836
    outer loop
      vertex 2.327450917436616 8.035938264240052 0.8010338178801852
      vertex 2.470808715155663 8.508525589126096 0.8010338178801852
      vertex 2.309698831278217 8.043291419087275 0.9951847266721967
    endloop
  endfacet
  facet normal 0.9523324064572588 -0.28888687719060807 0.09801714032956102
    outer loop
      vertex 2.470808715155663 8.508525589126096 0.8010338178801852
      vertex 2.451963201008076 8.51227419495968 0.9951847266721967
      vertex 2.309698831278217 8.043291419087275 0.9951847266721967
    endloop
  endfacet
  facet normal 0.9523324064572581 -0.09379655517448109 0.2902846772544634
    outer loop
      vertex 2.526621035058419 8.497423828445289 0.6143440196319667
      vertex 2.5761204674887135 9 0.6143440196319667
      vertex 2.470808715155663 8.508525589126096 0.8010338178801852
    endloop
  endfacet
  facet normal 0.9523324064572584 -0.09379655517448109 0.2902846772544634
    outer loop
      vertex 2.5761204674887135 9 0.6143440196319667
      vertex 2.5192147195967696 9 0.8010338178801852
      vertex 2.470808715155663 8.508525589126096 0.8010338178801852
    endloop
  endfacet
  facet normal 0.9523324064572584 0.09379655517448109 0.2902846772544634
    outer loop
      vertex 2.5192147195967696 9 0.8010338178801852
      vertex 2.526621035058419 9.502576171554711 0.6143440196319667
      vertex 2.470808715155663 9.491474410873904 0.8010338178801852
    endloop
  endfacet
  facet normal 0.9903926402016152 -0.09754516100806453 0.09801714032956035
    outer loop
      vertex 2.470808715155663 8.508525589126096 0.8010338178801852
      vertex 2.5192147195967696 9 0.8010338178801852
      vertex 2.451963201008076 8.51227419495968 0.9951847266721967
    endloop
  endfacet
  facet normal 0.9903926402016152 -0.09754516100806437 0.09801714032956071
    outer loop
      vertex 2.5192147195967696 9 0.8010338178801852
      vertex 2.5 9 0.9951847266721967
      vertex 2.451963201008076 8.51227419495968 0.9951847266721967
    endloop
  endfacet
  facet normal 0.9903926402016151 0.0975451610080645 0.0980171403295607
    outer loop
      vertex 2.5192147195967696 9 0.8010338178801852
      vertex 2.470808715155663 9.491474410873904 0.8010338178801852
      vertex 2.5 9 0.9951847266721967
    endloop
  endfacet
  facet normal 0.9903926402016152 0.09754516100806437 0.09801714032956034
    outer loop
      vertex 2.5 9 0.9951847266721967
      vertex 2.470808715155663 9.491474410873904 0.8010338178801852
      vertex 2.451963201008076 9.48772580504032 0.9951847266721967
    endloop
  endfacet
  facet normal 0.8776745724069169 -0.08644340032725666 0.47139673682599564
    outer loop
      vertex 2.526621035058419 8.497423828445289 0.6143440196319667
      vertex 2.6685303876974547 9 0.4422897161773749
      vertex 2.5761204674887135 9 0.6143440196319667
    endloop
  endfacet
  facet normal 0.8776745724069169 0.08644340032725666 0.47139673682599564
    outer loop
      vertex 2.5761204674887135 9 0.6143440196319667
      vertex 2.617255324562389 9.52060445264572 0.4422897161773749
      vertex 2.526621035058419 9.502576171554711 0.6143440196319667
    endloop
  endfacet
  facet normal 0.9523324064572581 0.09379655517448109 0.2902846772544634
    outer loop
      vertex 2.5761204674887135 9 0.6143440196319667
      vertex 2.526621035058419 9.502576171554711 0.6143440196319667
      vertex 2.5192147195967696 9 0.8010338178801852
    endloop
  endfacet
  facet normal 0.6817343563841605 0.36439460524757966 0.6343932841636448
    outer loop
      vertex 2.322205841849229 10.551648336375056 0.2914828579090054
      vertex 2.465400607078087 10.021202368134606 0.4422897161773749
      vertex 2.580296881351315 10.068793963204715 0.2914828579090054
    endloop
  endfacet
  facet normal 0.7777851165098009 0.4157348061512724 0.4713967368259985
    outer loop
      vertex 2.38002497319623 9.98583862268454 0.6143440196319667
      vertex 2.465400607078087 10.021202368134606 0.4422897161773749
      vertex 2.2188019268763632 10.482556049312965 0.4422897161773749
    endloop
  endfacet
  facet normal 0.40245483899193646 0.4903926402016166 0.7730104533627358
    outer loop
      vertex 1.6358375317511522 11.448203876803264 0.1677188678166508
      vertex 1.9748737341529161 10.974873734152917 0.2914828579090054
      vertex 2.082026254959365 11.082026254959365 0.1677188678166508
    endloop
  endfacet
  facet normal 0.4903926402016153 0.40245483899193557 0.773010453362737
    outer loop
      vertex 2.082026254959365 11.082026254959365 0.1677188678166508
      vertex 2.322205841849229 10.551648336375056 0.2914828579090054
      vertex 2.4482038768032646 10.635837531751152 0.1677188678166508
    endloop
  endfacet
  facet normal 0.3643946052475795 0.2990509240190699 0.8819212643483552
    outer loop
      vertex 2.5919539979156996 10.731888291876793 0.07575392663191494
      vertex 2.2042756840798177 11.204275684079818 0.07575392663191494
      vertex 2.4482038768032646 10.635837531751152 0.1677188678166508
    endloop
  endfacet
  facet normal 0.22439308996872812 0.1841546497458422 0.9569403357322088
    outer loop
      vertex 2.5919539979156996 10.731888291876793 0.07575392663191494
      vertex 2.336924044511445 11.336924044511445 0.01912219546999383
      vertex 2.2042756840798177 11.204275684079818 0.07575392663191494
    endloop
  endfacet
  facet normal 0.07576827408347195 0.062181415557998214 0.995184726672197
    outer loop
      vertex 2.336924044511445 11.336924044511445 0.01912219546999383
      vertex 2.7479319686481793 10.836109439906238 0.01912219546999383
      vertex 2.4748737341529163 11.474873734152917 0
    endloop
  endfacet
  facet normal 0.3643946052475787 0.2990509240190697 0.8819212643483555
    outer loop
      vertex 2.082026254959365 11.082026254959365 0.1677188678166508
      vertex 2.4482038768032646 10.635837531751152 0.1677188678166508
      vertex 2.2042756840798177 11.204275684079818 0.07575392663191494
    endloop
  endfacet
  facet normal 0.6817343563841606 0.5594849272637085 0.4713967368259959
    outer loop
      vertex 1.8869359329432371 10.886935932943237 0.4422897161773749
      vertex 2.141965886347492 10.431215848409272 0.6143440196319667
      vertex 2.2188019268763632 10.482556049312965 0.4422897161773749
    endloop
  endfacet
  facet normal 0.4024548389919361 0.4903926402016165 0.773010453362736
    outer loop
      vertex 1.5516483363750564 11.322205841849229 0.2914828579090054
      vertex 1.9748737341529161 10.974873734152917 0.2914828579090054
      vertex 1.6358375317511522 11.448203876803264 0.1677188678166508
    endloop
  endfacet
  facet normal 0.490392640201614 0.5975451610080638 0.6343932841636468
    outer loop
      vertex 1.5516483363750564 11.322205841849229 0.2914828579090054
      vertex 1.8869359329432371 10.886935932943237 0.4422897161773749
      vertex 1.9748737341529161 10.974873734152917 0.2914828579090054
    endloop
  endfacet
  facet normal 0.5594849272637078 0.681734356384161 0.4713967368259962
    outer loop
      vertex 1.4825560493129641 11.218801926876363 0.4422897161773749
      vertex 1.8215922517147283 10.821592251714728 0.6143440196319667
      vertex 1.8869359329432371 10.886935932943237 0.4422897161773749
    endloop
  endfacet
  facet normal 0.5975451610080632 0.49039264020161505 0.6343932841636465
    outer loop
      vertex 1.8869359329432371 10.886935932943237 0.4422897161773749
      vertex 2.2188019268763632 10.482556049312965 0.4422897161773749
      vertex 1.9748737341529161 10.974873734152917 0.2914828579090054
    endloop
  endfacet
  facet normal 0.597545161008066 0.49039264020161555 0.6343932841636434
    outer loop
      vertex 1.9748737341529161 10.974873734152917 0.2914828579090054
      vertex 2.2188019268763632 10.482556049312965 0.4422897161773749
      vertex 2.322205841849229 10.551648336375056 0.2914828579090054
    endloop
  endfacet
  facet normal 0.5594849272637075 0.2990509240190705 0.773010453362737
    outer loop
      vertex 2.322205841849229 10.551648336375056 0.2914828579090054
      vertex 2.580296881351315 10.068793963204715 0.2914828579090054
      vertex 2.4482038768032646 10.635837531751152 0.1677188678166508
    endloop
  endfacet
  facet normal 0.6817343563841611 0.36439460524757966 0.6343932841636442
    outer loop
      vertex 2.322205841849229 10.551648336375056 0.2914828579090054
      vertex 2.2188019268763632 10.482556049312965 0.4422897161773749
      vertex 2.465400607078087 10.021202368134606 0.4422897161773749
    endloop
  endfacet
  facet normal 0.49039264020161655 0.4024548389919359 0.7730104533627361
    outer loop
      vertex 1.9748737341529161 10.974873734152917 0.2914828579090054
      vertex 2.322205841849229 10.551648336375056 0.2914828579090054
      vertex 2.082026254959365 11.082026254959365 0.1677188678166508
    endloop
  endfacet
  facet normal 0.4510985516013374 0.13683924960834132 0.8819212643483553
    outer loop
      vertex 3.057418203893441 9.608158293006106 0.07575392663191494
      vertex 2.8800249731962295 10.192945403871088 0.07575392663191494
      vertex 2.8878533746354873 9.57442975139408 0.1677188678166508
    endloop
  endfacet
  facet normal 0.6070765223338179 0.18415464974584192 0.7730104533627368
    outer loop
      vertex 2.7202983966301666 10.126784489586 0.1677188678166508
      vertex 2.7392285587502325 9.544866437414978 0.2914828579090054
      vertex 2.8878533746354873 9.57442975139408 0.1677188678166508
    endloop
  endfacet
  facet normal 0.5594849272637059 0.29905092401907035 0.7730104533627381
    outer loop
      vertex 2.580296881351315 10.068793963204715 0.2914828579090054
      vertex 2.7202983966301666 10.126784489586 0.1677188678166508
      vertex 2.4482038768032646 10.635837531751152 0.1677188678166508
    endloop
  endfacet
  facet normal 0.4510985516013385 0.1368392496083413 0.8819212643483547
    outer loop
      vertex 2.7202983966301666 10.126784489586 0.1677188678166508
      vertex 2.8878533746354873 9.57442975139408 0.1677188678166508
      vertex 2.8800249731962295 10.192945403871088 0.07575392663191494
    endloop
  endfacet
  facet normal 0.28888687719060924 0.02845287394597191 0.9569403357322087
    outer loop
      vertex 3.11731656763491 9 0.07575392663191494
      vertex 3.2414067652287617 9.644755893312093 0.01912219546999383
      vertex 3.057418203893441 9.608158293006106 0.07575392663191494
    endloop
  endfacet
  facet normal 0.27778511650980103 0.08426519384872766 0.9569403357322087
    outer loop
      vertex 3.057418203893441 9.608158293006106 0.07575392663191494
      vertex 3.2414067652287617 9.644755893312093 0.01912219546999383
      vertex 3.0533384082877664 10.264734179227471 0.01912219546999383
    endloop
  endfacet
  facet normal 0.09754516100806326 0.009607359798384658 0.995184726672197
    outer loop
      vertex 3.3049096779838716 9 0.01912219546999383
      vertex 3.4327484814113065 9.68281612705645 0
      vertex 3.2414067652287617 9.644755893312093 0.01912219546999383
    endloop
  endfacet
  facet normal 0.4691268326923451 0.04620496010437083 0.8819212643483555
    outer loop
      vertex 2.9444297669803974 9 0.1677188678166508
      vertex 3.057418203893441 9.608158293006106 0.07575392663191494
      vertex 2.8878533746354873 9.57442975139408 0.1677188678166508
    endloop
  endfacet
  facet normal 0.2777851165098019 0.08426519384872766 0.9569403357322086
    outer loop
      vertex 3.057418203893441 9.608158293006106 0.07575392663191494
      vertex 3.0533384082877664 10.264734179227471 0.01912219546999383
      vertex 2.8800249731962295 10.192945403871088 0.07575392663191494
    endloop
  endfacet
  facet normal 0.09379655517447985 0.02845287394597161 0.995184726672197
    outer loop
      vertex 3.2414067652287617 9.644755893312093 0.01912219546999383
      vertex 3.4327484814113065 9.68281612705645 0
      vertex 3.2335783637895035 10.339392013277815 0
    endloop
  endfacet
  facet normal 0.09379655517447963 0.028452873945971607 0.995184726672197
    outer loop
      vertex 3.0533384082877664 10.264734179227471 0.01912219546999383
      vertex 3.2414067652287617 9.644755893312093 0.01912219546999383
      vertex 3.2335783637895035 10.339392013277815 0
    endloop
  endfacet
  facet normal 0.739724882765444 0.22439308996872775 0.634393284163646
    outer loop
      vertex 2.580296881351315 10.068793963204715 0.2914828579090054
      vertex 2.617255324562389 9.52060445264572 0.4422897161773749
      vertex 2.7392285587502325 9.544866437414978 0.2914828579090054
    endloop
  endfacet
  facet normal 0.8439460307948895 0.25600822958520947 0.47139673682599675
    outer loop
      vertex 2.465400607078087 10.021202368134606 0.4422897161773749
      vertex 2.526621035058419 9.502576171554711 0.6143440196319667
      vertex 2.617255324562389 9.52060445264572 0.4422897161773749
    endloop
  endfacet
  facet normal 0.6070765223338166 0.1841546497458421 0.7730104533627378
    outer loop
      vertex 2.580296881351315 10.068793963204715 0.2914828579090054
      vertex 2.7392285587502325 9.544866437414978 0.2914828579090054
      vertex 2.7202983966301666 10.126784489586 0.1677188678166508
    endloop
  endfacet
  facet normal 0.7397248827654448 0.22439308996872753 0.6343932841636452
    outer loop
      vertex 2.580296881351315 10.068793963204715 0.2914828579090054
      vertex 2.465400607078087 10.021202368134606 0.4422897161773749
      vertex 2.617255324562389 9.52060445264572 0.4422897161773749
    endloop
  endfacet
  facet normal 0.4157348061512733 0.22221488349019947 0.8819212643483545
    outer loop
      vertex 2.5919539979156996 10.731888291876793 0.07575392663191494
      vertex 2.7202983966301666 10.126784489586 0.1677188678166508
      vertex 2.8800249731962295 10.192945403871088 0.07575392663191494
    endloop
  endfacet
  facet normal 0.2560082295852095 0.13683924960834154 0.9569403357322088
    outer loop
      vertex 2.5919539979156996 10.731888291876793 0.07575392663191494
      vertex 2.8800249731962295 10.192945403871088 0.07575392663191494
      vertex 2.7479319686481793 10.836109439906238 0.01912219546999383
    endloop
  endfacet
  facet normal 0.2560082295852106 0.13683924960834173 0.9569403357322086
    outer loop
      vertex 2.7479319686481793 10.836109439906238 0.01912219546999383
      vertex 2.8800249731962295 10.192945403871088 0.07575392663191494
      vertex 3.0533384082877664 10.264734179227471 0.01912219546999383
    endloop
  endfacet
  facet normal 0.08644340032725528 0.046204960104370175 0.995184726672197
    outer loop
      vertex 2.7479319686481793 10.836109439906238 0.01912219546999383
      vertex 3.0533384082877664 10.264734179227471 0.01912219546999383
      vertex 2.9101436430589085 10.944495815568608 0
    endloop
  endfacet
  facet normal 0.4157348061512721 0.2222148834901993 0.8819212643483552
    outer loop
      vertex 2.5919539979156996 10.731888291876793 0.07575392663191494
      vertex 2.4482038768032646 10.635837531751152 0.1677188678166508
      vertex 2.7202983966301666 10.126784489586 0.1677188678166508
    endloop
  endfacet
  facet normal 0.22439308996872764 0.184154649745842 0.956940335732209
    outer loop
      vertex 2.5919539979156996 10.731888291876793 0.07575392663191494
      vertex 2.7479319686481793 10.836109439906238 0.01912219546999383
      vertex 2.336924044511445 11.336924044511445 0.01912219546999383
    endloop
  endfacet
  facet normal 0.07576827408347178 0.062181415557998145 0.995184726672197
    outer loop
      vertex 2.7479319686481793 10.836109439906238 0.01912219546999383
      vertex 2.9101436430589085 10.944495815568608 0
      vertex 2.4748737341529163 11.474873734152917 0
    endloop
  endfacet
  facet normal 0.08644340032725517 0.046204960104370155 0.995184726672197
    outer loop
      vertex 3.0533384082877664 10.264734179227471 0.01912219546999383
      vertex 3.2335783637895035 10.339392013277815 0
      vertex 2.9101436430589085 10.944495815568608 0
    endloop
  endfacet
  facet normal 0.8439460307948891 0.25600822958520975 0.4713967368259976
    outer loop
      vertex 2.38002497319623 9.98583862268454 0.6143440196319667
      vertex 2.526621035058419 9.502576171554711 0.6143440196319667
      vertex 2.465400607078087 10.021202368134606 0.4422897161773749
    endloop
  endfacet
  facet normal 0.9157348061512725 0.27778511650980114 0.2902846772544627
    outer loop
      vertex 2.38002497319623 9.98583862268454 0.6143440196319667
      vertex 2.470808715155663 9.491474410873904 0.8010338178801852
      vertex 2.526621035058419 9.502576171554711 0.6143440196319667
    endloop
  endfacet
  facet normal 0.9157348061512723 0.27778511650980114 0.29028467725446283
    outer loop
      vertex 2.38002497319623 9.98583862268454 0.6143440196319667
      vertex 2.327450917436616 9.964061735759948 0.8010338178801852
      vertex 2.470808715155663 9.491474410873904 0.8010338178801852
    endloop
  endfacet
  facet normal 0.7777851165098025 0.415734806151272 0.47139673682599564
    outer loop
      vertex 2.141965886347492 10.431215848409272 0.6143440196319667
      vertex 2.38002497319623 9.98583862268454 0.6143440196319667
      vertex 2.2188019268763632 10.482556049312965 0.4422897161773749
    endloop
  endfacet
  facet normal 0.8439460307948895 0.4510985516013366 0.290284677254463
    outer loop
      vertex 2.141965886347492 10.431215848409272 0.6143440196319667
      vertex 2.327450917436616 9.964061735759948 0.8010338178801852
      vertex 2.38002497319623 9.98583862268454 0.6143440196319667
    endloop
  endfacet
  facet normal 0.8439460307948887 0.451098551601337 0.29028467725446466
    outer loop
      vertex 2.141965886347492 10.431215848409272 0.6143440196319667
      vertex 2.094650486209991 10.39960070879279 0.8010338178801852
      vertex 2.327450917436616 9.964061735759948 0.8010338178801852
    endloop
  endfacet
  facet normal 0.9523324064572586 0.28888687719060907 0.09801714032956103
    outer loop
      vertex 2.327450917436616 9.964061735759948 0.8010338178801852
      vertex 2.451963201008076 9.48772580504032 0.9951847266721967
      vertex 2.470808715155663 9.491474410873904 0.8010338178801852
    endloop
  endfacet
  facet normal 0.9523324064572591 0.2888868771906082 0.09801714032955836
    outer loop
      vertex 2.327450917436616 9.964061735759948 0.8010338178801852
      vertex 2.309698831278217 9.956708580912725 0.9951847266721967
      vertex 2.451963201008076 9.48772580504032 0.9951847266721967
    endloop
  endfacet
  facet normal 0.8776745724069166 0.46912683269234556 0.0980171403295572
    outer loop
      vertex 2.094650486209991 10.39960070879279 0.8010338178801852
      vertex 2.309698831278217 9.956708580912725 0.9951847266721967
      vertex 2.327450917436616 9.964061735759948 0.8010338178801852
    endloop
  endfacet
  facet normal 0.8776745724069154 0.46912683269234684 0.09801714032956153
    outer loop
      vertex 2.094650486209991 10.39960070879279 0.8010338178801852
      vertex 2.078674030756363 10.388925582549005 0.9951847266721967
      vertex 2.309698831278217 9.956708580912725 0.9951847266721967
    endloop
  endfacet
  facet normal 0.6817343563841602 0.5594849272637085 0.47139673682599637
    outer loop
      vertex 1.8869359329432371 10.886935932943237 0.4422897161773749
      vertex 1.8215922517147283 10.821592251714728 0.6143440196319667
      vertex 2.141965886347492 10.431215848409272 0.6143440196319667
    endloop
  endfacet
  facet normal 0.7397248827654435 0.6070765223338176 0.2902846772544649
    outer loop
      vertex 1.8215922517147283 10.821592251714728 0.6143440196319667
      vertex 2.094650486209991 10.39960070879279 0.8010338178801852
      vertex 2.141965886347492 10.431215848409272 0.6143440196319667
    endloop
  endfacet
  facet normal 0.7397248827654463 0.6070765223338168 0.29028467725445906
    outer loop
      vertex 1.8215922517147283 10.821592251714728 0.6143440196319667
      vertex 1.7813538114918428 10.781353811491844 0.8010338178801852
      vertex 2.094650486209991 10.39960070879279 0.8010338178801852
    endloop
  endfacet
  facet normal 0.7692881967445473 0.6313385071030735 0.09801714032956226
    outer loop
      vertex 1.7813538114918428 10.781353811491844 0.8010338178801852
      vertex 2.078674030756363 10.388925582549005 0.9951847266721967
      vertex 2.094650486209991 10.39960070879279 0.8010338178801852
    endloop
  endfacet
  facet normal 0.7692881967445466 0.6313385071030739 0.09801714032956438
    outer loop
      vertex 1.7813538114918428 10.781353811491844 0.8010338178801852
      vertex 1.7677669529663689 10.767766952966369 0.9951847266721967
      vertex 2.078674030756363 10.388925582549005 0.9951847266721967
    endloop
  endfacet
  facet normal 0.028452873945972148 0.2888868771906096 0.9569403357322086
    outer loop
      vertex 0 12.11731656763491 0.07575392663191494
      vertex 0.6081582930061062 12.057418203893441 0.07575392663191494
      vertex 0 12.304909677983872 0.01912219546999383
    endloop
  endfacet
  facet normal 0.046204960104370946 0.469126832692344 0.881921264348356
    outer loop
      vertex 0 12.11731656763491 0.07575392663191494
      vertex 0.5744297513940791 11.887853374635487 0.1677188678166508
      vertex 0.6081582930061062 12.057418203893441 0.07575392663191494
    endloop
  endfacet
  facet normal 0.0462049601043707 0.4691268326923435 0.8819212643483563
    outer loop
      vertex 0 12.11731656763491 0.07575392663191494
      vertex 0 11.944429766980397 0.1677188678166508
      vertex 0.5744297513940791 11.887853374635487 0.1677188678166508
    endloop
  endfacet
  facet normal 0.06218141555799926 0.6313385071030763 0.7730104533627358
    outer loop
      vertex 0 11.944429766980397 0.1677188678166508
      vertex 0.5448664374149773 11.739228558750233 0.2914828579090054
      vertex 0.5744297513940791 11.887853374635487 0.1677188678166508
    endloop
  endfacet
  facet normal 0.08426519384872731 0.2777851165098015 0.9569403357322088
    outer loop
      vertex 0.6081582930061062 12.057418203893441 0.07575392663191494
      vertex 1.1929454038710878 11.88002497319623 0.07575392663191494
      vertex 0.6447558933120923 12.241406765228762 0.01912219546999383
    endloop
  endfacet
  facet normal 0.13683924960834032 0.45109855160133616 0.881921264348356
    outer loop
      vertex 0.6081582930061062 12.057418203893441 0.07575392663191494
      vertex 0.5744297513940791 11.887853374635487 0.1677188678166508
      vertex 1.126784489586 11.720298396630167 0.1677188678166508
    endloop
  endfacet
  facet normal 0.07576827408347266 0.7692881967445471 0.6343932841636447
    outer loop
      vertex 0 11.792893218813452 0.2914828579090054
      vertex 0.52060445264572 11.61725532456239 0.4422897161773749
      vertex 0.5448664374149773 11.739228558750233 0.2914828579090054
    endloop
  endfacet
  facet normal 0.07576827408347316 0.7692881967445477 0.6343932841636437
    outer loop
      vertex 0 11.792893218813452 0.2914828579090054
      vertex 0 11.668530387697455 0.4422897161773749
      vertex 0.52060445264572 11.61725532456239 0.4422897161773749
    endloop
  endfacet
  facet normal 0.0864434003272567 0.8776745724069164 0.4713967368259971
    outer loop
      vertex 0 11.668530387697455 0.4422897161773749
      vertex 0.5025761715547119 11.526621035058419 0.6143440196319667
      vertex 0.52060445264572 11.61725532456239 0.4422897161773749
    endloop
  endfacet
  facet normal 0.06218141555799887 0.6313385071030756 0.7730104533627364
    outer loop
      vertex 0 11.944429766980397 0.1677188678166508
      vertex 0 11.792893218813452 0.2914828579090054
      vertex 0.5448664374149773 11.739228558750233 0.2914828579090054
    endloop
  endfacet
  facet normal 0.22439308996872698 0.7397248827654453 0.6343932841636447
    outer loop
      vertex 0.5448664374149773 11.739228558750233 0.2914828579090054
      vertex 0.52060445264572 11.61725532456239 0.4422897161773749
      vertex 1.0212023681346056 11.465400607078088 0.4422897161773749
    endloop
  endfacet
  facet normal 0.25600822958520836 0.8439460307948884 0.4713967368259993
    outer loop
      vertex 0.52060445264572 11.61725532456239 0.4422897161773749
      vertex 0.9858386226845406 11.38002497319623 0.6143440196319667
      vertex 1.0212023681346056 11.465400607078088 0.4422897161773749
    endloop
  endfacet
  facet normal 0.18415464974584153 0.607076522333819 0.7730104533627359
    outer loop
      vertex 0.5448664374149773 11.739228558750233 0.2914828579090054
      vertex 1.0687939632047156 11.580296881351316 0.2914828579090054
      vertex 0.5744297513940791 11.887853374635487 0.1677188678166508
    endloop
  endfacet
  facet normal 0.009607359798384745 0.09754516100806337 0.995184726672197
    outer loop
      vertex 0 12.304909677983872 0.01912219546999383
      vertex 0.6447558933120923 12.241406765228762 0.01912219546999383
      vertex 0 12.5 0
    endloop
  endfacet
  facet normal 0.02845287394597201 0.28888687719060935 0.9569403357322087
    outer loop
      vertex 0 12.304909677983872 0.01912219546999383
      vertex 0.6081582930061062 12.057418203893441 0.07575392663191494
      vertex 0.6447558933120923 12.241406765228762 0.01912219546999383
    endloop
  endfacet
  facet normal 0.009607359798384866 0.09754516100806368 0.995184726672197
    outer loop
      vertex 0.6447558933120923 12.241406765228762 0.01912219546999383
      vertex 0.6828161270564489 12.432748481411306 0
      vertex 0 12.5 0
    endloop
  endfacet
  facet normal 0.13683924960834085 0.45109855160133694 0.8819212643483556
    outer loop
      vertex 0.6081582930061062 12.057418203893441 0.07575392663191494
      vertex 1.126784489586 11.720298396630167 0.1677188678166508
      vertex 1.1929454038710878 11.88002497319623 0.07575392663191494
    endloop
  endfacet
  facet normal 0.08426519384872788 0.2777851165098023 0.9569403357322084
    outer loop
      vertex 0.6447558933120923 12.241406765228762 0.01912219546999383
      vertex 1.1929454038710878 11.88002497319623 0.07575392663191494
      vertex 1.2647341792274716 12.053338408287766 0.01912219546999383
    endloop
  endfacet
  facet normal 0.18415464974584206 0.6070765223338196 0.7730104533627353
    outer loop
      vertex 0.5744297513940791 11.887853374635487 0.1677188678166508
      vertex 1.0687939632047156 11.580296881351316 0.2914828579090054
      vertex 1.126784489586 11.720298396630167 0.1677188678166508
    endloop
  endfacet
  facet normal 0.22221488349019977 0.4157348061512723 0.8819212643483549
    outer loop
      vertex 1.1929454038710878 11.88002497319623 0.07575392663191494
      vertex 1.6358375317511522 11.448203876803264 0.1677188678166508
      vertex 1.7318882918767933 11.591953997915699 0.07575392663191494
    endloop
  endfacet
  facet normal 0.22221488349019886 0.4157348061512715 0.8819212643483555
    outer loop
      vertex 1.1929454038710878 11.88002497319623 0.07575392663191494
      vertex 1.126784489586 11.720298396630167 0.1677188678166508
      vertex 1.6358375317511522 11.448203876803264 0.1677188678166508
    endloop
  endfacet
  facet normal 0.2990509240190716 0.5594849272637084 0.7730104533627359
    outer loop
      vertex 1.126784489586 11.720298396630167 0.1677188678166508
      vertex 1.5516483363750564 11.322205841849229 0.2914828579090054
      vertex 1.6358375317511522 11.448203876803264 0.1677188678166508
    endloop
  endfacet
  facet normal 0.1368392496083426 0.2560082295852105 0.9569403357322085
    outer loop
      vertex 1.1929454038710878 11.88002497319623 0.07575392663191494
      vertex 1.7318882918767933 11.591953997915699 0.07575392663191494
      vertex 1.2647341792274716 12.053338408287766 0.01912219546999383
    endloop
  endfacet
  facet normal 0.13683924960834076 0.25600822958520875 0.9569403357322093
    outer loop
      vertex 1.2647341792274716 12.053338408287766 0.01912219546999383
      vertex 1.7318882918767933 11.591953997915699 0.07575392663191494
      vertex 1.8361094399062379 11.74793196864818 0.01912219546999383
    endloop
  endfacet
  facet normal 0.04620496010437032 0.08644340032725555 0.995184726672197
    outer loop
      vertex 1.2647341792274716 12.053338408287766 0.01912219546999383
      vertex 1.8361094399062379 11.74793196864818 0.01912219546999383
      vertex 1.3393920132778143 12.233578363789503 0
    endloop
  endfacet
  facet normal 0.22439308996872634 0.7397248827654447 0.6343932841636458
    outer loop
      vertex 0.5448664374149773 11.739228558750233 0.2914828579090054
      vertex 1.0212023681346056 11.465400607078088 0.4422897161773749
      vertex 1.0687939632047156 11.580296881351316 0.2914828579090054
    endloop
  endfacet
  facet normal 0.2990509240190721 0.5594849272637087 0.7730104533627354
    outer loop
      vertex 1.0687939632047156 11.580296881351316 0.2914828579090054
      vertex 1.5516483363750564 11.322205841849229 0.2914828579090054
      vertex 1.126784489586 11.720298396630167 0.1677188678166508
    endloop
  endfacet
  facet normal 0.3643946052475803 0.6817343563841592 0.6343932841636457
    outer loop
      vertex 1.0687939632047156 11.580296881351316 0.2914828579090054
      vertex 1.0212023681346056 11.465400607078088 0.4422897161773749
      vertex 1.4825560493129641 11.218801926876363 0.4422897161773749
    endloop
  endfacet
  facet normal 0.36439460524758 0.6817343563841591 0.6343932841636462
    outer loop
      vertex 1.0687939632047156 11.580296881351316 0.2914828579090054
      vertex 1.4825560493129641 11.218801926876363 0.4422897161773749
      vertex 1.5516483363750564 11.322205841849229 0.2914828579090054
    endloop
  endfacet
  facet normal 0.41573480615127456 0.7777851165098014 0.47139673682599537
    outer loop
      vertex 1.0212023681346056 11.465400607078088 0.4422897161773749
      vertex 1.431215848409271 11.141965886347492 0.6143440196319667
      vertex 1.4825560493129641 11.218801926876363 0.4422897161773749
    endloop
  endfacet
  facet normal 0.028452873945971763 0.09379655517448032 0.995184726672197
    outer loop
      vertex 0.6447558933120923 12.241406765228762 0.01912219546999383
      vertex 1.2647341792274716 12.053338408287766 0.01912219546999383
      vertex 0.6828161270564489 12.432748481411306 0
    endloop
  endfacet
  facet normal 0.02845287394597157 0.09379655517448002 0.995184726672197
    outer loop
      vertex 1.2647341792274716 12.053338408287766 0.01912219546999383
      vertex 1.3393920132778143 12.233578363789503 0
      vertex 0.6828161270564489 12.432748481411306 0
    endloop
  endfacet
  facet normal 0.08644340032725732 0.8776745724069169 0.4713967368259957
    outer loop
      vertex 0 11.668530387697455 0.4422897161773749
      vertex 0 11.576120467488714 0.6143440196319667
      vertex 0.5025761715547119 11.526621035058419 0.6143440196319667
    endloop
  endfacet
  facet normal 0.09379655517448189 0.9523324064572576 0.2902846772544655
    outer loop
      vertex 0 11.576120467488714 0.6143440196319667
      vertex 0 11.51921471959677 0.8010338178801852
      vertex 0.49147441087390403 11.470808715155663 0.8010338178801852
    endloop
  endfacet
  facet normal 0.09379655517448174 0.9523324064572575 0.2902846772544658
    outer loop
      vertex 0 11.576120467488714 0.6143440196319667
      vertex 0.49147441087390403 11.470808715155663 0.8010338178801852
      vertex 0.5025761715547119 11.526621035058419 0.6143440196319667
    endloop
  endfacet
  facet normal 0.2560082295852097 0.8439460307948894 0.471396736825997
    outer loop
      vertex 0.52060445264572 11.61725532456239 0.4422897161773749
      vertex 0.5025761715547119 11.526621035058419 0.6143440196319667
      vertex 0.9858386226845406 11.38002497319623 0.6143440196319667
    endloop
  endfacet
  facet normal 0.27778511650980126 0.9157348061512731 0.29028467725446083
    outer loop
      vertex 0.5025761715547119 11.526621035058419 0.6143440196319667
      vertex 0.964061735759949 11.327450917436616 0.8010338178801852
      vertex 0.9858386226845406 11.38002497319623 0.6143440196319667
    endloop
  endfacet
  facet normal 0.27778511650979887 0.9157348061512722 0.2902846772544656
    outer loop
      vertex 0.5025761715547119 11.526621035058419 0.6143440196319667
      vertex 0.49147441087390403 11.470808715155663 0.8010338178801852
      vertex 0.964061735759949 11.327450917436616 0.8010338178801852
    endloop
  endfacet
  facet normal 0.09754516100806546 0.9903926402016158 0.09801714032955329
    outer loop
      vertex 0 11.51921471959677 0.8010338178801852
      vertex 0.4877258050403206 11.451963201008077 0.9951847266721967
      vertex 0.49147441087390403 11.470808715155663 0.8010338178801852
    endloop
  endfacet
  facet normal 0.09754516100806244 0.9903926402016153 0.09801714032956071
    outer loop
      vertex 0 11.51921471959677 0.8010338178801852
      vertex 0 11.5 0.9951847266721967
      vertex 0.4877258050403206 11.451963201008077 0.9951847266721967
    endloop
  endfacet
  facet normal 0.28888687719060696 0.952332406457259 0.09801714032956249
    outer loop
      vertex 0.49147441087390403 11.470808715155663 0.8010338178801852
      vertex 0.9567085809127245 11.309698831278217 0.9951847266721967
      vertex 0.964061735759949 11.327450917436616 0.8010338178801852
    endloop
  endfacet
  facet normal 0.28888687719061057 0.9523324064572587 0.09801714032955361
    outer loop
      vertex 0.49147441087390403 11.470808715155663 0.8010338178801852
      vertex 0.4877258050403206 11.451963201008077 0.9951847266721967
      vertex 0.9567085809127245 11.309698831278217 0.9951847266721967
    endloop
  endfacet
  facet normal 0.4157348061512723 0.7777851165098004 0.47139673682599903
    outer loop
      vertex 1.0212023681346056 11.465400607078088 0.4422897161773749
      vertex 0.9858386226845406 11.38002497319623 0.6143440196319667
      vertex 1.431215848409271 11.141965886347492 0.6143440196319667
    endloop
  endfacet
  facet normal 0.4510985516013391 0.843946030794889 0.29028467725446105
    outer loop
      vertex 0.9858386226845406 11.38002497319623 0.6143440196319667
      vertex 0.964061735759949 11.327450917436616 0.8010338178801852
      vertex 1.399600708792789 11.094650486209991 0.8010338178801852
    endloop
  endfacet
  facet normal 0.29905092401906924 0.364394605247579 0.8819212643483555
    outer loop
      vertex 1.7318882918767933 11.591953997915699 0.07575392663191494
      vertex 2.082026254959365 11.082026254959365 0.1677188678166508
      vertex 2.2042756840798177 11.204275684079818 0.07575392663191494
    endloop
  endfacet
  facet normal 0.18415464974584136 0.22439308996872728 0.9569403357322092
    outer loop
      vertex 1.7318882918767933 11.591953997915699 0.07575392663191494
      vertex 2.2042756840798177 11.204275684079818 0.07575392663191494
      vertex 1.8361094399062379 11.74793196864818 0.01912219546999383
    endloop
  endfacet
  facet normal 0.06218141555799817 0.07576827408347185 0.995184726672197
    outer loop
      vertex 1.8361094399062379 11.74793196864818 0.01912219546999383
      vertex 2.336924044511445 11.336924044511445 0.01912219546999383
      vertex 1.9444958155686076 11.910143643058909 0
    endloop
  endfacet
  facet normal 0.2990509240190702 0.3643946052475795 0.881921264348355
    outer loop
      vertex 1.7318882918767933 11.591953997915699 0.07575392663191494
      vertex 1.6358375317511522 11.448203876803264 0.1677188678166508
      vertex 2.082026254959365 11.082026254959365 0.1677188678166508
    endloop
  endfacet
  facet normal 0.04620496010437014 0.08644340032725537 0.995184726672197
    outer loop
      vertex 1.8361094399062379 11.74793196864818 0.01912219546999383
      vertex 1.9444958155686076 11.910143643058909 0
      vertex 1.3393920132778143 12.233578363789503 0
    endloop
  endfacet
  facet normal 0.18415464974584236 0.22439308996872795 0.9569403357322089
    outer loop
      vertex 1.8361094399062379 11.74793196864818 0.01912219546999383
      vertex 2.2042756840798177 11.204275684079818 0.07575392663191494
      vertex 2.336924044511445 11.336924044511445 0.01912219546999383
    endloop
  endfacet
  facet normal 0.06218141555799823 0.07576827408347189 0.995184726672197
    outer loop
      vertex 2.336924044511445 11.336924044511445 0.01912219546999383
      vertex 2.4748737341529163 11.474873734152917 0
      vertex 1.9444958155686076 11.910143643058909 0
    endloop
  endfacet
  facet normal 0.09754516100806325 -0.009607359798384686 0.995184726672197
    outer loop
      vertex 3.2414067652287617 8.355244106687907 0.01912219546999383
      vertex 3.4327484814113065 8.31718387294355 0
      vertex 3.5 9 0
    endloop
  endfacet
  facet normal 0.09754516100806315 0.009607359798384677 0.995184726672197
    outer loop
      vertex 3.3049096779838716 9 0.01912219546999383
      vertex 3.5 9 0
      vertex 3.4327484814113065 9.68281612705645 0
    endloop
  endfacet
  facet normal 0.0980171403295607 -0.9951847266721968 0
    outer loop
      vertex 0 6.5 0.9951847266721967
      vertex 0.4877258050403206 6.548036798991924 0.9951847266721967
      vertex 0 6.5 5
    endloop
  endfacet
  facet normal 0.29028467725446205 -0.9569403357322089 0
    outer loop
      vertex 0.4877258050403206 6.548036798991924 0.9951847266721967
      vertex 0.9567085809127245 6.690301168721783 0.9951847266721967
      vertex 0.4877258050403206 6.548036798991924 5
    endloop
  endfacet
  facet normal 0.4713967368259978 -0.8819212643483549 0
    outer loop
      vertex 0.9567085809127245 6.690301168721783 0.9951847266721967
      vertex 1.3889255825490054 6.921325969243637 0.9951847266721967
      vertex 0.9567085809127245 6.690301168721783 5
    endloop
  endfacet
  facet normal 0.6343932841636453 -0.7730104533627371 0
    outer loop
      vertex 1.3889255825490054 6.921325969243637 0.9951847266721967
      vertex 1.7677669529663689 7.232233047033631 0.9951847266721967
      vertex 1.3889255825490054 6.921325969243637 5
    endloop
  endfacet
  facet normal 0.7730104533627374 -0.6343932841636448 0
    outer loop
      vertex 1.7677669529663689 7.232233047033631 0.9951847266721967
      vertex 2.078674030756363 7.611074417450995 0.9951847266721967
      vertex 1.7677669529663689 7.232233047033631 5
    endloop
  endfacet
  facet normal 0.0980171403295607 -0.9951847266721968 0
    outer loop
      vertex 0.4877258050403206 6.548036798991924 0.9951847266721967
      vertex 0.4877258050403206 6.548036798991924 5
      vertex 0 6.5 5
    endloop
  endfacet
  facet normal 0.29028467725446205 -0.9569403357322089 0
    outer loop
      vertex 0.9567085809127245 6.690301168721783 0.9951847266721967
      vertex 0.9567085809127245 6.690301168721783 5
      vertex 0.4877258050403206 6.548036798991924 5
    endloop
  endfacet
  facet normal 0.4713967368259978 -0.8819212643483549 0
    outer loop
      vertex 1.3889255825490054 6.921325969243637 0.9951847266721967
      vertex 1.3889255825490054 6.921325969243637 5
      vertex 0.9567085809127245 6.690301168721783 5
    endloop
  endfacet
  facet normal 0.6343932841636453 -0.7730104533627371 0
    outer loop
      vertex 1.7677669529663689 7.232233047033631 0.9951847266721967
      vertex 1.7677669529663689 7.232233047033631 5
      vertex 1.3889255825490054 6.921325969243637 5
    endloop
  endfacet
  facet normal 0.7730104533627374 -0.6343932841636448 0
    outer loop
      vertex 2.078674030756363 7.611074417450995 0.9951847266721967
      vertex 2.078674030756363 7.611074417450995 5
      vertex 1.7677669529663689 7.232233047033631 5
    endloop
  endfacet
  facet normal 0 0 1
    outer loop
      vertex 0 6.5 5
      vertex 0.4877258050403206 6.548036798991924 5
      vertex 0 7.4 5
    endloop
  endfacet
  facet normal 0 0 1
    outer loop
      vertex 0 7.4 5
      vertex 0.4877258050403206 6.548036798991924 5
      vertex 0.3121445152258052 7.430743551354832 5
    endloop
  endfacet
  facet normal 0 0 1
    outer loop
      vertex 0.3121445152258052 7.430743551354832 5
      vertex 0.4877258050403206 6.548036798991924 5
      vertex 0.9567085809127245 6.690301168721783 5
    endloop
  endfacet
  facet normal 0 0 1
    outer loop
      vertex 0.3121445152258052 7.430743551354832 5
      vertex 0.9567085809127245 6.690301168721783 5
      vertex 0.6122934917841436 7.521792747981941 5
    endloop
  endfacet
  facet normal 0 0 1
    outer loop
      vertex 0.6122934917841436 7.521792747981941 5
      vertex 0.9567085809127245 6.690301168721783 5
      vertex 1.3889255825490054 6.921325969243637 5
    endloop
  endfacet
  facet normal 0 0 1
    outer loop
      vertex 0.6122934917841436 7.521792747981941 5
      vertex 1.3889255825490054 6.921325969243637 5
      vertex 0.8889123728313635 7.669648620315927 5
    endloop
  endfacet
  facet normal 0 0 1
    outer loop
      vertex 0.8889123728313635 7.669648620315927 5
      vertex 1.3889255825490054 6.921325969243637 5
      vertex 1.7677669529663689 7.232233047033631 5
    endloop
  endfacet
  facet normal 0.47139673682599637 0.8819212643483556 3.4835606743917074e-18
    outer loop
      vertex 0.9567085809127245 11.309698831278217 0.9951847266721967
      vertex 1.3889255825490054 11.078674030756364 5
      vertex 1.3889255825490054 11.078674030756364 0.9951847266721967
    endloop
  endfacet
  facet normal 0.6343932841636464 0.7730104533627362 -2.5631416031691933e-18
    outer loop
      vertex 1.3889255825490054 11.078674030756364 0.9951847266721967
      vertex 1.7677669529663689 10.767766952966369 5
      vertex 1.7677669529663689 10.767766952966369 0.9951847266721967
    endloop
  endfacet
  facet normal 0.8819212643483545 -0.4713967368259986 0
    outer loop
      vertex 2.078674030756363 7.611074417450995 0.9951847266721967
      vertex 2.309698831278217 8.043291419087275 0.9951847266721967
      vertex 2.078674030756363 7.611074417450995 5
    endloop
  endfacet
  facet normal 0.9569403357322093 -0.2902846772544615 0
    outer loop
      vertex 2.309698831278217 8.043291419087275 0.9951847266721967
      vertex 2.451963201008076 8.51227419495968 0.9951847266721967
      vertex 2.309698831278217 8.043291419087275 5
    endloop
  endfacet
  facet normal 0.9951847266721968 -0.09801714032956084 0
    outer loop
      vertex 2.451963201008076 8.51227419495968 0.9951847266721967
      vertex 2.5 9 0.9951847266721967
      vertex 2.451963201008076 8.51227419495968 5
    endloop
  endfacet
  facet normal 0.9951847266721968 0.09801714032956084 0
    outer loop
      vertex 2.5 9 0.9951847266721967
      vertex 2.451963201008076 9.48772580504032 0.9951847266721967
      vertex 2.5 9 5
    endloop
  endfacet
  facet normal 0.9569403357322093 0.2902846772544615 1.8158008998558825e-18
    outer loop
      vertex 2.309698831278217 9.956708580912725 0.9951847266721967
      vertex 2.451963201008076 9.48772580504032 5
      vertex 2.451963201008076 9.48772580504032 0.9951847266721967
    endloop
  endfacet
  facet normal 0.8819212643483545 0.4713967368259986 -2.7125471356239206e-18
    outer loop
      vertex 2.078674030756363 10.388925582549005 0.9951847266721967
      vertex 2.309698831278217 9.956708580912725 5
      vertex 2.309698831278217 9.956708580912725 0.9951847266721967
    endloop
  endfacet
  facet normal 0.7730104533627374 0.6343932841636448 -4.643918202003011e-19
    outer loop
      vertex 1.7677669529663689 10.767766952966369 0.9951847266721967
      vertex 2.078674030756363 10.388925582549005 5
      vertex 2.078674030756363 10.388925582549005 0.9951847266721967
    endloop
  endfacet
  facet normal 0.0980171403295589 0.9951847266721969 -4.409536661174983e-19
    outer loop
      vertex 0 11.5 0.9951847266721967
      vertex 0.4877258050403206 11.451963201008077 5
      vertex 0.4877258050403206 11.451963201008077 0.9951847266721967
    endloop
  endfacet
  facet normal 0.2902846772544637 0.9569403357322085 -2.6652757950812174e-18
    outer loop
      vertex 0.4877258050403206 11.451963201008077 0.9951847266721967
      vertex 0.9567085809127245 11.309698831278217 5
      vertex 0.9567085809127245 11.309698831278217 0.9951847266721967
    endloop
  endfacet
  facet normal 0.47139673682599637 0.8819212643483556 0
    outer loop
      vertex 0.9567085809127245 11.309698831278217 0.9951847266721967
      vertex 0.9567085809127245 11.309698831278217 5
      vertex 1.3889255825490054 11.078674030756364 5
    endloop
  endfacet
  facet normal 0.6343932841636464 0.7730104533627362 0
    outer loop
      vertex 1.3889255825490054 11.078674030756364 0.9951847266721967
      vertex 1.3889255825490054 11.078674030756364 5
      vertex 1.7677669529663689 10.767766952966369 5
    endloop
  endfacet
  facet normal 0.8819212643483545 -0.4713967368259986 0
    outer loop
      vertex 2.309698831278217 8.043291419087275 0.9951847266721967
      vertex 2.309698831278217 8.043291419087275 5
      vertex 2.078674030756363 7.611074417450995 5
    endloop
  endfacet
  facet normal 0.9569403357322093 -0.2902846772544615 0
    outer loop
      vertex 2.451963201008076 8.51227419495968 0.9951847266721967
      vertex 2.451963201008076 8.51227419495968 5
      vertex 2.309698831278217 8.043291419087275 5
    endloop
  endfacet
  facet normal 0.9951847266721968 -0.09801714032956084 0
    outer loop
      vertex 2.5 9 0.9951847266721967
      vertex 2.5 9 5
      vertex 2.451963201008076 8.51227419495968 5
    endloop
  endfacet
  facet normal 0.9951847266721968 0.09801714032956084 0
    outer loop
      vertex 2.451963201008076 9.48772580504032 0.9951847266721967
      vertex 2.451963201008076 9.48772580504032 5
      vertex 2.5 9 5
    endloop
  endfacet
  facet normal 0.9569403357322093 0.2902846772544615 0
    outer loop
      vertex 2.309698831278217 9.956708580912725 0.9951847266721967
      vertex 2.309698831278217 9.956708580912725 5
      vertex 2.451963201008076 9.48772580504032 5
    endloop
  endfacet
  facet normal 0.8819212643483545 0.4713967368259986 0
    outer loop
      vertex 2.078674030756363 10.388925582549005 0.9951847266721967
      vertex 2.078674030756363 10.388925582549005 5
      vertex 2.309698831278217 9.956708580912725 5
    endloop
  endfacet
  facet normal 0.7730104533627374 0.6343932841636448 0
    outer loop
      vertex 1.7677669529663689 10.767766952966369 0.9951847266721967
      vertex 1.7677669529663689 10.767766952966369 5
      vertex 2.078674030756363 10.388925582549005 5
    endloop
  endfacet
  facet normal 0 0 1
    outer loop
      vertex 0.8889123728313635 7.669648620315927 5
      vertex 1.7677669529663689 7.232233047033631 5
      vertex 1.1313708498984762 7.8686291501015235 5
    endloop
  endfacet
  facet normal 0 0 1
    outer loop
      vertex 1.1313708498984762 7.8686291501015235 5
      vertex 1.7677669529663689 7.232233047033631 5
      vertex 2.078674030756363 7.611074417450995 5
    endloop
  endfacet
  facet normal 0 0 1
    outer loop
      vertex 1.1313708498984762 7.8686291501015235 5
      vertex 2.078674030756363 7.611074417450995 5
      vertex 1.3303513796840725 8.111087627168637 5
    endloop
  endfacet
  facet normal 0 0 1
    outer loop
      vertex 0 10.6 5
      vertex 0.3121445152258052 10.569256448645168 5
      vertex 0 11.5 5
    endloop
  endfacet
  facet normal 0 0 1
    outer loop
      vertex 0.3121445152258052 10.569256448645168 5
      vertex 0.4877258050403206 11.451963201008077 5
      vertex 0 11.5 5
    endloop
  endfacet
  facet normal 0 0 1
    outer loop
      vertex 0.6122934917841437 10.47820725201806 5
      vertex 0.8889123728313635 10.330351379684073 5
      vertex 0.9567085809127245 11.309698831278217 5
    endloop
  endfacet
  facet normal 0 0 1
    outer loop
      vertex 0.3121445152258052 10.569256448645168 5
      vertex 0.6122934917841437 10.47820725201806 5
      vertex 0.4877258050403206 11.451963201008077 5
    endloop
  endfacet
  facet normal 0 0 1
    outer loop
      vertex 0.6122934917841437 10.47820725201806 5
      vertex 0.9567085809127245 11.309698831278217 5
      vertex 0.4877258050403206 11.451963201008077 5
    endloop
  endfacet
  facet normal 0 0 1
    outer loop
      vertex 1.1313708498984762 10.131370849898476 5
      vertex 1.3303513796840725 9.888912372831363 5
      vertex 1.7677669529663689 10.767766952966369 5
    endloop
  endfacet
  facet normal 0 0 1
    outer loop
      vertex 1.3303513796840725 9.888912372831363 5
      vertex 1.478207252018059 9.612293491784143 5
      vertex 2.078674030756363 10.388925582549005 5
    endloop
  endfacet
  facet normal 0 0 1
    outer loop
      vertex 0.8889123728313635 10.330351379684073 5
      vertex 1.1313708498984762 10.131370849898476 5
      vertex 1.3889255825490054 11.078674030756364 5
    endloop
  endfacet
  facet normal 0 0 1
    outer loop
      vertex 0.8889123728313635 10.330351379684073 5
      vertex 1.3889255825490054 11.078674030756364 5
      vertex 0.9567085809127245 11.309698831278217 5
    endloop
  endfacet
  facet normal 0 0 1
    outer loop
      vertex 1.1313708498984762 10.131370849898476 5
      vertex 1.7677669529663689 10.767766952966369 5
      vertex 1.3889255825490054 11.078674030756364 5
    endloop
  endfacet
  facet normal 0 0 1
    outer loop
      vertex 1.3303513796840725 8.111087627168637 5
      vertex 2.078674030756363 7.611074417450995 5
      vertex 2.309698831278217 8.043291419087275 5
    endloop
  endfacet
  facet normal 0 0 1
    outer loop
      vertex 1.3303513796840725 8.111087627168637 5
      vertex 2.309698831278217 8.043291419087275 5
      vertex 1.478207252018059 8.387706508215857 5
    endloop
  endfacet
  facet normal 0 0 1
    outer loop
      vertex 1.478207252018059 8.387706508215857 5
      vertex 2.309698831278217 8.043291419087275 5
      vertex 2.451963201008076 8.51227419495968 5
    endloop
  endfacet
  facet normal 0 0 1
    outer loop
      vertex 1.478207252018059 8.387706508215857 5
      vertex 2.451963201008076 8.51227419495968 5
      vertex 1.5692564486451688 8.687855484774195 5
    endloop
  endfacet
  facet normal 0 0 1
    outer loop
      vertex 1.5692564486451688 8.687855484774195 5
      vertex 2.5 9 5
      vertex 1.6 9 5
    endloop
  endfacet
  facet normal 0 0 1
    outer loop
      vertex 1.5692564486451688 9.312144515225805 5
      vertex 1.6 9 5
      vertex 2.451963201008076 9.48772580504032 5
    endloop
  endfacet
  facet normal 0 0 1
    outer loop
      vertex 1.5692564486451688 8.687855484774195 5
      vertex 2.451963201008076 8.51227419495968 5
      vertex 2.5 9 5
    endloop
  endfacet
  facet normal 0 0 1
    outer loop
      vertex 1.6 9 5
      vertex 2.5 9 5
      vertex 2.451963201008076 9.48772580504032 5
    endloop
  endfacet
  facet normal 0 0 1
    outer loop
      vertex 1.5692564486451688 9.312144515225805 5
      vertex 2.309698831278217 9.956708580912725 5
      vertex 1.478207252018059 9.612293491784143 5
    endloop
  endfacet
  facet normal 0 0 1
    outer loop
      vertex 1.478207252018059 9.612293491784143 5
      vertex 2.309698831278217 9.956708580912725 5
      vertex 2.078674030756363 10.388925582549005 5
    endloop
  endfacet
  facet normal 0 0 1
    outer loop
      vertex 1.5692564486451688 9.312144515225805 5
      vertex 2.451963201008076 9.48772580504032 5
      vertex 2.309698831278217 9.956708580912725 5
    endloop
  endfacet
  facet normal 0 0 1
    outer loop
      vertex 1.3303513796840725 9.888912372831363 5
      vertex 2.078674030756363 10.388925582549005 5
      vertex 1.7677669529663689 10.767766952966369 5
    endloop
  endfacet
  facet normal 0.0980171403295589 0.9951847266721969 0
    outer loop
      vertex 0 11.5 0.9951847266721967
      vertex 0 11.5 5
      vertex 0.4877258050403206 11.451963201008077 5
    endloop
  endfacet
  facet normal 0.2902846772544637 0.9569403357322085 0
    outer loop
      vertex 0.4877258050403206 11.451963201008077 0.9951847266721967
      vertex 0.4877258050403206 11.451963201008077 5
      vertex 0.9567085809127245 11.309698831278217 5
    endloop
  endfacet
  facet normal 0 0 1
    outer loop
      vertex -1.478207252018059 -9.612293491784143 0.0009999999999998899
      vertex -1.3303513796840725 -9.888912372831363 0.0009999999999998899
      vertex 0 -9 0.0009999999999998899
    endloop
  endfacet
  facet normal 0 0 1
    outer loop
      vertex -0.8889123728313635 -10.330351379684073 0.0009999999999998899
      vertex -0.6122934917841437 -10.47820725201806 0.0009999999999998899
      vertex 0 -9 0.0009999999999998899
    endloop
  endfacet
  facet normal 0 0 1
    outer loop
      vertex -1.3303513796840725 -9.888912372831363 0.0009999999999998899
      vertex -1.1313708498984762 -10.131370849898476 0.0009999999999998899
      vertex 0 -9 0.0009999999999998899
    endloop
  endfacet
  facet normal 0 0 1
    outer loop
      vertex -1.1313708498984762 -10.131370849898476 0.0009999999999998899
      vertex -0.8889123728313635 -10.330351379684073 0.0009999999999998899
      vertex 0 -9 0.0009999999999998899
    endloop
  endfacet
  facet normal 0 0 1
    outer loop
      vertex -0.6122934917841437 -10.47820725201806 0.0009999999999998899
      vertex -0.3121445152258052 -10.569256448645168 0.0009999999999998899
      vertex 0 -9 0.0009999999999998899
    endloop
  endfacet
  facet normal 0 0 1
    outer loop
      vertex -0.3121445152258052 -10.569256448645168 0.0009999999999998899
      vertex 0 -10.6 0.0009999999999998899
      vertex 0 -9 0.0009999999999998899
    endloop
  endfacet
  facet normal 0 0 1
    outer loop
      vertex -1.6 -9 0.0009999999999998899
      vertex -1.5692564486451688 -9.312144515225805 0.0009999999999998899
      vertex 0 -9 0.0009999999999998899
    endloop
  endfacet
  facet normal 0 0 1
    outer loop
      vertex -1.478207252018059 -9.612293491784143 0.0009999999999998899
      vertex 0 -9 0.0009999999999998899
      vertex -1.5692564486451688 -9.312144515225805 0.0009999999999998899
    endloop
  endfacet
  facet normal 0 0 1
    outer loop
      vertex -1.6 -9 0.0009999999999998899
      vertex 0 -9 0.0009999999999998899
      vertex -1.5692564486451688 -8.687855484774195 0.0009999999999998899
    endloop
  endfacet
  facet normal 0 0 1
    outer loop
      vertex -1.5692564486451688 -8.687855484774195 0.0009999999999998899
      vertex 0 -9 0.0009999999999998899
      vertex -1.478207252018059 -8.387706508215857 0.0009999999999998899
    endloop
  endfacet
  facet normal 0 0 1
    outer loop
      vertex -1.478207252018059 -8.387706508215857 0.0009999999999998899
      vertex 0 -9 0.0009999999999998899
      vertex -1.3303513796840725 -8.111087627168637 0.0009999999999998899
    endloop
  endfacet
  facet normal 0 0 1
    outer loop
      vertex -1.3303513796840725 -8.111087627168637 0.0009999999999998899
      vertex 0 -9 0.0009999999999998899
      vertex -1.1313708498984762 -7.8686291501015235 0.0009999999999998899
    endloop
  endfacet
  facet normal 0 0 1
    outer loop
      vertex -1.1313708498984762 -7.8686291501015235 0.0009999999999998899
      vertex 0 -9 0.0009999999999998899
      vertex -0.8889123728313635 -7.669648620315927 0.0009999999999998899
    endloop
  endfacet
  facet normal 0 0 1
    outer loop
      vertex -0.8889123728313635 -7.669648620315927 0.0009999999999998899
      vertex 0 -9 0.0009999999999998899
      vertex -0.6122934917841437 -7.521792747981941 0.0009999999999998899
    endloop
  endfacet
  facet normal 0 0 1
    outer loop
      vertex -0.6122934917841437 -7.521792747981941 0.0009999999999998899
      vertex 0 -9 0.0009999999999998899
      vertex -0.3121445152258052 -7.430743551354832 0.0009999999999998899
    endloop
  endfacet
  facet normal 0 0 1
    outer loop
      vertex -0.3121445152258052 -7.430743551354832 0.0009999999999998899
      vertex 0 -9 0.0009999999999998899
      vertex 0 -7.4 0.0009999999999998899
    endloop
  endfacet
  facet normal 0.9569403357322088 0.29028467725446233 8.986764837831171e-19
    outer loop
      vertex -1.478207252018059 -9.612293491784143 0.0009999999999998899
      vertex -1.5692564486451688 -9.312144515225805 0.0009999999999998899
      vertex -1.5692564486451688 -9.312144515225805 5
    endloop
  endfacet
  facet normal 0.881921264348355 0.4713967368259974 0
    outer loop
      vertex -1.478207252018059 -9.612293491784143 0.0009999999999998899
      vertex -1.478207252018059 -9.612293491784143 5
      vertex -1.3303513796840725 -9.888912372831363 0.0009999999999998899
    endloop
  endfacet
  facet normal 0.7730104533627367 0.6343932841636458 0
    outer loop
      vertex -1.3303513796840725 -9.888912372831363 0.0009999999999998899
      vertex -1.3303513796840725 -9.888912372831363 5
      vertex -1.1313708498984762 -10.131370849898476 0.0009999999999998899
    endloop
  endfacet
  facet normal 0.6343932841636469 0.7730104533627358 0
    outer loop
      vertex -1.1313708498984762 -10.131370849898476 0.0009999999999998899
      vertex -1.1313708498984762 -10.131370849898476 5
      vertex -0.8889123728313635 -10.330351379684073 0.0009999999999998899
    endloop
  endfacet
  facet normal 0.47139673682599736 0.8819212643483552 0
    outer loop
      vertex -0.8889123728313635 -10.330351379684073 0.0009999999999998899
      vertex -0.8889123728313635 -10.330351379684073 5
      vertex -0.6122934917841437 -10.47820725201806 0.0009999999999998899
    endloop
  endfacet
  facet normal 0.2902846772544602 0.9569403357322095 0
    outer loop
      vertex -0.6122934917841437 -10.47820725201806 0.0009999999999998899
      vertex -0.6122934917841437 -10.47820725201806 5
      vertex -0.3121445152258052 -10.569256448645168 0.0009999999999998899
    endloop
  endfacet
  facet normal 0.09801714032956069 0.9951847266721968 0
    outer loop
      vertex -0.3121445152258052 -10.569256448645168 0.0009999999999998899
      vertex -0.3121445152258052 -10.569256448645168 5
      vertex 0 -10.6 0.0009999999999998899
    endloop
  endfacet
  facet normal 0.9951847266721968 0.09801714032956073 0
    outer loop
      vertex -1.6 -9 0.0009999999999998899
      vertex -1.6 -9 5
      vertex -1.5692564486451688 -9.312144515225805 0.0009999999999998899
    endloop
  endfacet
  facet normal 0.9951847266721968 -0.09801714032956073 -4.108896772445037e-19
    outer loop
      vertex -1.6 -9 0.0009999999999998899
      vertex -1.5692564486451688 -8.687855484774195 0.0009999999999998899
      vertex -1.5692564486451688 -8.687855484774195 5
    endloop
  endfacet
  facet normal 0.9569403357322088 -0.29028467725446233 -8.986764837831171e-19
    outer loop
      vertex -1.5692564486451688 -8.687855484774195 0.0009999999999998899
      vertex -1.478207252018059 -8.387706508215857 0.0009999999999998899
      vertex -1.478207252018059 -8.387706508215857 5
    endloop
  endfacet
  facet normal 0.881921264348355 -0.4713967368259974 1.2606744388234881e-18
    outer loop
      vertex -1.478207252018059 -8.387706508215857 0.0009999999999998899
      vertex -1.3303513796840725 -8.111087627168637 0.0009999999999998899
      vertex -1.3303513796840725 -8.111087627168637 5
    endloop
  endfacet
  facet normal 0.7730104533627378 -0.6343932841636445 -2.0302299374780823e-18
    outer loop
      vertex -1.3303513796840725 -8.111087627168637 0.0009999999999998899
      vertex -1.1313708498984762 -7.8686291501015235 0.0009999999999998899
      vertex -1.1313708498984762 -7.8686291501015235 5
    endloop
  endfacet
  facet normal 0.6343932841636453 -0.7730104533627372 -2.9858582617144534e-19
    outer loop
      vertex -1.1313708498984762 -7.8686291501015235 0.0009999999999998899
      vertex -0.8889123728313635 -7.669648620315927 0.0009999999999998899
      vertex -0.8889123728313635 -7.669648620315927 5
    endloop
  endfacet
  facet normal 0.47139673682599736 -0.8819212643483552 -1.1789403266239808e-17
    outer loop
      vertex -0.8889123728313635 -7.669648620315927 0.0009999999999998899
      vertex -0.6122934917841437 -7.521792747981941 0.0009999999999998899
      vertex -0.6122934917841436 -7.521792747981941 5
    endloop
  endfacet
  facet normal 0.9569403357322088 0.29028467725446233 0
    outer loop
      vertex -1.478207252018059 -9.612293491784143 0.0009999999999998899
      vertex -1.5692564486451688 -9.312144515225805 5
      vertex -1.478207252018059 -9.612293491784143 5
    endloop
  endfacet
  facet normal 0.881921264348355 0.4713967368259974 0
    outer loop
      vertex -1.3303513796840725 -9.888912372831363 0.0009999999999998899
      vertex -1.478207252018059 -9.612293491784143 5
      vertex -1.3303513796840725 -9.888912372831363 5
    endloop
  endfacet
  facet normal 0.7730104533627367 0.6343932841636458 0
    outer loop
      vertex -1.1313708498984762 -10.131370849898476 0.0009999999999998899
      vertex -1.3303513796840725 -9.888912372831363 5
      vertex -1.1313708498984762 -10.131370849898476 5
    endloop
  endfacet
  facet normal 0.6343932841636469 0.7730104533627358 0
    outer loop
      vertex -0.8889123728313635 -10.330351379684073 0.0009999999999998899
      vertex -1.1313708498984762 -10.131370849898476 5
      vertex -0.8889123728313635 -10.330351379684073 5
    endloop
  endfacet
  facet normal 0.47139673682599736 0.8819212643483552 0
    outer loop
      vertex -0.6122934917841437 -10.47820725201806 0.0009999999999998899
      vertex -0.8889123728313635 -10.330351379684073 5
      vertex -0.6122934917841437 -10.47820725201806 5
    endloop
  endfacet
  facet normal 0.2902846772544602 0.9569403357322095 0
    outer loop
      vertex -0.3121445152258052 -10.569256448645168 0.0009999999999998899
      vertex -0.6122934917841437 -10.47820725201806 5
      vertex -0.3121445152258052 -10.569256448645168 5
    endloop
  endfacet
  facet normal 0.09801714032956069 0.9951847266721968 4.467496950338843e-19
    outer loop
      vertex -0.3121445152258052 -10.569256448645168 5
      vertex 0 -10.6 5
      vertex 0 -10.6 0.0009999999999998899
    endloop
  endfacet
  facet normal 0.9951847266721968 0.09801714032956073 0
    outer loop
      vertex -1.5692564486451688 -9.312144515225805 0.0009999999999998899
      vertex -1.6 -9 5
      vertex -1.5692564486451688 -9.312144515225805 5
    endloop
  endfacet
  facet normal 0.9951847266721968 -0.09801714032956073 0
    outer loop
      vertex -1.6 -9 0.0009999999999998899
      vertex -1.5692564486451688 -8.687855484774195 5
      vertex -1.6 -9 5
    endloop
  endfacet
  facet normal 0.9569403357322088 -0.29028467725446233 0
    outer loop
      vertex -1.5692564486451688 -8.687855484774195 0.0009999999999998899
      vertex -1.478207252018059 -8.387706508215857 5
      vertex -1.5692564486451688 -8.687855484774195 5
    endloop
  endfacet
  facet normal 0.881921264348355 -0.4713967368259974 0
    outer loop
      vertex -1.478207252018059 -8.387706508215857 0.0009999999999998899
      vertex -1.3303513796840725 -8.111087627168637 5
      vertex -1.478207252018059 -8.387706508215857 5
    endloop
  endfacet
  facet normal 0.7730104533627378 -0.6343932841636445 0
    outer loop
      vertex -1.3303513796840725 -8.111087627168637 0.0009999999999998899
      vertex -1.1313708498984762 -7.8686291501015235 5
      vertex -1.3303513796840725 -8.111087627168637 5
    endloop
  endfacet
  facet normal 0.6343932841636453 -0.7730104533627372 0
    outer loop
      vertex -1.1313708498984762 -7.8686291501015235 0.0009999999999998899
      vertex -0.8889123728313635 -7.669648620315927 5
      vertex -1.1313708498984762 -7.8686291501015235 5
    endloop
  endfacet
  facet normal 0.47139673682599714 -0.8819212643483552 0
    outer loop
      vertex -0.8889123728313635 -7.669648620315927 0.0009999999999998899
      vertex -0.6122934917841436 -7.521792747981941 5
      vertex -0.8889123728313635 -7.669648620315927 5
    endloop
  endfacet
  facet normal 0.2902846772544602 -0.9569403357322095 -4.59353171732564e-19
    outer loop
      vertex -0.6122934917841437 -7.521792747981941 0.0009999999999998899
      vertex -0.3121445152258052 -7.430743551354832 0.0009999999999998899
      vertex -0.3121445152258052 -7.430743551354832 5
    endloop
  endfacet
  facet normal 0.09801714032956069 -0.9951847266721968 -4.467496950338843e-19
    outer loop
      vertex -0.3121445152258052 -7.430743551354832 0.0009999999999998899
      vertex 0 -7.4 0.0009999999999998899
      vertex 0 -7.4 5
    endloop
  endfacet
  facet normal 0.2902846772544603 -0.9569403357322095 -6.446904028481381e-18
    outer loop
      vertex -0.6122934917841437 -7.521792747981941 0.0009999999999998899
      vertex -0.3121445152258052 -7.430743551354832 5
      vertex -0.6122934917841436 -7.521792747981941 5
    endloop
  endfacet
  facet normal 0.09801714032956069 -0.9951847266721968 0
    outer loop
      vertex -0.3121445152258052 -7.430743551354832 0.0009999999999998899
      vertex 0 -7.4 5
      vertex -0.3121445152258052 -7.430743551354832 5
    endloop
  endfacet
  facet normal 0 0 1
    outer loop
      vertex 0 -10.6 0.0009999999999998899
      vertex 0.3121445152258052 -10.569256448645168 0.0009999999999998899
      vertex 0 -9 0.0009999999999998899
    endloop
  endfacet
  facet normal 0 0 1
    outer loop
      vertex 0.3121445152258052 -10.569256448645168 0.0009999999999998899
      vertex 0.6122934917841437 -10.47820725201806 0.0009999999999998899
      vertex 0 -9 0.0009999999999998899
    endloop
  endfacet
  facet normal 0 0 1
    outer loop
      vertex 0.6122934917841437 -10.47820725201806 0.0009999999999998899
      vertex 0.8889123728313635 -10.330351379684073 0.0009999999999998899
      vertex 0 -9 0.0009999999999998899
    endloop
  endfacet
  facet normal 0 0 1
    outer loop
      vertex 0 -9 0.0009999999999998899
      vertex 0.8889123728313635 -10.330351379684073 0.0009999999999998899
      vertex 1.1313708498984762 -10.131370849898476 0.0009999999999998899
    endloop
  endfacet
  facet normal 0 0 1
    outer loop
      vertex 0 -9 0.0009999999999998899
      vertex 1.1313708498984762 -10.131370849898476 0.0009999999999998899
      vertex 1.3303513796840725 -9.888912372831363 0.0009999999999998899
    endloop
  endfacet
  facet normal 0 0 1
    outer loop
      vertex 0 -9 0.0009999999999998899
      vertex 1.3303513796840725 -9.888912372831363 0.0009999999999998899
      vertex 1.478207252018059 -9.612293491784143 0.0009999999999998899
    endloop
  endfacet
  facet normal 0 0 1
    outer loop
      vertex 0 -9 0.0009999999999998899
      vertex 0.6122934917841437 -7.521792747981941 0.0009999999999998899
      vertex 0.3121445152258052 -7.430743551354832 0.0009999999999998899
    endloop
  endfacet
  facet normal 0 0 1
    outer loop
      vertex 0 -9 0.0009999999999998899
      vertex 0.3121445152258052 -7.430743551354832 0.0009999999999998899
      vertex 0 -7.4 0.0009999999999998899
    endloop
  endfacet
  facet normal 0 0 1
    outer loop
      vertex 0 -9 0.0009999999999998899
      vertex 0.8889123728313635 -7.669648620315927 0.0009999999999998899
      vertex 0.6122934917841437 -7.521792747981941 0.0009999999999998899
    endloop
  endfacet
  facet normal 0 0 1
    outer loop
      vertex 0 -9 0.0009999999999998899
      vertex 1.3303513796840725 -8.111087627168637 0.0009999999999998899
      vertex 1.1313708498984762 -7.8686291501015235 0.0009999999999998899
    endloop
  endfacet
  facet normal 0 0 1
    outer loop
      vertex 0 -9 0.0009999999999998899
      vertex 1.1313708498984762 -7.8686291501015235 0.0009999999999998899
      vertex 0.8889123728313635 -7.669648620315927 0.0009999999999998899
    endloop
  endfacet
  facet normal 0 0 1
    outer loop
      vertex 0 -9 0.0009999999999998899
      vertex 1.478207252018059 -9.612293491784143 0.0009999999999998899
      vertex 1.5692564486451688 -9.312144515225805 0.0009999999999998899
    endloop
  endfacet
  facet normal 0 0 1
    outer loop
      vertex 0 -9 0.0009999999999998899
      vertex 1.5692564486451688 -9.312144515225805 0.0009999999999998899
      vertex 1.6 -9 0.0009999999999998899
    endloop
  endfacet
  facet normal 0 0 1
    outer loop
      vertex 0 -9 0.0009999999999998899
      vertex 1.5692564486451688 -8.687855484774195 0.0009999999999998899
      vertex 1.478207252018059 -8.387706508215857 0.0009999999999998899
    endloop
  endfacet
  facet normal 0 0 1
    outer loop
      vertex 0 -9 0.0009999999999998899
      vertex 1.478207252018059 -8.387706508215857 0.0009999999999998899
      vertex 1.3303513796840725 -8.111087627168637 0.0009999999999998899
    endloop
  endfacet
  facet normal 0 0 1
    outer loop
      vertex 0 -9 0.0009999999999998899
      vertex 1.6 -9 0.0009999999999998899
      vertex 1.5692564486451688 -8.687855484774195 0.0009999999999998899
    endloop
  endfacet
  facet normal -0.09801714032956069 0.9951847266721968 0
    outer loop
      vertex 0 -10.6 0.0009999999999998899
      vertex 0 -10.6 5
      vertex 0.3121445152258052 -10.569256448645168 0.0009999999999998899
    endloop
  endfacet
  facet normal -0.2902846772544602 0.9569403357322095 0
    outer loop
      vertex 0.3121445152258052 -10.569256448645168 0.0009999999999998899
      vertex 0.3121445152258052 -10.569256448645168 5
      vertex 0.6122934917841437 -10.47820725201806 0.0009999999999998899
    endloop
  endfacet
  facet normal -0.47139673682599736 0.8819212643483552 -1.0469204059959745e-17
    outer loop
      vertex 0.6122934917841437 -10.47820725201806 0.0009999999999998899
      vertex 0.6122934917841436 -10.47820725201806 5
      vertex 0.8889123728313635 -10.330351379684073 0.0009999999999998899
    endloop
  endfacet
  facet normal -0.6343932841636469 0.7730104533627358 0
    outer loop
      vertex 0.8889123728313635 -10.330351379684073 0.0009999999999998899
      vertex 0.8889123728313635 -10.330351379684073 5
      vertex 1.1313708498984762 -10.131370849898476 0.0009999999999998899
    endloop
  endfacet
  facet normal -0.7730104533627367 0.6343932841636458 0
    outer loop
      vertex 1.1313708498984762 -10.131370849898476 0.0009999999999998899
      vertex 1.1313708498984762 -10.131370849898476 5
      vertex 1.3303513796840725 -9.888912372831363 0.0009999999999998899
    endloop
  endfacet
  facet normal -0.881921264348355 0.4713967368259974 0
    outer loop
      vertex 1.3303513796840725 -9.888912372831363 0.0009999999999998899
      vertex 1.3303513796840725 -9.888912372831363 5
      vertex 1.478207252018059 -9.612293491784143 0.0009999999999998899
    endloop
  endfacet
  facet normal -0.9569403357322088 0.29028467725446233 0
    outer loop
      vertex 1.478207252018059 -9.612293491784143 0.0009999999999998899
      vertex 1.478207252018059 -9.612293491784143 5
      vertex 1.5692564486451688 -9.312144515225805 0.0009999999999998899
    endloop
  endfacet
  facet normal -0.47139673682599736 -0.8819212643483552 -1.4868753844204635e-18
    outer loop
      vertex 0.6122934917841437 -7.521792747981941 0.0009999999999998899
      vertex 0.8889123728313635 -7.669648620315927 0.0009999999999998899
      vertex 0.8889123728313635 -7.669648620315927 5
    endloop
  endfacet
  facet normal -0.9951847266721968 0.09801714032956073 0
    outer loop
      vertex 1.5692564486451688 -9.312144515225805 0.0009999999999998899
      vertex 1.5692564486451688 -9.312144515225805 5
      vertex 1.6 -9 0.0009999999999998899
    endloop
  endfacet
  facet normal -0.9951847266721968 -0.09801714032956073 0
    outer loop
      vertex 1.6 -9 0.0009999999999998899
      vertex 1.6 -9 5
      vertex 1.5692564486451688 -8.687855484774195 0.0009999999999998899
    endloop
  endfacet
  facet normal -0.9569403357322088 -0.29028467725446233 8.986764837831171e-19
    outer loop
      vertex 1.478207252018059 -8.387706508215857 0.0009999999999998899
      vertex 1.5692564486451688 -8.687855484774195 0.0009999999999998899
      vertex 1.5692564486451688 -8.687855484774195 5
    endloop
  endfacet
  facet normal -0.7730104533627378 -0.6343932841636445 2.0302299374780823e-18
    outer loop
      vertex 1.1313708498984762 -7.8686291501015235 0.0009999999999998899
      vertex 1.3303513796840725 -8.111087627168637 0.0009999999999998899
      vertex 1.3303513796840725 -8.111087627168637 5
    endloop
  endfacet
  facet normal -0.6343932841636453 -0.7730104533627372 0
    outer loop
      vertex 1.1313708498984762 -7.8686291501015235 0.0009999999999998899
      vertex 1.1313708498984762 -7.8686291501015235 5
      vertex 0.8889123728313635 -7.669648620315927 0.0009999999999998899
    endloop
  endfacet
  facet normal -0.881921264348355 -0.4713967368259974 -1.2606744388234881e-18
    outer loop
      vertex 1.3303513796840725 -8.111087627168637 0.0009999999999998899
      vertex 1.478207252018059 -8.387706508215857 0.0009999999999998899
      vertex 1.478207252018059 -8.387706508215857 5
    endloop
  endfacet
  facet normal -0.09801714032956069 0.9951847266721968 0
    outer loop
      vertex 0.3121445152258052 -10.569256448645168 0.0009999999999998899
      vertex 0 -10.6 5
      vertex 0.3121445152258052 -10.569256448645168 5
    endloop
  endfacet
  facet normal -0.2902846772544603 0.9569403357322095 -6.446904028481381e-18
    outer loop
      vertex 0.6122934917841437 -10.47820725201806 0.0009999999999998899
      vertex 0.3121445152258052 -10.569256448645168 5
      vertex 0.6122934917841436 -10.47820725201806 5
    endloop
  endfacet
  facet normal -0.47139673682599714 0.8819212643483552 0
    outer loop
      vertex 0.8889123728313635 -10.330351379684073 0.0009999999999998899
      vertex 0.6122934917841436 -10.47820725201806 5
      vertex 0.8889123728313635 -10.330351379684073 5
    endloop
  endfacet
  facet normal -0.6343932841636469 0.7730104533627358 0
    outer loop
      vertex 1.1313708498984762 -10.131370849898476 0.0009999999999998899
      vertex 0.8889123728313635 -10.330351379684073 5
      vertex 1.1313708498984762 -10.131370849898476 5
    endloop
  endfacet
  facet normal -0.7730104533627367 0.6343932841636458 0
    outer loop
      vertex 1.3303513796840725 -9.888912372831363 0.0009999999999998899
      vertex 1.1313708498984762 -10.131370849898476 5
      vertex 1.3303513796840725 -9.888912372831363 5
    endloop
  endfacet
  facet normal -0.881921264348355 0.4713967368259974 0
    outer loop
      vertex 1.478207252018059 -9.612293491784143 0.0009999999999998899
      vertex 1.3303513796840725 -9.888912372831363 5
      vertex 1.478207252018059 -9.612293491784143 5
    endloop
  endfacet
  facet normal -0.9569403357322088 0.29028467725446233 0
    outer loop
      vertex 1.5692564486451688 -9.312144515225805 0.0009999999999998899
      vertex 1.478207252018059 -9.612293491784143 5
      vertex 1.5692564486451688 -9.312144515225805 5
    endloop
  endfacet
  facet normal -0.47139673682599736 -0.8819212643483552 0
    outer loop
      vertex 0.6122934917841437 -7.521792747981941 0.0009999999999998899
      vertex 0.8889123728313635 -7.669648620315927 5
      vertex 0.6122934917841437 -7.521792747981941 5
    endloop
  endfacet
  facet normal -0.9951847266721968 0.09801714032956073 0
    outer loop
      vertex 1.6 -9 0.0009999999999998899
      vertex 1.5692564486451688 -9.312144515225805 5
      vertex 1.6 -9 5
    endloop
  endfacet
  facet normal -0.9951847266721968 -0.09801714032956073 0
    outer loop
      vertex 1.5692564486451688 -8.687855484774195 0.0009999999999998899
      vertex 1.6 -9 5
      vertex 1.5692564486451688 -8.687855484774195 5
    endloop
  endfacet
  facet normal -0.9569403357322088 -0.29028467725446233 0
    outer loop
      vertex 1.478207252018059 -8.387706508215857 0.0009999999999998899
      vertex 1.5692564486451688 -8.687855484774195 5
      vertex 1.478207252018059 -8.387706508215857 5
    endloop
  endfacet
  facet normal -0.6343932841636453 -0.7730104533627372 0
    outer loop
      vertex 0.8889123728313635 -7.669648620315927 0.0009999999999998899
      vertex 1.1313708498984762 -7.8686291501015235 5
      vertex 0.8889123728313635 -7.669648620315927 5
    endloop
  endfacet
  facet normal -0.7730104533627378 -0.6343932841636445 0
    outer loop
      vertex 1.1313708498984762 -7.8686291501015235 0.0009999999999998899
      vertex 1.3303513796840725 -8.111087627168637 5
      vertex 1.1313708498984762 -7.8686291501015235 5
    endloop
  endfacet
  facet normal -0.881921264348355 -0.4713967368259974 0
    outer loop
      vertex 1.3303513796840725 -8.111087627168637 0.0009999999999998899
      vertex 1.478207252018059 -8.387706508215857 5
      vertex 1.3303513796840725 -8.111087627168637 5
    endloop
  endfacet
  facet normal -0.09801714032956069 -0.9951847266721968 4.467496950338843e-19
    outer loop
      vertex 0 -7.4 0.0009999999999998899
      vertex 0.3121445152258052 -7.430743551354832 0.0009999999999998899
      vertex 0.3121445152258052 -7.430743551354832 5
    endloop
  endfacet
  facet normal -0.2902846772544602 -0.9569403357322095 4.59353171732564e-19
    outer loop
      vertex 0.3121445152258052 -7.430743551354832 0.0009999999999998899
      vertex 0.6122934917841437 -7.521792747981941 0.0009999999999998899
      vertex 0.6122934917841437 -7.521792747981941 5
    endloop
  endfacet
  facet normal -0.09801714032956069 -0.9951847266721968 0
    outer loop
      vertex 0 -7.4 0.0009999999999998899
      vertex 0.3121445152258052 -7.430743551354832 5
      vertex 0 -7.4 5
    endloop
  endfacet
  facet normal -0.2902846772544602 -0.9569403357322095 0
    outer loop
      vertex 0.3121445152258052 -7.430743551354832 0.0009999999999998899
      vertex 0.6122934917841437 -7.521792747981941 5
      vertex 0.3121445152258052 -7.430743551354832 5
    endloop
  endfacet
  facet normal 0 0 1
    outer loop
      vertex -1.5692564486451688 8.687855484774195 0.0009999999999998899
      vertex 0 9 0.0009999999999998899
      vertex -1.6 9 0.0009999999999998899
    endloop
  endfacet
  facet normal 0 0 1
    outer loop
      vertex -1.478207252018059 8.387706508215857 0.0009999999999998899
      vertex -1.3303513796840725 8.111087627168637 0.0009999999999998899
      vertex 0 9 0.0009999999999998899
    endloop
  endfacet
  facet normal 0 0 1
    outer loop
      vertex -1.5692564486451688 8.687855484774195 0.0009999999999998899
      vertex -1.478207252018059 8.387706508215857 0.0009999999999998899
      vertex 0 9 0.0009999999999998899
    endloop
  endfacet
  facet normal 0 0 1
    outer loop
      vertex -1.6 9 0.0009999999999998899
      vertex 0 9 0.0009999999999998899
      vertex -1.5692564486451688 9.312144515225805 0.0009999999999998899
    endloop
  endfacet
  facet normal 0 0 1
    outer loop
      vertex -1.5692564486451688 9.312144515225805 0.0009999999999998899
      vertex 0 9 0.0009999999999998899
      vertex -1.478207252018059 9.612293491784143 0.0009999999999998899
    endloop
  endfacet
  facet normal 0 0 1
    outer loop
      vertex -0.8889123728313635 7.669648620315927 0.0009999999999998899
      vertex 0 9 0.0009999999999998899
      vertex -1.1313708498984762 7.8686291501015235 0.0009999999999998899
    endloop
  endfacet
  facet normal 0 0 1
    outer loop
      vertex -1.3303513796840725 8.111087627168637 0.0009999999999998899
      vertex -1.1313708498984762 7.8686291501015235 0.0009999999999998899
      vertex 0 9 0.0009999999999998899
    endloop
  endfacet
  facet normal 0 0 1
    outer loop
      vertex -0.8889123728313635 7.669648620315927 0.0009999999999998899
      vertex -0.6122934917841437 7.521792747981941 0.0009999999999998899
      vertex 0 9 0.0009999999999998899
    endloop
  endfacet
  facet normal 0 0 1
    outer loop
      vertex -0.3121445152258052 7.430743551354832 0.0009999999999998899
      vertex 0 7.4 0.0009999999999998899
      vertex 0 9 0.0009999999999998899
    endloop
  endfacet
  facet normal 0 0 1
    outer loop
      vertex -0.6122934917841437 7.521792747981941 0.0009999999999998899
      vertex -0.3121445152258052 7.430743551354832 0.0009999999999998899
      vertex 0 9 0.0009999999999998899
    endloop
  endfacet
  facet normal 0 0 1
    outer loop
      vertex -1.478207252018059 9.612293491784143 0.0009999999999998899
      vertex 0 9 0.0009999999999998899
      vertex -1.3303513796840725 9.888912372831363 0.0009999999999998899
    endloop
  endfacet
  facet normal 0 0 1
    outer loop
      vertex -1.3303513796840725 9.888912372831363 0.0009999999999998899
      vertex 0 9 0.0009999999999998899
      vertex -1.1313708498984762 10.131370849898476 0.0009999999999998899
    endloop
  endfacet
  facet normal 0 0 1
    outer loop
      vertex -1.1313708498984762 10.131370849898476 0.0009999999999998899
      vertex 0 9 0.0009999999999998899
      vertex -0.8889123728313635 10.330351379684073 0.0009999999999998899
    endloop
  endfacet
  facet normal 0 0 1
    outer loop
      vertex -0.8889123728313635 10.330351379684073 0.0009999999999998899
      vertex 0 9 0.0009999999999998899
      vertex -0.6122934917841437 10.47820725201806 0.0009999999999998899
    endloop
  endfacet
  facet normal 0 0 1
    outer loop
      vertex -0.6122934917841437 10.47820725201806 0.0009999999999998899
      vertex 0 9 0.0009999999999998899
      vertex -0.3121445152258052 10.569256448645168 0.0009999999999998899
    endloop
  endfacet
  facet normal 0 0 1
    outer loop
      vertex -0.3121445152258052 10.569256448645168 0.0009999999999998899
      vertex 0 9 0.0009999999999998899
      vertex 0 10.6 0.0009999999999998899
    endloop
  endfacet
  facet normal 0.2902846772544602 0.9569403357322095 0
    outer loop
      vertex -0.6122934917841437 7.521792747981941 0.0009999999999998899
      vertex -0.6122934917841437 7.521792747981941 5
      vertex -0.3121445152258052 7.430743551354832 0.0009999999999998899
    endloop
  endfacet
  facet normal 0.09801714032956069 0.9951847266721968 0
    outer loop
      vertex -0.3121445152258052 7.430743551354832 0.0009999999999998899
      vertex -0.3121445152258052 7.430743551354832 5
      vertex 0 7.4 0.0009999999999998899
    endloop
  endfacet
  facet normal 0.2902846772544602 0.9569403357322095 0
    outer loop
      vertex -0.3121445152258052 7.430743551354832 0.0009999999999998899
      vertex -0.6122934917841437 7.521792747981941 5
      vertex -0.3121445152258052 7.430743551354832 5
    endloop
  endfacet
  facet normal 0.09801714032956069 0.9951847266721968 4.467496950338843e-19
    outer loop
      vertex -0.3121445152258052 7.430743551354832 5
      vertex 0 7.4 5
      vertex 0 7.4 0.0009999999999998899
    endloop
  endfacet
  facet normal 0.881921264348355 0.4713967368259974 0
    outer loop
      vertex -1.478207252018059 8.387706508215857 0.0009999999999998899
      vertex -1.478207252018059 8.387706508215857 5
      vertex -1.3303513796840725 8.111087627168637 0.0009999999999998899
    endloop
  endfacet
  facet normal 0.6343932841636453 0.7730104533627372 2.9858582617144534e-19
    outer loop
      vertex -0.8889123728313635 7.669648620315927 0.0009999999999998899
      vertex -1.1313708498984762 7.8686291501015235 0.0009999999999998899
      vertex -1.1313708498984762 7.8686291501015235 5
    endloop
  endfacet
  facet normal 0.7730104533627378 0.6343932841636445 0
    outer loop
      vertex -1.3303513796840725 8.111087627168637 0.0009999999999998899
      vertex -1.3303513796840725 8.111087627168637 5
      vertex -1.1313708498984762 7.8686291501015235 0.0009999999999998899
    endloop
  endfacet
  facet normal 0.9569403357322088 0.29028467725446233 0
    outer loop
      vertex -1.5692564486451688 8.687855484774195 0.0009999999999998899
      vertex -1.5692564486451688 8.687855484774195 5
      vertex -1.478207252018059 8.387706508215857 0.0009999999999998899
    endloop
  endfacet
  facet normal 0.9951847266721968 0.09801714032956073 4.108896772445037e-19
    outer loop
      vertex -1.5692564486451688 8.687855484774195 0.0009999999999998899
      vertex -1.6 9 0.0009999999999998899
      vertex -1.6 9 5
    endloop
  endfacet
  facet normal 0.9951847266721968 -0.09801714032956073 -4.108896772445037e-19
    outer loop
      vertex -1.6 9 0.0009999999999998899
      vertex -1.5692564486451688 9.312144515225805 0.0009999999999998899
      vertex -1.5692564486451688 9.312144515225805 5
    endloop
  endfacet
  facet normal 0.47139673682599736 0.8819212643483552 0
    outer loop
      vertex -0.8889123728313635 7.669648620315927 0.0009999999999998899
      vertex -0.8889123728313635 7.669648620315927 5
      vertex -0.6122934917841437 7.521792747981941 0.0009999999999998899
    endloop
  endfacet
  facet normal 0.9569403357322088 -0.29028467725446233 -8.986764837831171e-19
    outer loop
      vertex -1.5692564486451688 9.312144515225805 0.0009999999999998899
      vertex -1.478207252018059 9.612293491784143 0.0009999999999998899
      vertex -1.478207252018059 9.612293491784143 5
    endloop
  endfacet
  facet normal 0.881921264348355 -0.4713967368259974 1.2606744388234881e-18
    outer loop
      vertex -1.478207252018059 9.612293491784143 0.0009999999999998899
      vertex -1.3303513796840725 9.888912372831363 0.0009999999999998899
      vertex -1.3303513796840725 9.888912372831363 5
    endloop
  endfacet
  facet normal 0.7730104533627367 -0.6343932841636458 3.1742409668879906e-19
    outer loop
      vertex -1.3303513796840725 9.888912372831363 0.0009999999999998899
      vertex -1.1313708498984762 10.131370849898476 0.0009999999999998899
      vertex -1.1313708498984762 10.131370849898476 5
    endloop
  endfacet
  facet normal 0.6343932841636469 -0.7730104533627358 -1.450896319985283e-19
    outer loop
      vertex -1.1313708498984762 10.131370849898476 0.0009999999999998899
      vertex -0.8889123728313635 10.330351379684073 0.0009999999999998899
      vertex -0.8889123728313635 10.330351379684073 5
    endloop
  endfacet
  facet normal 0.47139673682599736 -0.8819212643483552 -1.1789403266239808e-17
    outer loop
      vertex -0.8889123728313635 10.330351379684073 0.0009999999999998899
      vertex -0.6122934917841437 10.47820725201806 0.0009999999999998899
      vertex -0.6122934917841436 10.47820725201806 5
    endloop
  endfacet
  facet normal 0.2902846772544602 -0.9569403357322095 -4.59353171732564e-19
    outer loop
      vertex -0.6122934917841437 10.47820725201806 0.0009999999999998899
      vertex -0.3121445152258052 10.569256448645168 0.0009999999999998899
      vertex -0.3121445152258052 10.569256448645168 5
    endloop
  endfacet
  facet normal 0.09801714032956069 -0.9951847266721968 -4.467496950338843e-19
    outer loop
      vertex -0.3121445152258052 10.569256448645168 0.0009999999999998899
      vertex 0 10.6 0.0009999999999998899
      vertex 0 10.6 5
    endloop
  endfacet
  facet normal 0.881921264348355 0.4713967368259974 0
    outer loop
      vertex -1.3303513796840725 8.111087627168637 0.0009999999999998899
      vertex -1.478207252018059 8.387706508215857 5
      vertex -1.3303513796840725 8.111087627168637 5
    endloop
  endfacet
  facet normal 0.7730104533627378 0.6343932841636445 0
    outer loop
      vertex -1.1313708498984762 7.8686291501015235 0.0009999999999998899
      vertex -1.3303513796840725 8.111087627168637 5
      vertex -1.1313708498984762 7.8686291501015235 5
    endloop
  endfacet
  facet normal 0.6343932841636453 0.7730104533627372 0
    outer loop
      vertex -0.8889123728313635 7.669648620315927 0.0009999999999998899
      vertex -1.1313708498984762 7.8686291501015235 5
      vertex -0.8889123728313635 7.669648620315927 5
    endloop
  endfacet
  facet normal 0.9569403357322088 0.29028467725446233 0
    outer loop
      vertex -1.478207252018059 8.387706508215857 0.0009999999999998899
      vertex -1.5692564486451688 8.687855484774195 5
      vertex -1.478207252018059 8.387706508215857 5
    endloop
  endfacet
  facet normal 0.9951847266721968 0.09801714032956073 0
    outer loop
      vertex -1.5692564486451688 8.687855484774195 0.0009999999999998899
      vertex -1.6 9 5
      vertex -1.5692564486451688 8.687855484774195 5
    endloop
  endfacet
  facet normal 0.9951847266721968 -0.09801714032956073 0
    outer loop
      vertex -1.6 9 0.0009999999999998899
      vertex -1.5692564486451688 9.312144515225805 5
      vertex -1.6 9 5
    endloop
  endfacet
  facet normal 0.47139673682599736 0.8819212643483552 0
    outer loop
      vertex -0.6122934917841437 7.521792747981941 0.0009999999999998899
      vertex -0.8889123728313635 7.669648620315927 5
      vertex -0.6122934917841437 7.521792747981941 5
    endloop
  endfacet
  facet normal 0.9569403357322088 -0.29028467725446233 0
    outer loop
      vertex -1.5692564486451688 9.312144515225805 0.0009999999999998899
      vertex -1.478207252018059 9.612293491784143 5
      vertex -1.5692564486451688 9.312144515225805 5
    endloop
  endfacet
  facet normal 0.881921264348355 -0.4713967368259974 0
    outer loop
      vertex -1.478207252018059 9.612293491784143 0.0009999999999998899
      vertex -1.3303513796840725 9.888912372831363 5
      vertex -1.478207252018059 9.612293491784143 5
    endloop
  endfacet
  facet normal 0.7730104533627367 -0.6343932841636458 0
    outer loop
      vertex -1.3303513796840725 9.888912372831363 0.0009999999999998899
      vertex -1.1313708498984762 10.131370849898476 5
      vertex -1.3303513796840725 9.888912372831363 5
    endloop
  endfacet
  facet normal 0.6343932841636469 -0.7730104533627358 0
    outer loop
      vertex -1.1313708498984762 10.131370849898476 0.0009999999999998899
      vertex -0.8889123728313635 10.330351379684073 5
      vertex -1.1313708498984762 10.131370849898476 5
    endloop
  endfacet
  facet normal 0.47139673682599714 -0.8819212643483552 0
    outer loop
      vertex -0.8889123728313635 10.330351379684073 0.0009999999999998899
      vertex -0.6122934917841436 10.47820725201806 5
      vertex -0.8889123728313635 10.330351379684073 5
    endloop
  endfacet
  facet normal 0.2902846772544603 -0.9569403357322095 -6.446904028481381e-18
    outer loop
      vertex -0.6122934917841437 10.47820725201806 0.0009999999999998899
      vertex -0.3121445152258052 10.569256448645168 5
      vertex -0.6122934917841436 10.47820725201806 5
    endloop
  endfacet
  facet normal 0.09801714032956069 -0.9951847266721968 0
    outer loop
      vertex -0.3121445152258052 10.569256448645168 0.0009999999999998899
      vertex 0 10.6 5
      vertex -0.3121445152258052 10.569256448645168 5
    endloop
  endfacet
  facet normal 0 0 1
    outer loop
      vertex 0 7.4 0.0009999999999998899
      vertex 0.3121445152258052 7.430743551354832 0.0009999999999998899
      vertex 0 9 0.0009999999999998899
    endloop
  endfacet
  facet normal 0 0 1
    outer loop
      vertex 0.3121445152258052 7.430743551354832 0.0009999999999998899
      vertex 0.6122934917841437 7.521792747981941 0.0009999999999998899
      vertex 0 9 0.0009999999999998899
    endloop
  endfacet
  facet normal 0 0 1
    outer loop
      vertex 0 9 0.0009999999999998899
      vertex 0.6122934917841437 7.521792747981941 0.0009999999999998899
      vertex 0.8889123728313635 7.669648620315927 0.0009999999999998899
    endloop
  endfacet
  facet normal 0 0 1
    outer loop
      vertex 0 9 0.0009999999999998899
      vertex 0.8889123728313635 7.669648620315927 0.0009999999999998899
      vertex 1.1313708498984762 7.8686291501015235 0.0009999999999998899
    endloop
  endfacet
  facet normal 0 0 1
    outer loop
      vertex 0 9 0.0009999999999998899
      vertex 1.1313708498984762 7.8686291501015235 0.0009999999999998899
      vertex 1.3303513796840725 8.111087627168637 0.0009999999999998899
    endloop
  endfacet
  facet normal 0 0 1
    outer loop
      vertex 0 9 0.0009999999999998899
      vertex 1.3303513796840725 8.111087627168637 0.0009999999999998899
      vertex 1.478207252018059 8.387706508215857 0.0009999999999998899
    endloop
  endfacet
  facet normal 0 0 1
    outer loop
      vertex 0 9 0.0009999999999998899
      vertex 1.478207252018059 8.387706508215857 0.0009999999999998899
      vertex 1.5692564486451688 8.687855484774195 0.0009999999999998899
    endloop
  endfacet
  facet normal 0 0 1
    outer loop
      vertex 0 9 0.0009999999999998899
      vertex 1.5692564486451688 8.687855484774195 0.0009999999999998899
      vertex 1.6 9 0.0009999999999998899
    endloop
  endfacet
  facet normal 0 0 1
    outer loop
      vertex 0 9 0.0009999999999998899
      vertex 1.5692564486451688 9.312144515225805 0.0009999999999998899
      vertex 1.478207252018059 9.612293491784143 0.0009999999999998899
    endloop
  endfacet
  facet normal 0 0 1
    outer loop
      vertex 0 9 0.0009999999999998899
      vertex 1.6 9 0.0009999999999998899
      vertex 1.5692564486451688 9.312144515225805 0.0009999999999998899
    endloop
  endfacet
  facet normal 0 0 1
    outer loop
      vertex 0 9 0.0009999999999998899
      vertex 0.3121445152258052 10.569256448645168 0.0009999999999998899
      vertex 0 10.6 0.0009999999999998899
    endloop
  endfacet
  facet normal 0 0 1
    outer loop
      vertex 0 9 0.0009999999999998899
      vertex 0.6122934917841437 10.47820725201806 0.0009999999999998899
      vertex 0.3121445152258052 10.569256448645168 0.0009999999999998899
    endloop
  endfacet
  facet normal 0 0 1
    outer loop
      vertex 0 9 0.0009999999999998899
      vertex 1.1313708498984762 10.131370849898476 0.0009999999999998899
      vertex 0.8889123728313635 10.330351379684073 0.0009999999999998899
    endloop
  endfacet
  facet normal 0 0 1
    outer loop
      vertex 0 9 0.0009999999999998899
      vertex 1.3303513796840725 9.888912372831363 0.0009999999999998899
      vertex 1.1313708498984762 10.131370849898476 0.0009999999999998899
    endloop
  endfacet
  facet normal 0 0 1
    outer loop
      vertex 0 9 0.0009999999999998899
      vertex 0.8889123728313635 10.330351379684073 0.0009999999999998899
      vertex 0.6122934917841437 10.47820725201806 0.0009999999999998899
    endloop
  endfacet
  facet normal 0 0 1
    outer loop
      vertex 0 9 0.0009999999999998899
      vertex 1.478207252018059 9.612293491784143 0.0009999999999998899
      vertex 1.3303513796840725 9.888912372831363 0.0009999999999998899
    endloop
  endfacet
  facet normal -0.09801714032956069 0.9951847266721968 0
    outer loop
      vertex 0 7.4 0.0009999999999998899
      vertex 0 7.4 5
      vertex 0.3121445152258052 7.430743551354832 0.0009999999999998899
    endloop
  endfacet
  facet normal -0.2902846772544602 0.9569403357322095 0
    outer loop
      vertex 0.3121445152258052 7.430743551354832 0.0009999999999998899
      vertex 0.3121445152258052 7.430743551354832 5
      vertex 0.6122934917841437 7.521792747981941 0.0009999999999998899
    endloop
  endfacet
  facet normal -0.09801714032956069 0.9951847266721968 0
    outer loop
      vertex 0.3121445152258052 7.430743551354832 0.0009999999999998899
      vertex 0 7.4 5
      vertex 0.3121445152258052 7.430743551354832 5
    endloop
  endfacet
  facet normal -0.2902846772544603 0.9569403357322095 -6.446904028481381e-18
    outer loop
      vertex 0.6122934917841437 7.521792747981941 0.0009999999999998899
      vertex 0.3121445152258052 7.430743551354832 5
      vertex 0.6122934917841436 7.521792747981941 5
    endloop
  endfacet
  facet normal -0.47139673682599736 0.8819212643483552 -1.0469204059959745e-17
    outer loop
      vertex 0.6122934917841437 7.521792747981941 0.0009999999999998899
      vertex 0.6122934917841436 7.521792747981941 5
      vertex 0.8889123728313635 7.669648620315927 0.0009999999999998899
    endloop
  endfacet
  facet normal -0.6343932841636453 0.7730104533627372 0
    outer loop
      vertex 0.8889123728313635 7.669648620315927 0.0009999999999998899
      vertex 0.8889123728313635 7.669648620315927 5
      vertex 1.1313708498984762 7.8686291501015235 0.0009999999999998899
    endloop
  endfacet
  facet normal -0.7730104533627378 0.6343932841636445 0
    outer loop
      vertex 1.1313708498984762 7.8686291501015235 0.0009999999999998899
      vertex 1.1313708498984762 7.8686291501015235 5
      vertex 1.3303513796840725 8.111087627168637 0.0009999999999998899
    endloop
  endfacet
  facet normal -0.881921264348355 0.4713967368259974 0
    outer loop
      vertex 1.3303513796840725 8.111087627168637 0.0009999999999998899
      vertex 1.3303513796840725 8.111087627168637 5
      vertex 1.478207252018059 8.387706508215857 0.0009999999999998899
    endloop
  endfacet
  facet normal -0.9569403357322088 0.29028467725446233 0
    outer loop
      vertex 1.478207252018059 8.387706508215857 0.0009999999999998899
      vertex 1.478207252018059 8.387706508215857 5
      vertex 1.5692564486451688 8.687855484774195 0.0009999999999998899
    endloop
  endfacet
  facet normal -0.9951847266721968 0.09801714032956073 0
    outer loop
      vertex 1.5692564486451688 8.687855484774195 0.0009999999999998899
      vertex 1.5692564486451688 8.687855484774195 5
      vertex 1.6 9 0.0009999999999998899
    endloop
  endfacet
  facet normal -0.9951847266721968 -0.09801714032956073 4.108896772445037e-19
    outer loop
      vertex 1.5692564486451688 9.312144515225805 0.0009999999999998899
      vertex 1.6 9 0.0009999999999998899
      vertex 1.6 9 5
    endloop
  endfacet
  facet normal -0.09801714032956069 -0.9951847266721968 4.467496950338843e-19
    outer loop
      vertex 0 10.6 0.0009999999999998899
      vertex 0.3121445152258052 10.569256448645168 0.0009999999999998899
      vertex 0.3121445152258052 10.569256448645168 5
    endloop
  endfacet
  facet normal -0.2902846772544602 -0.9569403357322095 4.59353171732564e-19
    outer loop
      vertex 0.3121445152258052 10.569256448645168 0.0009999999999998899
      vertex 0.6122934917841437 10.47820725201806 0.0009999999999998899
      vertex 0.6122934917841437 10.47820725201806 5
    endloop
  endfacet
  facet normal -0.47139673682599736 -0.8819212643483552 -1.4868753844204635e-18
    outer loop
      vertex 0.6122934917841437 10.47820725201806 0.0009999999999998899
      vertex 0.8889123728313635 10.330351379684073 0.0009999999999998899
      vertex 0.8889123728313635 10.330351379684073 5
    endloop
  endfacet
  facet normal -0.6343932841636469 -0.7730104533627358 1.450896319985283e-19
    outer loop
      vertex 0.8889123728313635 10.330351379684073 0.0009999999999998899
      vertex 1.1313708498984762 10.131370849898476 0.0009999999999998899
      vertex 1.1313708498984762 10.131370849898476 5
    endloop
  endfacet
  facet normal -0.7730104533627367 -0.6343932841636458 -3.1742409668879906e-19
    outer loop
      vertex 1.1313708498984762 10.131370849898476 0.0009999999999998899
      vertex 1.3303513796840725 9.888912372831363 0.0009999999999998899
      vertex 1.3303513796840725 9.888912372831363 5
    endloop
  endfacet
  facet normal -0.881921264348355 -0.4713967368259974 -1.2606744388234881e-18
    outer loop
      vertex 1.3303513796840725 9.888912372831363 0.0009999999999998899
      vertex 1.478207252018059 9.612293491784143 0.0009999999999998899
      vertex 1.478207252018059 9.612293491784143 5
    endloop
  endfacet
  facet normal -0.9569403357322088 -0.29028467725446233 0
    outer loop
      vertex 1.5692564486451688 9.312144515225805 0.0009999999999998899
      vertex 1.5692564486451688 9.312144515225805 5
      vertex 1.478207252018059 9.612293491784143 0.0009999999999998899
    endloop
  endfacet
  facet normal -0.47139673682599714 0.8819212643483552 0
    outer loop
      vertex 0.8889123728313635 7.669648620315927 0.0009999999999998899
      vertex 0.6122934917841436 7.521792747981941 5
      vertex 0.8889123728313635 7.669648620315927 5
    endloop
  endfacet
  facet normal -0.6343932841636453 0.7730104533627372 0
    outer loop
      vertex 1.1313708498984762 7.8686291501015235 0.0009999999999998899
      vertex 0.8889123728313635 7.669648620315927 5
      vertex 1.1313708498984762 7.8686291501015235 5
    endloop
  endfacet
  facet normal -0.7730104533627378 0.6343932841636445 0
    outer loop
      vertex 1.3303513796840725 8.111087627168637 0.0009999999999998899
      vertex 1.1313708498984762 7.8686291501015235 5
      vertex 1.3303513796840725 8.111087627168637 5
    endloop
  endfacet
  facet normal -0.881921264348355 0.4713967368259974 0
    outer loop
      vertex 1.478207252018059 8.387706508215857 0.0009999999999998899
      vertex 1.3303513796840725 8.111087627168637 5
      vertex 1.478207252018059 8.387706508215857 5
    endloop
  endfacet
  facet normal -0.9569403357322088 0.29028467725446233 0
    outer loop
      vertex 1.5692564486451688 8.687855484774195 0.0009999999999998899
      vertex 1.478207252018059 8.387706508215857 5
      vertex 1.5692564486451688 8.687855484774195 5
    endloop
  endfacet
  facet normal -0.9951847266721968 0.09801714032956073 0
    outer loop
      vertex 1.6 9 0.0009999999999998899
      vertex 1.5692564486451688 8.687855484774195 5
      vertex 1.6 9 5
    endloop
  endfacet
  facet normal -0.9951847266721968 -0.09801714032956073 0
    outer loop
      vertex 1.5692564486451688 9.312144515225805 0.0009999999999998899
      vertex 1.6 9 5
      vertex 1.5692564486451688 9.312144515225805 5
    endloop
  endfacet
  facet normal -0.09801714032956069 -0.9951847266721968 0
    outer loop
      vertex 0 10.6 0.0009999999999998899
      vertex 0.3121445152258052 10.569256448645168 5
      vertex 0 10.6 5
    endloop
  endfacet
  facet normal -0.2902846772544602 -0.9569403357322095 0
    outer loop
      vertex 0.3121445152258052 10.569256448645168 0.0009999999999998899
      vertex 0.6122934917841437 10.47820725201806 5
      vertex 0.3121445152258052 10.569256448645168 5
    endloop
  endfacet
  facet normal -0.47139673682599736 -0.8819212643483552 0
    outer loop
      vertex 0.6122934917841437 10.47820725201806 0.0009999999999998899
      vertex 0.8889123728313635 10.330351379684073 5
      vertex 0.6122934917841437 10.47820725201806 5
    endloop
  endfacet
  facet normal -0.6343932841636469 -0.7730104533627358 0
    outer loop
      vertex 0.8889123728313635 10.330351379684073 0.0009999999999998899
      vertex 1.1313708498984762 10.131370849898476 5
      vertex 0.8889123728313635 10.330351379684073 5
    endloop
  endfacet
  facet normal -0.7730104533627367 -0.6343932841636458 0
    outer loop
      vertex 1.1313708498984762 10.131370849898476 0.0009999999999998899
      vertex 1.3303513796840725 9.888912372831363 5
      vertex 1.1313708498984762 10.131370849898476 5
    endloop
  endfacet
  facet normal -0.881921264348355 -0.4713967368259974 0
    outer loop
      vertex 1.3303513796840725 9.888912372831363 0.0009999999999998899
      vertex 1.478207252018059 9.612293491784143 5
      vertex 1.3303513796840725 9.888912372831363 5
    endloop
  endfacet
  facet normal -0.9569403357322088 -0.29028467725446233 0
    outer loop
      vertex 1.478207252018059 9.612293491784143 0.0009999999999998899
      vertex 1.5692564486451688 9.312144515225805 5
      vertex 1.478207252018059 9.612293491784143 5
    endloop
  endfacet
  facet normal -1 0 0
    outer loop
      vertex -13.5 -15 -3
      vertex -13.5 -15 0
      vertex -13.5 15 0
    endloop
  endfacet
  facet normal 0 0 1
    outer loop
      vertex -13.5 -15 0
      vertex -3.4327484814113065 -9.68281612705645 0
      vertex -13.5 15 0
    endloop
  endfacet
  facet normal 0 0 1
    outer loop
      vertex -13.5 15 0
      vertex -3.4327484814113065 -9.68281612705645 0
      vertex -3.5 -9 0
    endloop
  endfacet
  facet normal 0 0 1
    outer loop
      vertex -13.5 15 0
      vertex -3.5 -9 0
      vertex -3.4327484814113065 -8.31718387294355 0
    endloop
  endfacet
  facet normal 0 -1 0
    outer loop
      vertex -13.5 -15 -3
      vertex 13.5 -15 0
      vertex -13.5 -15 0
    endloop
  endfacet
  facet normal 0 0 1
    outer loop
      vertex -13.5 -15 0
      vertex -0.6828161270564489 -12.432748481411306 0
      vertex -1.3393920132778143 -12.233578363789503 0
    endloop
  endfacet
  facet normal 0 0 1
    outer loop
      vertex -13.5 -15 0
      vertex -1.9444958155686076 -11.910143643058909 0
      vertex -2.4748737341529163 -11.474873734152917 0
    endloop
  endfacet
  facet normal 0 0 1
    outer loop
      vertex -13.5 -15 0
      vertex -2.4748737341529163 -11.474873734152917 0
      vertex -2.9101436430589085 -10.944495815568608 0
    endloop
  endfacet
  facet normal 0 0 1
    outer loop
      vertex -13.5 -15 0
      vertex -2.9101436430589085 -10.944495815568608 0
      vertex -3.2335783637895035 -10.339392013277815 0
    endloop
  endfacet
  facet normal 0 0 1
    outer loop
      vertex -13.5 -15 0
      vertex -3.2335783637895035 -10.339392013277815 0
      vertex -3.4327484814113065 -9.68281612705645 0
    endloop
  endfacet
  facet normal 0 0 1
    outer loop
      vertex -13.5 -15 0
      vertex -1.3393920132778143 -12.233578363789503 0
      vertex -1.9444958155686076 -11.910143643058909 0
    endloop
  endfacet
  facet normal 0 0 1
    outer loop
      vertex -13.5 -15 0
      vertex 0 -12.5 0
      vertex -0.6828161270564489 -12.432748481411306 0
    endloop
  endfacet
  facet normal 0 0 1
    outer loop
      vertex -13.5 -15 0
      vertex 0.6828161270564489 -12.432748481411306 0
      vertex 0 -12.5 0
    endloop
  endfacet
  facet normal 0 0 1
    outer loop
      vertex -13.5 15 0
      vertex -3.4327484814113065 -8.31718387294355 0
      vertex -3.2335783637895035 -7.6606079867221855 0
    endloop
  endfacet
  facet normal -1 0 0
    outer loop
      vertex -13.5 -15 -3
      vertex -13.5 15 0
      vertex -13.5 15 -3
    endloop
  endfacet
  facet normal 0 0 1
    outer loop
      vertex -13.5 15 0
      vertex -3.4327484814113065 8.31718387294355 0
      vertex -3.5 9 0
    endloop
  endfacet
  facet normal 0 0 1
    outer loop
      vertex -13.5 15 0
      vertex -3.5 9 0
      vertex -3.4327484814113065 9.68281612705645 0
    endloop
  endfacet
  facet normal 0 0 -1
    outer loop
      vertex -13.5 -15 -3
      vertex -13.5 15 -3
      vertex 13.5 15 -3
    endloop
  endfacet
  facet normal 0 0 1
    outer loop
      vertex -13.5 15 0
      vertex -3.2335783637895035 -7.6606079867221855 0
      vertex -2.9101436430589085 -7.055504184431392 0
    endloop
  endfacet
  facet normal 0 0 1
    outer loop
      vertex -13.5 15 0
      vertex -2.9101436430589085 -7.055504184431392 0
      vertex -2.4748737341529163 -6.525126265847083 0
    endloop
  endfacet
  facet normal 0 0 1
    outer loop
      vertex -13.5 15 0
      vertex -2.4748737341529163 -6.525126265847083 0
      vertex -1.9444958155686076 -6.089856356941091 0
    endloop
  endfacet
  facet normal 0 0 1
    outer loop
      vertex -13.5 15 0
      vertex -1.9444958155686076 -6.089856356941091 0
      vertex -1.3393920132778143 -5.766421636210497 0
    endloop
  endfacet
  facet normal 0 0 1
    outer loop
      vertex -13.5 15 0
      vertex -1.3393920132778143 -5.766421636210497 0
      vertex -0.6828161270564489 -5.5672515185886935 0
    endloop
  endfacet
  facet normal 0 0 1
    outer loop
      vertex -13.5 15 0
      vertex -0.6828161270564489 -5.5672515185886935 0
      vertex 0 -5.5 0
    endloop
  endfacet
  facet normal 0 0 1
    outer loop
      vertex -13.5 15 0
      vertex 0 -5.5 0
      vertex 0.6828161270564489 -5.5672515185886935 0
    endloop
  endfacet
  facet normal 0 0 1
    outer loop
      vertex -13.5 15 0
      vertex 0.6828161270564489 -5.5672515185886935 0
      vertex 1.3393920132778143 -5.766421636210497 0
    endloop
  endfacet
  facet normal 0 0 1
    outer loop
      vertex -13.5 15 0
      vertex 1.3393920132778143 -5.766421636210497 0
      vertex 1.9444958155686076 -6.089856356941091 0
    endloop
  endfacet
  facet normal 0 0 1
    outer loop
      vertex -13.5 15 0
      vertex 13.5 -15 0
      vertex -1.9444958155686076 6.089856356941091 0
    endloop
  endfacet
  facet normal 0 1 0
    outer loop
      vertex -13.5 15 -3
      vertex -13.5 15 0
      vertex 13.5 15 -3
    endloop
  endfacet
  facet normal 0 0 1
    outer loop
      vertex -13.5 15 0
      vertex -1.9444958155686076 6.089856356941091 0
      vertex -2.4748737341529163 6.525126265847083 0
    endloop
  endfacet
  facet normal 0 0 1
    outer loop
      vertex -13.5 15 0
      vertex -2.9101436430589085 7.055504184431392 0
      vertex -3.2335783637895035 7.6606079867221855 0
    endloop
  endfacet
  facet normal 0 0 1
    outer loop
      vertex -13.5 15 0
      vertex -2.4748737341529163 6.525126265847083 0
      vertex -2.9101436430589085 7.055504184431392 0
    endloop
  endfacet
  facet normal 0 0 1
    outer loop
      vertex -13.5 15 0
      vertex -3.2335783637895035 7.6606079867221855 0
      vertex -3.4327484814113065 8.31718387294355 0
    endloop
  endfacet
  facet normal 0 0 1
    outer loop
      vertex -13.5 15 0
      vertex -3.4327484814113065 9.68281612705645 0
      vertex -3.2335783637895035 10.339392013277815 0
    endloop
  endfacet
  facet normal 0 0 1
    outer loop
      vertex -13.5 15 0
      vertex -3.2335783637895035 10.339392013277815 0
      vertex -2.9101436430589085 10.944495815568608 0
    endloop
  endfacet
  facet normal 0 0 1
    outer loop
      vertex -13.5 15 0
      vertex -2.9101436430589085 10.944495815568608 0
      vertex -2.4748737341529163 11.474873734152917 0
    endloop
  endfacet
  facet normal 0 0 1
    outer loop
      vertex -13.5 15 0
      vertex -2.4748737341529163 11.474873734152917 0
      vertex -1.9444958155686076 11.910143643058909 0
    endloop
  endfacet
  facet normal 0 0 1
    outer loop
      vertex -13.5 15 0
      vertex -1.9444958155686076 11.910143643058909 0
      vertex -1.3393920132778143 12.233578363789503 0
    endloop
  endfacet
  facet normal 0 0 1
    outer loop
      vertex -13.5 15 0
      vertex -1.3393920132778143 12.233578363789503 0
      vertex -0.6828161270564489 12.432748481411306 0
    endloop
  endfacet
  facet normal 0 0 1
    outer loop
      vertex -13.5 15 0
      vertex -0.6828161270564489 12.432748481411306 0
      vertex 0 12.5 0
    endloop
  endfacet
  facet normal 0 0 1
    outer loop
      vertex -13.5 15 0
      vertex 0 12.5 0
      vertex 0.6828161270564489 12.432748481411306 0
    endloop
  endfacet
  facet normal 0 -1 0
    outer loop
      vertex -13.5 -15 -3
      vertex 13.5 -15 -3
      vertex 13.5 -15 0
    endloop
  endfacet
  facet normal 0 0 1
    outer loop
      vertex -13.5 -15 0
      vertex 13.5 -15 0
      vertex 0.6828161270564489 -12.432748481411306 0
    endloop
  endfacet
  facet normal 0 0 1
    outer loop
      vertex 13.5 -15 0
      vertex 1.3393920132778143 -12.233578363789503 0
      vertex 0.6828161270564489 -12.432748481411306 0
    endloop
  endfacet
  facet normal 0 0 1
    outer loop
      vertex 13.5 -15 0
      vertex 1.9444958155686076 -11.910143643058909 0
      vertex 1.3393920132778143 -12.233578363789503 0
    endloop
  endfacet
  facet normal 0 0 1
    outer loop
      vertex 13.5 -15 0
      vertex 2.4748737341529163 -11.474873734152917 0
      vertex 1.9444958155686076 -11.910143643058909 0
    endloop
  endfacet
  facet normal 0 0 1
    outer loop
      vertex 13.5 -15 0
      vertex 2.9101436430589085 -10.944495815568608 0
      vertex 2.4748737341529163 -11.474873734152917 0
    endloop
  endfacet
  facet normal 0 0 1
    outer loop
      vertex 13.5 -15 0
      vertex 3.2335783637895035 -10.339392013277815 0
      vertex 2.9101436430589085 -10.944495815568608 0
    endloop
  endfacet
  facet normal 0 0 1
    outer loop
      vertex 13.5 -15 0
      vertex 3.4327484814113065 -9.68281612705645 0
      vertex 3.2335783637895035 -10.339392013277815 0
    endloop
  endfacet
  facet normal 0 0 1
    outer loop
      vertex 13.5 -15 0
      vertex 3.2335783637895035 -7.6606079867221855 0
      vertex 3.4327484814113065 -8.31718387294355 0
    endloop
  endfacet
  facet normal 0 0 1
    outer loop
      vertex 13.5 -15 0
      vertex 2.4748737341529163 -6.525126265847083 0
      vertex 2.9101436430589085 -7.055504184431392 0
    endloop
  endfacet
  facet normal 0 0 1
    outer loop
      vertex 13.5 -15 0
      vertex 2.9101436430589085 -7.055504184431392 0
      vertex 3.2335783637895035 -7.6606079867221855 0
    endloop
  endfacet
  facet normal 0 0 1
    outer loop
      vertex 13.5 -15 0
      vertex 1.9444958155686076 -6.089856356941091 0
      vertex 2.4748737341529163 -6.525126265847083 0
    endloop
  endfacet
  facet normal 0 0 -1
    outer loop
      vertex -13.5 -15 -3
      vertex 13.5 15 -3
      vertex 13.5 -15 -3
    endloop
  endfacet
  facet normal 0 0 1
    outer loop
      vertex -13.5 15 0
      vertex 1.9444958155686076 -6.089856356941091 0
      vertex 13.5 -15 0
    endloop
  endfacet
  facet normal 0 0 1
    outer loop
      vertex 13.5 -15 0
      vertex -1.3393920132778143 5.766421636210497 0
      vertex -1.9444958155686076 6.089856356941091 0
    endloop
  endfacet
  facet normal 0 0 1
    outer loop
      vertex 13.5 -15 0
      vertex -0.6828161270564489 5.5672515185886935 0
      vertex -1.3393920132778143 5.766421636210497 0
    endloop
  endfacet
  facet normal 0 0 1
    outer loop
      vertex 13.5 -15 0
      vertex 0 5.5 0
      vertex -0.6828161270564489 5.5672515185886935 0
    endloop
  endfacet
  facet normal 0 0 1
    outer loop
      vertex 13.5 -15 0
      vertex 0.6828161270564489 5.5672515185886935 0
      vertex 0 5.5 0
    endloop
  endfacet
  facet normal 0 0 1
    outer loop
      vertex 13.5 -15 0
      vertex 1.3393920132778143 5.766421636210497 0
      vertex 0.6828161270564489 5.5672515185886935 0
    endloop
  endfacet
  facet normal 0 0 1
    outer loop
      vertex 13.5 -15 0
      vertex 1.9444958155686076 6.089856356941091 0
      vertex 1.3393920132778143 5.766421636210497 0
    endloop
  endfacet
  facet normal 0 0 1
    outer loop
      vertex 13.5 -15 0
      vertex 2.4748737341529163 6.525126265847083 0
      vertex 1.9444958155686076 6.089856356941091 0
    endloop
  endfacet
  facet normal 0 0 1
    outer loop
      vertex 13.5 -15 0
      vertex 2.9101436430589085 7.055504184431392 0
      vertex 2.4748737341529163 6.525126265847083 0
    endloop
  endfacet
  facet normal 0 0 1
    outer loop
      vertex 13.5 -15 0
      vertex 3.2335783637895035 7.6606079867221855 0
      vertex 2.9101436430589085 7.055504184431392 0
    endloop
  endfacet
  facet normal 0 0 1
    outer loop
      vertex 13.5 -15 0
      vertex 3.5 -9 0
      vertex 3.4327484814113065 -9.68281612705645 0
    endloop
  endfacet
  facet normal 0 0 1
    outer loop
      vertex 13.5 -15 0
      vertex 3.4327484814113065 -8.31718387294355 0
      vertex 3.5 -9 0
    endloop
  endfacet
  facet normal 1 0 0
    outer loop
      vertex 13.5 -15 -3
      vertex 13.5 15 -3
      vertex 13.5 -15 0
    endloop
  endfacet
  facet normal 0 0 1
    outer loop
      vertex 13.5 -15 0
      vertex 3.4327484814113065 8.31718387294355 0
      vertex 3.2335783637895035 7.6606079867221855 0
    endloop
  endfacet
  facet normal 0 0 1
    outer loop
      vertex -13.5 15 0
      vertex 0.6828161270564489 12.432748481411306 0
      vertex 13.5 15 0
    endloop
  endfacet
  facet normal 0 1 0
    outer loop
      vertex -13.5 15 0
      vertex 13.5 15 0
      vertex 13.5 15 -3
    endloop
  endfacet
  facet normal 0 0 1
    outer loop
      vertex 13.5 15 0
      vertex 1.3393920132778143 12.233578363789503 0
      vertex 1.9444958155686076 11.910143643058909 0
    endloop
  endfacet
  facet normal 0 0 1
    outer loop
      vertex 13.5 15 0
      vertex 3.2335783637895035 10.339392013277815 0
      vertex 3.4327484814113065 9.68281612705645 0
    endloop
  endfacet
  facet normal 0 0 1
    outer loop
      vertex 13.5 15 0
      vertex 2.9101436430589085 10.944495815568608 0
      vertex 3.2335783637895035 10.339392013277815 0
    endloop
  endfacet
  facet normal 0 0 1
    outer loop
      vertex 13.5 15 0
      vertex 2.4748737341529163 11.474873734152917 0
      vertex 2.9101436430589085 10.944495815568608 0
    endloop
  endfacet
  facet normal 0 0 1
    outer loop
      vertex 13.5 15 0
      vertex 1.9444958155686076 11.910143643058909 0
      vertex 2.4748737341529163 11.474873734152917 0
    endloop
  endfacet
  facet normal 0 0 1
    outer loop
      vertex 13.5 15 0
      vertex 0.6828161270564489 12.432748481411306 0
      vertex 1.3393920132778143 12.233578363789503 0
    endloop
  endfacet
  facet normal 0 0 1
    outer loop
      vertex 13.5 -15 0
      vertex 3.5 9 0
      vertex 3.4327484814113065 8.31718387294355 0
    endloop
  endfacet
  facet normal 0 0 1
    outer loop
      vertex 13.5 -15 0
      vertex 13.5 15 0
      vertex 3.5 9 0
    endloop
  endfacet
  facet normal 1 0 0
    outer loop
      vertex 13.5 -15 0
      vertex 13.5 15 -3
      vertex 13.5 15 0
    endloop
  endfacet
  facet normal 0 0 1
    outer loop
      vertex 13.5 15 0
      vertex 3.4327484814113065 9.68281612705645 0
      vertex 3.5 9 0
    endloop
  endfacet
endsolid OpenSCAD_Model
